{"type":"Topology","bbox":[68.18624899229724,6.755952899606655,97.41529266802229,37.078268059623326],"objects":{"states":{"type":"GeometryCollection","geometries":[{"type":"MultiPolygon","arcs":[[[0]],[[1]],[[2]],[[3]],[[4]],[[5]],[[6]],[[7]],[[8]],[[9]],[[10]],[[11]],[[12]],[[13]],[[14]],[[15]],[[16]],[[17]],[[18]],[[19]],[[20]],[[21]],[[22]],[[23]],[[24]],[[25]],[[26]],[[27]],[[28]],[[29]],[[30]],[[31]],[[32]],[[33]],[[34]],[[35]],[[36]],[[37]],[[38]],[[39]],[[40]],[[41]],[[42]],[[43]],[[44]],[[45]],[[46]],[[47]],[[48]],[[49]],[[50]],[[51]],[[52]],[[53]],[[54]],[[55]],[[56]],[[57]],[[58]],[[59]],[[60]],[[61]],[[62]],[[63]],[[64]],[[65]],[[66]],[[67]],[[68]],[[69]],[[70]],[[71,72,73,74]],[[75]],[[76]],[[77]],[[78]],[[79,80,-72,81]],[[82]],[[83]],[[84]],[[85]],[[86]],[[87]],[[88]],[[89]],[[90]],[[91]],[[92]],[[93]],[[94]],[[95]],[[96]],[[97]],[[98]],[[99]],[[100]],[[101]],[[102]],[[103]],[[104]],[[105]],[[106]],[[107]],[[108]],[[109]],[[110]],[[111]],[[112]],[[113]],[[114]],[[115]],[[116]],[[117]],[[118]],[[119]],[[120]],[[121]],[[122]],[[123]],[[124]],[[125]],[[126]],[[127]],[[128]],[[129]],[[130]],[[131]],[[132]],[[133]],[[134]],[[135]],[[136]],[[137]],[[138]],[[139]],[[140]],[[141]],[[142]],[[143]],[[144]],[[145]],[[146]],[[147]],[[148]],[[149]],[[150]],[[151]],[[152]],[[153]],[[154]],[[155]],[[156]],[[157]],[[158]],[[159]],[[160]],[[161]],[[162]],[[163]],[[164]],[[165]],[[166]],[[167]],[[168]],[[169]],[[170]],[[171]],[[172]],[[173]],[[174]],[[175]],[[176]],[[177]],[[178]],[[179]],[[180]],[[181]],[[182]],[[183]],[[184]],[[185]],[[186]],[[187]],[[188]],[[189]],[[190]]],"properties":{"code":"AN","name":"Andaman & Nicobar Island"}},{"type":"MultiPolygon","arcs":[[[191]],[[192,193,194,195,196],[197],[198]]],"properties":{"code":"AP","name":"Andhra Pradesh"}},{"type":"Polygon","arcs":[[199,200,201]],"properties":{"code":"AR","name":"Arunanchal Pradesh"}},{"type":"MultiPolygon","arcs":[[[202]],[[203,204,205,206,207,208,209,210,211,212,213,-201],[214],[215]]],"properties":{"code":"AS","name":"Assam"}},{"type":"MultiPolygon","arcs":[[[216]],[[217,218,219,220,221,222,223,224]]],"properties":{"code":"BR","name":"Bihar"}},{"type":"Polygon","arcs":[[225,226]],"properties":{"code":"CH","name":"Chandigarh"}},{"type":"Polygon","arcs":[[227,228,229,230,231,232,233,234,235,236],[237]],"properties":{"code":"CG","name":"Chhattisgarh"}},{"type":"Polygon","arcs":[[238,239]],"properties":{"code":"DD","name":"Dadara & Nagar Havelli"}},{"type":"MultiPolygon","arcs":[[[240,241]],[[242,242,242]],[[243]],[[244,245]],[[246,247]]],"properties":{"code":"DD","name":"Daman & Diu"}},{"type":"MultiPolygon","arcs":[[[248]],[[249,250,251]]],"properties":{"code":"GA","name":"Goa"}},{"type":"MultiPolygon","arcs":[[[252]],[[253]],[[254]],[[255]],[[256]],[[257]],[[258]],[[259]],[[260]],[[261]],[[262]],[[263]],[[264]],[[265]],[[266,267]],[[268,269]],[[270,271,272,273]],[[274,274,274]],[[275,-276,276]],[[277,278]],[[279,-280,280]],[[281,282]],[[283]],[[284]],[[285]],[[286]],[[287]],[[288]],[[289]],[[290]],[[291,292]],[[293,294]],[[295,295,295]],[[296,-297,297]],[[298,-299,299]],[[300,301]],[[302,-303,303]],[[304]],[[305,305,305]],[[306,307]],[[308,309]],[[310,311]],[[312]],[[313,314]],[[315,316]],[[317,318]],[[319,-320,320]],[[321,-322,322]],[[323,324]],[[325,326]],[[327,-328,328]],[[329,-330,330]],[[331,-332,332]],[[333,333,333]],[[334,-335,335]],[[336,-337,337]],[[338,-339,339]],[[340,340,340]],[[341,341,341]],[[342,343]],[[344,-345,345]],[[346]],[[347]],[[348,-349,349]],[[350,-351,351]],[[352,353]],[[354,354,354]],[[355,355,355]],[[356,356,356]],[[357,357,357]],[[358,358,358]],[[359]],[[360]],[[361,361,361]],[[362,362,362]],[[363]],[[364]],[[365]],[[366]],[[367]],[[368]],[[369]],[[370]],[[371]],[[372]],[[373]],[[374]],[[375]],[[376]],[[377]],[[378]],[[379]],[[380]],[[381]],[[382]],[[383]],[[384]],[[385]],[[386]],[[387]],[[388]],[[389]],[[390]],[[391]],[[392]],[[393]],[[394]],[[395]],[[396]],[[397]],[[398]],[[399]],[[400]],[[401]],[[402]],[[403]],[[404,405]],[[406,407]],[[408,408,408]],[[409]],[[410]],[[411]],[[412]],[[413]],[[414]],[[415]],[[416]],[[417]],[[418]],[[419]],[[420]],[[421]],[[422]],[[423]],[[424]],[[425]],[[426]],[[427]],[[428]],[[429]],[[430]],[[431]],[[432]],[[433]],[[434]],[[435]],[[436]],[[437]],[[438]],[[439]],[[440]],[[441]],[[442]],[[443]],[[444]],[[445]],[[446]],[[447]],[[448]],[[449]],[[450]],[[451]],[[452]],[[453]],[[454]],[[455]],[[456]],[[457]],[[458]],[[459]],[[460]],[[461]],[[462]],[[463]],[[464]],[[465]],[[466]],[[467]],[[468]],[[469]],[[470]],[[471]],[[472]],[[473]],[[474]],[[475]],[[476]],[[477]],[[478]],[[479]],[[480]],[[481]],[[482]],[[483]],[[484]],[[485]],[[486]],[[487]],[[488]],[[489]],[[490]],[[491]],[[492]],[[493]],[[494]],[[495]],[[496]],[[497]],[[498]],[[499]],[[500]],[[501]],[[502]],[[503]],[[504]],[[505]],[[506]],[[507]],[[508]],[[509]],[[510]],[[-270,511,-274,-273,512,513,-276,514,-278,515,279,516,-283,517,518,-292,-294,519,-297,520,-299,-301,521,-303,522,-317,523,-327,524,525,-335,526,-337,527,-339,528,529,530,-344,-345,531,-349,532,-351,533,-353,534,535,536,537,538,539,540,541,542,543,544,545,-308,-310,-311,546,-314,547,-318,548,319,549,321,550,-325,551,327,552,329,553,331,554,-247,555,556,-245,557,558,559,-408,560,-406,561,562,563,564,565,566,-240,567,568,-242,569,-267,570],[571],[572],[573]]],"properties":{"code":"GJ","name":"Gujarat"}},{"type":"Polygon","arcs":[[574,575,576,577,578,579,580,581,582,583,584,585,586,587,588,-226,589,590],[591],[592]],"properties":{"code":"HR","name":"Haryana"}},{"type":"Polygon","arcs":[[593,594,595,-578,596,-576,597,-591,598,599]],"properties":{"code":"HP","name":"Himachal Pradesh"}},{"type":"Polygon","arcs":[[-600,600,601]],"properties":{"code":"JK","name":"Jammu & Kashmir"}},{"type":"Polygon","arcs":[[602,603,-229,604,-237,605,-221,606,-219],[-217]],"properties":{"code":"JH","name":"Jharkhand"}},{"type":"MultiPolygon","arcs":[[[607]],[[608]],[[609]],[[610]],[[611]],[[612]],[[613]],[[614]],[[615]],[[616]],[[617]],[[618]],[[619]],[[620]],[[621]],[[622]],[[623]],[[624]],[[625]],[[626]],[[627,-195,628,629,630,-250,631]],[[632]]],"properties":{"code":"KA","name":"Karnataka"}},{"type":"Polygon","arcs":[[633,634,635,636,-630],[637,638,639,640]],"properties":{"code":"KL","name":"Kerala"}},{"type":"MultiPolygon","arcs":[[[641]],[[642]],[[643]],[[644]],[[645]],[[646]],[[647]],[[648]],[[649]],[[650]],[[651]],[[652]],[[653]],[[654]],[[655]],[[656]],[[657]],[[658]],[[659]],[[660]],[[661]]],"properties":{"code":"LD","name":"Lakshadweep"}},{"type":"MultiPolygon","arcs":[[[-573]],[[662]],[[-235,663,-233,664,-566,665,666,667,668,669,670],[671],[672],[673],[674]]],"properties":{"code":"MP","name":"Madhya Pradesh"}},{"type":"MultiPolygon","arcs":[[[675]],[[676]],[[677]],[[-232,678,-632,-252,679,-568,-239,-567,-665],[-633],[-627]]],"properties":{"code":"MH","name":"Maharashtra"}},{"type":"Polygon","arcs":[[680,681,-205,682]],"properties":{"code":"MN","name":"Manipur"}},{"type":"Polygon","arcs":[[683,-211,684,-209]],"properties":{"code":"ML","name":"Meghalaya"}},{"type":"Polygon","arcs":[[-682,685,686,-206]],"properties":{"code":"MZ","name":"Mizoram"}},{"type":"Polygon","arcs":[[687,-683,-204,-200]],"properties":{"code":"NL","name":"Nagaland"}},{"type":"Polygon","arcs":[[688,-580]],"properties":{"code":"DL","name":"NCT of Delhi"}},{"type":"MultiPolygon","arcs":[[[689,690,691,692,693,694,695,696,697,698,699,700,701,702,703,704,705,706,707,708,709,710,711,712,713,714,715,716,717,718,719,720,721]],[[722,-636]],[[723,-641,724,-639]],[[725,726]],[[727]],[[728,729,730,731,732,733,734,735,736,737,738,739,740,741,742,743,744,745,746,747,748,749,750]],[[751]],[[752,753]],[[754,755]],[[756]],[[757,758,759,760,761,762]],[[763,764,765,766,767,768,769,770,771,772,773,774,775,776,777,778,779,780,781,782,783,784],[785,786,787,788,789,790,791]],[[792,793,794,795]],[[-198]]],"properties":{"code":"PY","name":"Puducherry"}},{"type":"Polygon","arcs":[[-590,-227,-589,796,-587,797,-585,798,799,800,801,802,-601,-599]],"properties":{"code":"PB","name":"Punjab"}},{"type":"Polygon","arcs":[[803,804,-799,-584,805,-582,806,-670,807,-668,808,-666,-565,809,-563,810,-802],[811],[812]],"properties":{"code":"RJ","name":"Rajasthan"}},{"type":"Polygon","arcs":[[813,814]],"properties":{"code":"SK","name":"Sikkim"}},{"type":"MultiPolygon","arcs":[[[815]],[[816]],[[817]],[[818]],[[819]],[[820]],[[821]],[[822]],[[823]],[[824]],[[825]],[[826]],[[827]],[[828]],[[829]],[[830]],[[831]],[[832]],[[833]],[[834]],[[835]],[[836]],[[837]],[[838]],[[839]],[[840]],[[841,842,-789,843,-787,844,-792]],[[-199]],[[845]],[[846]],[[847]],[[848]],[[849,-781,850,-779,851,-777,852,-775,853,773,-774,-773,854,-771,855,-737,856,857,858,-733,859,860,-730,861,-751,862,-749,863,-747,864,-745,865,-743,866,-741,867,-739,868,-722,869,-720,870,-718,871,872,-715,873,874,-712,875,-710,876,-708,877,-706,878,-704,879,880,-701,881,882,883,-697,884,-695,885,886,887,-691,888,-634,-629,-194,889,-795,890,-793,891,-769,892,-767,893,-765,894,-785,895,-783,896,897],[898,-754],[-759,899,-763,900,-761,901],[902,-756],[-757],[-752],[-728],[-727,903],[904],[905],[906]]],"properties":{"code":"TN","name":"Tamil Nadu"}},{"type":"Polygon","arcs":[[-231,907,-196,-628,-679]],"properties":{"code":"TS","name":"Telangana"}},{"type":"Polygon","arcs":[[-207,-687,908]],"properties":{"code":"TR","name":"Tripura"}},{"type":"MultiPolygon","arcs":[[[-673]],[[-674]],[[-675]],[[909,-224,910,-222,-606,-236,-671,-807,-581,-689,-579,-596,911],[912],[-663]]],"properties":{"code":"UP","name":"Uttar Pradesh"}},{"type":"Polygon","arcs":[[-912,-595,913]],"properties":{"code":"UK","name":"Uttarakhand"}},{"type":"MultiPolygon","arcs":[[[914]],[[915]],[[916]],[[917]],[[918]],[[919]],[[920]],[[921]],[[922]],[[923]],[[924]],[[925]],[[926]],[[927]],[[928]],[[929]],[[930]],[[931]],[[932]],[[933]],[[934]],[[935]],[[936]],[[937]],[[938]],[[939]],[[940]],[[941]],[[942]],[[943]],[[944]],[[945]],[[946]],[[947]],[[948]],[[949]],[[950]],[[951]],[[952]],[[953]],[[954]],[[955]],[[956]],[[957]],[[958]],[[959]],[[960]],[[961]],[[962]],[[963]],[[964]],[[965]],[[966]],[[967]],[[968]],[[969]],[[970]],[[971]],[[972]],[[973]],[[974]],[[975]],[[976]],[[977]],[[978]],[[979]],[[980]],[[981]],[[982]],[[983]],[[984]],[[985]],[[986]],[[987]],[[988]],[[989]],[[990]],[[991]],[[992]],[[993]],[[994]],[[995]],[[996]],[[997]],[[998]],[[999]],[[1000]],[[1001]],[[1002]],[[1003]],[[1004]],[[1005]],[[1006]],[[1007]],[[1008]],[[1009]],[[1010]],[[1011]],[[1012]],[[1013]],[[1014]],[[1015]],[[1016]],[[1017]],[[1018]],[[1019]],[[1020]],[[1021]],[[1022]],[[1023]],[[1024]],[[1025]],[[1026]],[[1027]],[[1028]],[[1029]],[[1030]],[[1031]],[[1032]],[[1033]],[[1034]],[[-216]],[[1035,-213,1036,1037,-603,-218,1038,-814],[1039],[-203]]],"properties":{"code":"WB","name":"West Bengal"}},{"type":"MultiPolygon","arcs":[[[1040]],[[1041]],[[1042]],[[1043]],[[1044]],[[1045]],[[1046]],[[1047]],[[1048]],[[1049]],[[1050]],[[1051]],[[1052]],[[-1038,1053,-197,-908,-230,-604]]],"properties":{"code":"OD","name":"Odisha"}}]}},"arcs":[[[93.71982772145091,7.207153461193319],[93.71982772145091,7.207153461193319]],[[93.84872909307457,7.240508341418139],[93.84259093252106,7.227772841695935],[93.85223661339086,7.214734115789868],[93.86772816145447,7.217463151444627],[93.8826351227987,7.203817973170836],[93.88058906928087,7.171979223865326],[93.88760410991345,7.156211462304502],[93.88731181655376,7.0870758923839645],[93.90104960445923,7.079192011603553],[93.91449509900501,7.055237143078454],[93.91654115252285,7.02582420324384],[93.94109379473687,7.01672741772798],[93.94606278185162,6.995501584857639],[93.92355619315542,7.011572572602325],[93.9147873923647,6.995804811041501],[93.9276483001911,6.9879209302610885],[93.92910976698955,6.973366073435712],[93.94430902169347,6.959417668978061],[93.93027894042831,6.956082180955578],[93.90952611189027,6.9300047291434455],[93.91654115252285,6.913933741398759],[93.90104960445923,6.90786921772152],[93.89666520406386,6.892101456160695],[93.89374227046696,6.846920754765256],[93.91040299196933,6.833275576491466],[93.89754208414294,6.807198124679333],[93.88234282943901,6.794765851140991],[93.86918962825293,6.816294910195194],[93.85399037354901,6.8159916840113315],[93.84902138643426,6.791127136934647],[93.83557589188848,6.757469030525964],[93.80693114263877,6.7638367803870665],[93.80780802271785,6.786578744176717],[93.81599223678919,6.81720458874678],[93.80166986216435,6.814778779275883],[93.78734748753949,6.83084976702057],[93.79523940825115,6.851469147523186],[93.78150162034567,6.85662399264884],[93.77214823283556,6.877546599335319],[93.78120932698599,6.892101456160695],[93.76717924572083,6.896346622734763],[93.76279484532546,6.91696600323738],[93.75461063125411,6.908172443905381],[93.7423343101471,6.9248498840177914],[93.75227228437659,6.9306111815111695],[93.74701100390214,6.961237026081232],[93.7359038562339,6.960024121345784],[93.73181174919823,6.981856406583849],[93.69059838548182,7.017333870095703],[93.6654611565484,7.003688691821913],[93.67393766397944,7.024914524692253],[93.66458427646933,7.043108095723974],[93.66838409014531,7.085559761464655],[93.65990758271428,7.104056558680237],[93.6748145440585,7.113456570379959],[93.65669235575768,7.114972701299269],[93.6561077690383,7.126798522469887],[93.67890665109418,7.148327581524089],[93.67393766397944,7.17561793807167],[93.69322902571903,7.191688925816356],[93.71427414761678,7.191992152000219],[93.72538129528503,7.184108271219806],[93.7519799910169,7.207759913561043],[93.77068676603712,7.206547008825595],[93.78530143402165,7.215643794341455],[93.80488508912094,7.203211520803112],[93.80985407623568,7.228682520247521],[93.82125351726363,7.237476079579519],[93.84872909307457,7.240508341418139]],[[93.84317551924045,7.2899342093876465],[93.84317551924045,7.2899342093876465]],[[93.77010217931773,7.394547242820038],[93.77010217931773,7.394547242820038]],[[93.68972150540274,7.39636659992321],[93.68972150540274,7.39636659992321]],[[93.71281268081833,7.443669884605683],[93.72012001481059,7.430631158699617],[93.72479670856565,7.397579504658658],[93.75636439141226,7.374534314685146],[93.75694897813165,7.357856874572735],[93.7391190831905,7.342392339195773],[93.72421212184626,7.308127780419366],[93.69965947963223,7.302669709109851],[93.67832206437481,7.280837423871786],[93.67013785030346,7.26021804336917],[93.64704667488789,7.243843829440621],[93.62950907330644,7.269011602701168],[93.63506264714056,7.28599226899744],[93.62161715259478,7.310856816074125],[93.63623182057933,7.3202568277738465],[93.63272430026304,7.370289148111078],[93.65055419520417,7.368773017191767],[93.66341510303057,7.381508516913971],[93.67364537061975,7.3730181837658355],[93.68446022492832,7.38726981440735],[93.70813598706327,7.394244016636176],[93.71281268081833,7.443669884605683]],[[93.6528925420817,7.4715666935209875],[93.6528925420817,7.4715666935209875]],[[93.63418576706148,7.47641831246278],[93.63418576706148,7.47641831246278]],[[93.54562087907516,7.511592549790772],[93.54562087907516,7.511592549790772]],[[93.38252118436768,8.022831895782113],[93.40736611994139,8.009793169876048],[93.40239713282665,7.974618932548054],[93.39596667891345,7.970373765973986],[93.4161349207321,7.959154397171092],[93.43221105551511,7.96643182558378],[93.4360108691911,7.956425361516334],[93.46290185828265,7.934289850094407],[93.47488588602997,7.892444636721451],[93.46202497820357,7.873341387138145],[93.45442535085161,7.874554291873593],[93.44244132310429,7.899115612766415],[93.4260728949616,7.906999493546827],[93.39859731915067,7.903057553156621],[93.37930595741106,7.88334785120559],[93.35183038160012,7.8927478629053125],[93.34393846088847,7.921554350372203],[93.35183038160012,7.930954362071925],[93.31997040539383,7.931560814439649],[93.3109093112434,7.962186659009712],[93.32377021906981,7.97401248018033],[93.32318563235043,7.990993146476603],[93.33692342025589,8.011612526979219],[93.35416872847765,8.007973812772875],[93.37082944998004,8.022225443414388],[93.38252118436768,8.022831895782113]],[[93.54766693259299,8.026167383804594],[93.5634507740163,8.024954479069148],[93.5824498423962,7.992206051212051],[93.58098837559776,7.938535016668475],[93.57748085528146,7.9294382311526155],[93.563743067376,7.93762533811689],[93.50820732903473,7.984625396615501],[93.53217538452938,8.006154455669703],[93.53509831812629,8.024348026701423],[93.55146674626897,7.9964512177861184],[93.54766693259299,8.026167383804594]],[[93.58040378887837,8.12380621500816],[93.59063405646755,8.100457798850787],[93.59034176310786,8.069528728096863],[93.60057203069704,8.0452706333879],[93.59384928342415,8.038599657342937],[93.57192728144733,8.067102918625967],[93.58303442911559,8.072864216119344],[93.56958893456981,8.095302953725133],[93.57368104160548,8.108038453447337],[93.56286618729692,8.12047072698568],[93.58040378887837,8.12380621500816]],[[93.52603722397588,8.231754736463035],[93.54415941227671,8.22356762949876],[93.54532858571547,8.200522439525248],[93.5348060247666,8.183541773228976],[93.51083796927195,8.168683690219737],[93.50382292863937,8.148973988268708],[93.53159079781,8.10561264397644],[93.5470823458736,8.089844882415616],[93.55234362634805,8.064070656787345],[93.54971298611083,8.035567395504318],[93.53159079781,8.04951579996197],[93.52603722397588,8.033141586033421],[93.50820732903473,8.034051264585008],[93.50733044895566,8.005548003301978],[93.49242348761143,8.000696384360186],[93.4865776204176,8.015857693553286],[93.4868699137773,8.046483538123349],[93.5064535688766,8.041631919181558],[93.51054567591225,8.068012597177551],[93.51376090286885,8.048909347594245],[93.52574493061618,8.052851287984451],[93.52428346381772,8.083477132554513],[93.48482386025947,8.055580323639209],[93.48102404658349,8.086812620576996],[93.46611708523925,8.10864490581506],[93.45588681765007,8.14624495261395],[93.45471764421131,8.174748213896978],[93.47868569970595,8.186270808883734],[93.49096202081297,8.199612760973663],[93.49183890089205,8.219928915292417],[93.52603722397588,8.231754736463035]],[[93.23491303772379,8.264503164320132],[93.24923541234864,8.240851521978895],[93.2506968791471,8.227509569888966],[93.23578991780286,8.225083760418071],[93.22029836973925,8.245703140920687],[93.23491303772379,8.264503164320132]],[[93.12734908135755,8.355471019478733],[93.14284062942117,8.346980686330596],[93.13144118839323,8.310290318083293],[93.1258876145591,8.276632211674611],[93.15277860365066,8.243883783817514],[93.20334535487717,8.216896653453796],[93.20188388807873,8.196883725318905],[93.16593180483675,8.201128891892973],[93.12062633408468,8.224174081866485],[93.10162726570476,8.24630959328841],[93.08496654420239,8.27632898549075],[93.08555113092177,8.30665160387695],[93.09548910515126,8.339400031734046],[93.12734908135755,8.355471019478733]],[[93.6432468612119,8.393677518645346],[93.6432468612119,8.393677518645346]],[[93.64558520808943,8.39428397101307],[93.64558520808943,8.39428397101307]],[[93.63447806042117,8.397013006667828],[93.63447806042117,8.397013006667828]],[[93.04433776720535,8.471303421714019],[93.05632179495268,8.460993731462711],[93.05719867503176,8.440374350960095],[93.04463006056505,8.441587255695543],[93.03556896641463,8.455535660153195],[93.04433776720535,8.471303421714019]],[[93.61430981860251,8.575310002778687],[93.62044797915601,8.562574503056483],[93.62190944595447,8.532555110854144],[93.63564723385994,8.522245420602836],[93.64207768777314,8.466451802772227],[93.62687843306921,8.467664707507675],[93.61927880571726,8.48070343341374],[93.62921677994674,8.488890540378016],[93.62629384634984,8.511026051799941],[93.61109459164591,8.544380932024762],[93.61430981860251,8.575310002778687]],[[93.60875624476839,8.58167775263979],[93.60875624476839,8.58167775263979]],[[92.79471923802937,9.239072119252617],[92.81839500016433,9.215117250727518],[92.83184049471011,9.163568799470976],[92.82979444119228,9.138097800026568],[92.80261115874103,9.119601002810986],[92.78244291692235,9.119297776627125],[92.76928971573626,9.128697788326846],[92.7333376324943,9.12323971701733],[92.71959984458883,9.14567845462312],[92.72106131138727,9.211781762705035],[92.72456883170356,9.219059191117724],[92.74649083368038,9.212994667440483],[92.7716280626138,9.221181774404759],[92.77893539660607,9.244530190562132],[92.7745509962107,9.256052785548889],[92.79471923802937,9.239072119252617]],[[92.51850201312152,10.897416118793924],[92.55854620339917,10.862545107649794],[92.55620785652164,10.844654762801934],[92.56322289715422,10.827674096505662],[92.56351519051391,10.803719227980565],[92.58719095264887,10.787648240235878],[92.58222196553413,10.743377217392025],[92.59683663351868,10.705473944409274],[92.5962520467993,10.67757713549397],[92.58105279209536,10.676970683126246],[92.57812985849846,10.653925493152734],[92.55036198932783,10.63542869593715],[92.53983942837895,10.614506089250673],[92.54480841549369,10.591764125461022],[92.56906876434803,10.579938304290405],[92.54773134909061,10.554164078662133],[92.52960916078978,10.517170484230968],[92.49921065138193,10.510802734369866],[92.48196534316017,10.517776936598693],[92.46267398142056,10.535667281446552],[92.4331523520918,10.548402781168756],[92.41853768410725,10.54749310261717],[92.4007077891661,10.53111888868862],[92.38258560086527,10.541125352756067],[92.41006117667621,10.582970566129024],[92.4202914442654,10.610564148860467],[92.40976888331653,10.646344838556184],[92.39427733525291,10.666357766691075],[92.38258560086527,10.667570671426525],[92.38287789422498,10.721848158337822],[92.37820120046992,10.73791914608251],[92.38170872078621,10.763086919343056],[92.37703202703115,10.783099847477947],[92.39544650869168,10.777945002352293],[92.41912227082663,10.79553212101629],[92.42730648489797,10.814938596783458],[92.44689013999727,10.83646765583766],[92.45712040758644,10.838287012940832],[92.45653582086706,10.860119298178898],[92.47875011620357,10.870428988430206],[92.49336478418812,10.889835464197374],[92.51850201312152,10.897416118793924]],[[92.61028212806445,10.938351653615294],[92.61028212806445,10.938351653615294]],[[92.22708553350975,10.982016224091424],[92.22708553350975,10.982016224091424]],[[92.66406410624757,10.982925902643009],[92.66406410624757,10.982925902643009]],[[92.72427653834387,11.141513196802837],[92.72427653834387,11.141513196802837]],[[92.7333376324943,11.147880946663939],[92.7333376324943,11.147880946663939]],[[92.67780189415303,11.183055183991932],[92.67780189415303,11.183055183991932]],[[92.70644664340273,11.28857789597591],[92.70586205668336,11.263713348899227],[92.69738554925232,11.261893991796054],[92.6950472023748,11.284332729401843],[92.70644664340273,11.28857789597591]],[[92.72427653834387,11.331939240268177],[92.72427653834387,11.331939240268177]],[[92.54948510924875,11.397436095982371],[92.54948510924875,11.397436095982371]],[[92.56234601707516,11.397739322166233],[92.56234601707516,11.397739322166233]],[[92.61554340853888,11.510236236379036],[92.61554340853888,11.510236236379036]],[[92.64184981091105,11.510236236379036],[92.64448045114827,11.501442677047038],[92.66727933320416,11.491739439163453],[92.68481693478562,11.433216785678088],[92.67195602695921,11.427152262000847],[92.66026429257158,11.40653288149823],[92.68920133518097,11.39106834612127],[92.69095509533912,11.370752191802513],[92.63015807652343,11.350132811299897],[92.59479058000083,11.34922313274831],[92.58163737881475,11.36711347759617],[92.59274452648299,11.379848977318375],[92.58806783272794,11.401378036372577],[92.61875863549548,11.401681262556439],[92.6246045026893,11.408655464785266],[92.62431220932962,11.441707118826223],[92.61145130150321,11.458687785122496],[92.62080468901331,11.497803962840695],[92.63600394371724,11.517513664791725],[92.64184981091105,11.510236236379036]],[[92.60443626087063,11.535100783455722],[92.60443626087063,11.535100783455722]],[[92.56029996355731,11.538133045294341],[92.56673041747051,11.517816890975586],[92.55270033620535,11.531158843065516],[92.56029996355731,11.538133045294341]],[[92.62781972964589,11.542074985684547],[92.62781972964589,11.542074985684547]],[[92.60998983470475,11.558449199613095],[92.61992780893425,11.558145973429234],[92.61086671478382,11.531462069249377],[92.60180562063341,11.553294354487441],[92.60998983470475,11.558449199613095]],[[92.57433004482247,11.562391140003301],[92.57433004482247,11.562391140003301]],[[92.5673150041899,11.570881473151438],[92.5673150041899,11.570881473151438]],[[92.59712892687836,11.54237821186841],[92.58806783272794,11.533887878720272],[92.58485260577135,11.552081449751993],[92.59245223312331,11.577855675380263],[92.59712892687836,11.54237821186841]],[[92.57900673857753,11.584829877609089],[92.57900673857753,11.584829877609089]],[[92.6117435948629,11.588165365631571],[92.61934322221487,11.57300405643847],[92.61466652845981,11.562391140003301],[92.60151332727372,11.567242758945094],[92.60122103391403,11.585739556160675],[92.6117435948629,11.588165365631571]],[[92.59391369992176,11.590287948918606],[92.59391369992176,11.590287948918606]],[[92.22971617374697,11.587558913263848],[92.26332991011141,11.589681496550881],[92.27063724410368,11.584223425241365],[92.2697603640246,11.52297173610124],[92.21743985263996,11.52752012885917],[92.20808646512984,11.548139509361787],[92.21539379912211,11.571487925519161],[92.20808646512984,11.586042782344538],[92.22971617374697,11.587558913263848]],[[92.54100860181771,11.603326674824672],[92.5451007088534,11.59241053220564],[92.56673041747051,11.593016984573364],[92.56556124403176,11.574823413541644],[92.55386950964412,11.56208791381944],[92.53253209438668,11.5711846993353],[92.53253209438668,11.596352472595846],[92.54100860181771,11.603326674824672]],[[92.69855472269109,11.663971911597073],[92.69855472269109,11.663971911597073]],[[92.76578219541997,11.677617089870864],[92.76578219541997,11.677617089870864]],[[93.08525883756208,11.789810777899806],[93.08525883756208,11.789810777899806]],[[93.03147685937896,11.836810836398417],[93.06362912894495,11.844694717178829],[93.07122875629692,11.833778574559796],[93.05807555511083,11.814978551160351],[93.04433776720535,11.815281777344214],[93.01540072459596,11.830443086537315],[93.01277008435875,11.849546336120621],[93.03147685937896,11.836810836398417]],[[92.6020979139931,11.917772227489571],[92.6020979139931,11.917772227489571]],[[92.56526895067205,11.950217429162805],[92.56526895067205,11.950217429162805]],[[92.73246075241522,11.954765821920736],[92.73246075241522,11.954765821920736]],[[92.74356790008348,11.965075512172046],[92.74356790008348,11.965075512172046]],[[92.7555519278308,11.967198095459079],[92.76724366221843,11.954765821920736],[92.7456139536013,11.945365810221015],[92.7397680864075,11.962043250333425],[92.7555519278308,11.967198095459079]],[[92.59479058000083,11.976901333342663],[92.60940524798538,11.942030322198532],[92.59654434015897,11.929901274844052],[92.59479058000083,11.976901333342663]],[[92.58426801905196,11.982056178468316],[92.58426801905196,11.982056178468316]],[[92.77601246300915,12.018140094347896],[92.77601246300915,12.018140094347896]],[[92.97447965423925,12.04300464142458],[93.00429357692771,12.027540106047617],[93.00663192380523,12.001159428051622],[93.03615355313401,11.948701298243495],[93.05339886135577,11.90412704921578],[93.0460915273635,11.885327025816338],[93.02563099218514,11.889268966206544],[93.02270805858824,11.901094787377161],[92.9949401894176,11.942636774566257],[92.97389506751986,11.94930775061122],[92.95635746593841,11.983875535571489],[92.93443546396159,11.985391666490798],[92.92537436981118,11.997823940029141],[92.94817325186708,12.010559439751345],[92.96454168000976,12.039669153402098],[92.97447965423925,12.04300464142458]],[[92.97009525384388,12.063927248111058],[92.97009525384388,12.063927248111058]],[[92.99143266910131,12.109107949506498],[93.00546275036648,12.10334665201312],[92.99698624293544,12.044823998527752],[92.98032552143306,12.050888522204993],[92.96512626672913,12.068172414685126],[92.95957269289501,12.107288592403325],[92.99143266910131,12.109107949506498]],[[92.73918349968811,12.107288592403325],[92.73918349968811,12.107288592403325]],[[92.95635746593841,12.095765997416569],[92.95635746593841,12.095765997416569]],[[93.00370899020832,12.112140211345118],[93.00370899020832,12.112140211345118]],[[93.09841203874817,12.13670153223794],[93.09841203874817,12.13670153223794]],[[93.12033404072497,12.148224127224696],[93.11536505361023,12.130030556192976],[93.1095191864164,12.140340246444284],[93.12033404072497,12.148224127224696]],[[92.96366479993068,12.150649936695592],[92.991724962461,12.14428218683449],[93.00078605661142,12.11850796120622],[92.97740258783615,12.113049889896704],[92.9630802132113,12.122753127780287],[92.95606517257872,12.14731444867311],[92.96366479993068,12.150649936695592]],[[92.84587057597527,12.147920901040834],[92.84587057597527,12.147920901040834]],[[93.00370899020832,12.112140211345118],[93.0016629366905,12.13366927039932],[93.02709245898359,12.166720924440277],[93.03556896641463,12.124269258699599],[93.03439979297588,12.09910148543905],[93.04872216760072,12.084243402429813],[93.05339886135577,12.061804664824024],[93.04550694064412,12.0460369032632],[93.02533869882545,12.070598224156022],[93.00633963044555,12.079998235855744],[93.00370899020832,12.112140211345118]],[[92.75876715478739,12.181579007449518],[92.75876715478739,12.181579007449518]],[[92.73129157897645,12.18946288822993],[92.73129157897645,12.189159662046066]],[[92.73129157897645,12.189159662046066],[92.73158387233615,12.18824998349448]],[[92.73158387233615,12.18824998349448],[92.73158387233615,12.187643531126756]],[[92.73158387233615,12.187643531126756],[92.73129157897645,12.18946288822993]],[[93.07444398325352,12.210385494916407],[93.09052011803651,12.177030614691585],[93.0846742508427,12.159140269843729],[93.09490451843187,12.141856377363593],[93.09052011803651,12.098495033071327],[93.07473627661321,12.08394017624595],[93.0367381398534,12.13366927039932],[93.05632179495268,12.191888697700826],[93.06596747582248,12.210082268732545],[93.07444398325352,12.210385494916407]],[[92.68335546798716,12.216450018593648],[92.68335546798716,12.216450018593648]],[[92.93531234404067,12.224637125557921],[92.93531234404067,12.20037903084896],[92.92508207645149,12.208566137813236],[92.93531234404067,12.224637125557921]],[[92.69738554925232,12.239798434751021],[92.70615435004305,12.229488744499713],[92.71316939067563,12.17612093614],[92.73713744617028,12.182488686001102],[92.75789027470833,12.177333840875448],[92.7555519278308,12.153075746166488],[92.73830661960903,12.11274666371284],[92.73509139265244,12.091520830842502],[92.74181413992532,12.074540164546228],[92.75818256806801,12.063320795743333],[92.76519760870059,12.047249807998648],[92.77951998332546,12.050888522204993],[92.77630475636884,12.024507844208998],[92.7622746751037,12.021172356186515],[92.7456139536013,12.034211082092583],[92.7333376324943,12.020565903818792],[92.745906246961,12.017533641980172],[92.7523367008742,12.002675558970934],[92.76490531534091,12.012075570670655],[92.7687051290169,11.998733618580726],[92.74327560672378,11.99479167819052],[92.75759798134864,11.989030380697143],[92.7333376324943,11.978720690445835],[92.73889120632842,11.99752071384528],[92.72924552545862,11.996307809109831],[92.71580003091285,11.951430333898255],[92.72456883170356,11.931720631947224],[92.72719947194079,11.861372157291239],[92.70995416371903,11.81467532497649],[92.72632259186172,11.84348181244338],[92.73275304577491,11.875320561748891],[92.7330453391346,11.905036727767367],[92.74678312704008,11.93263031049881],[92.76490531534091,11.940514191279222],[92.78390438372081,11.936875477072878],[92.78770419739679,11.925352882086122],[92.77893539660607,11.891998001861301],[92.78624273059833,11.882901216345441],[92.78624273059833,11.854701181246273],[92.77601246300915,11.833778574559796],[92.77104347589442,11.785565611325737],[92.75467504775173,11.718249398508373],[92.75525963447112,11.701875184579823],[92.7426910200044,11.713094553382717],[92.7394757930478,11.69065581577693],[92.71930755122914,11.705513898786169],[92.70147765628799,11.692778399063965],[92.70264682972676,11.672462244745208],[92.68598610822437,11.66336545922935],[92.68335546798716,11.650933185691006],[92.66786391992355,11.654268673713489],[92.67458666719644,11.624552507695013],[92.70060077620892,11.641533173991284],[92.6950472023748,11.653662221345765],[92.72106131138727,11.653662221345765],[92.71638461763223,11.665184816332522],[92.72223048482604,11.689442911041482],[92.74941376727729,11.676404185135414],[92.75701339462925,11.649113828587835],[92.74619854032069,11.640926721623561],[92.75467504775173,11.617881531650049],[92.73509139265244,11.553294354487441],[92.72339965826481,11.529945938330066],[92.72749176530047,11.518726569527173],[92.71200021723686,11.488707177324834],[92.71170792387717,11.47748780852194],[92.69767784261201,11.508113653092003],[92.68569381486469,11.511752367298346],[92.66669474648478,11.504171712701798],[92.64594191794673,11.523578188468964],[92.64243439763044,11.560268556716267],[92.6471110913855,11.572397604070748],[92.63308101012034,11.58028148485116],[92.621096982373,11.561481461451717],[92.61934322221487,11.583010520505919],[92.6056054343094,11.607571841398741],[92.6085283679063,11.620913793488668],[92.63629623707693,11.616062174546876],[92.64331127770951,11.639410590704252],[92.63161954332188,11.651842864242592],[92.6313272499622,11.628494448085219],[92.60823607454661,11.637591233601078],[92.59128305968454,11.670642887642037],[92.5991749803962,11.692778399063965],[92.58806783272794,11.716733267589063],[92.57462233818217,11.716126815221338],[92.5731608713837,11.700055827476652],[92.56205372371545,11.693991303799411],[92.55357721628442,11.71946230324382],[92.55503868308287,11.767068814110155],[92.54919281588906,11.816797908263524],[92.53633190806266,11.839236645869313],[92.52405558695565,11.826501146147109],[92.51353302600677,11.849546336120621],[92.53603961470297,11.9007915611933],[92.54217777525648,11.923230298799087],[92.55562326980225,11.925959334453847],[92.56263831043483,11.946881941140324],[92.58017591201629,11.925352882086122],[92.58719095264887,11.887146382919509],[92.6023902073528,11.896243168435369],[92.60034415383495,11.866223776233031],[92.61057442142413,11.871075395174824],[92.6120358882226,12.009043308832036],[92.62197386245208,12.040882058137546],[92.61934322221487,12.064836926662643],[92.62548138276837,12.107288592403325],[92.64418815778859,12.176727388507725],[92.6628949328088,12.217966149512957],[92.65383383865839,12.182791912184964],[92.67400208047705,12.218269375696819],[92.68715528166314,12.214933887674338],[92.68598610822437,12.227366161212679],[92.69738554925232,12.239798434751021]],[[92.73158387233615,12.187643531126756],[92.73158387233615,12.18824998349448]],[[92.73158387233615,12.18824998349448],[92.73129157897645,12.189159662046066]],[[92.73129157897645,12.18946288822993],[92.72106131138727,12.191888697700826],[92.72193819146635,12.23343068488992],[92.729830112178,12.242830696589643],[92.73099928561678,12.214327435306613],[92.74502936688194,12.230701649235161],[92.76285926182307,12.229488744499713],[92.76812054229751,12.20189516176827],[92.76402843526184,12.18218545981724],[92.73158387233615,12.187643531126756]],[[92.88123807249787,12.246166184612123],[92.88123807249787,12.246166184612123]],[[92.69884701605078,12.249198446450745],[92.69884701605078,12.249198446450745]],[[92.86691569787301,12.235856494360815],[92.86691569787301,12.235856494360815]],[[92.90082172759715,12.255262970127983],[92.91426722214293,12.232217780154471],[92.89117604672735,12.234037137257644],[92.87919201898004,12.209779042548682],[92.86954633811023,12.238282303831712],[92.87393073850559,12.248895220266881],[92.90082172759715,12.255262970127983]],[[93.07912067700858,12.259508136702053],[93.08613571764116,12.237675851463987],[93.10542707938075,12.260417815253637],[93.10075038562569,12.233127458706058],[93.10221185242415,12.206443554526201],[93.09344305163341,12.22433389937406],[93.0647983023837,12.227972613580402],[93.07122875629692,12.258295231966603],[93.07912067700858,12.259508136702053]],[[92.90199090103592,12.259811362885912],[92.90199090103592,12.259811362885912]],[[92.73830661960903,12.276185576814463],[92.73830661960903,12.276185576814463]],[[93.02972309922082,12.278004933917634],[93.02972309922082,12.278004933917634]],[[92.74941376727729,12.288617850352804],[92.74298331336409,12.255566196311847],[92.73421451257337,12.247985541715295],[92.74093725984625,12.279217838653082],[92.74941376727729,12.288617850352804]],[[92.73801432624936,12.29255979074301],[92.73801432624936,12.29255979074301]],[[92.76753595557813,12.273759767343567],[92.75321358095327,12.276185576814463],[92.7622746751037,12.294379147846183],[92.76753595557813,12.273759767343567]],[[92.75262899423389,12.29255979074301],[92.75262899423389,12.29255979074301]],[[93.8668512813754,12.295288826397769],[93.87737384232427,12.279217838653082],[93.87240485520952,12.268301696034051],[93.84697533291643,12.27133395787267],[93.84902138643426,12.288617850352804],[93.8668512813754,12.295288826397769]],[[92.76899742237657,12.288314624168942],[92.76899742237657,12.288314624168942]],[[92.88065348577848,12.298017862052525],[92.88065348577848,12.298017862052525]],[[92.76607448877967,12.298017862052525],[92.76607448877967,12.298017862052525]],[[92.71287709731594,12.296501731133215],[92.72310736490512,12.296198504949356],[92.71901525786944,12.264359755643845],[92.70995416371903,12.23191455397061],[92.70060077620892,12.267695243666326],[92.70586205668336,12.299533992971837],[92.71287709731594,12.296501731133215]],[[92.93443546396159,12.308327552303835],[92.93268170380345,12.29255979074301],[92.94232738467325,12.275579124446738],[92.91894391589798,12.237372625280125],[92.92303602293366,12.259811362885912],[92.90169860767622,12.287708171801217],[92.91075970182663,12.293469469294596],[92.93005106356624,12.283463005227151],[92.93443546396159,12.308327552303835]],[[92.8257023341566,12.304082385729767],[92.83476342830701,12.300140445339562],[92.86603881779394,12.3062049690168],[92.88825311313045,12.25920491051819],[92.85931607052105,12.247379089347572],[92.87276156506682,12.225850030293369],[92.87480761858467,12.193101602436272],[92.8517164431691,12.203108066503718],[92.84733204277373,12.157017686556694],[92.83651718846517,12.167933829175727],[92.81897958688371,12.1609596269469],[92.82161022712093,12.150649936695592],[92.81079537281236,12.130030556192976],[92.810210786093,12.105469235300152],[92.7874119040371,12.102133747277671],[92.79238089115185,12.080301462039607],[92.76285926182307,12.064836926662643],[92.74298331336409,12.076662747833263],[92.7394757930478,12.099707937806775],[92.76519760870059,12.175514483772275],[92.76958200909596,12.199772578481237],[92.76402843526184,12.210688721100269],[92.76958200909596,12.238585530015573],[92.75145982079513,12.232521006338335],[92.7426910200044,12.244650053692814],[92.75175211415481,12.274972672079013],[92.76490531534091,12.264359755643845],[92.78185833020298,12.284979136146461],[92.77133576925411,12.313179171245626],[92.79618070482783,12.304082385729767],[92.80962619937361,12.313482397429489],[92.8257023341566,12.304082385729767]],[[93.072105636376,12.318334016371281],[93.072105636376,12.318334016371281]],[[92.91280575534448,12.331675968461209],[92.91280575534448,12.331675968461209]],[[92.9054984213522,12.338346944506174],[92.9054984213522,12.338346944506174]],[[92.9154363955817,12.355630836986307],[92.9154363955817,12.355630836986307]],[[92.89672962056147,12.39232120523361],[92.89672962056147,12.39232120523361]],[[92.85960836388074,12.406572835875124],[92.89380668696457,12.400205086014022],[92.88182265921725,12.381405062614578],[92.86691569787301,12.377766348408233],[92.84411681581713,12.395656693256093],[92.85960836388074,12.406572835875124]],[[92.89819108735993,12.41203090718464],[92.89819108735993,12.41203090718464]],[[92.88912999320951,12.412940585736226],[92.88912999320951,12.412940585736226]],[[92.86633111115363,12.421127692700502],[92.86633111115363,12.421127692700502]],[[92.90432924791344,12.421430918884361],[92.90432924791344,12.421430918884361]],[[92.84294764237836,12.420218014148915],[92.84294764237836,12.420218014148915]],[[92.95577287921903,12.4299212520325],[92.96074186633378,12.422037371252086],[92.94320426475232,12.402024443117195],[92.94232738467325,12.382314741166164],[92.93326629052284,12.361088908295823],[92.91894391589798,12.365334074869892],[92.92683583660964,12.38625668155637],[92.92595895653056,12.404753478771951],[92.93940445107634,12.421734145068225],[92.94846554522675,12.41627607375871],[92.95577287921903,12.4299212520325]],[[92.67458666719644,12.542114940061442],[92.68452464142592,12.539689130590546],[92.67692501407396,12.522708464294272],[92.67458666719644,12.542114940061442]],[[92.70293912308645,12.638540866529558],[92.70293912308645,12.638540866529558]],[[92.7239842449842,12.736786150100848],[92.7239842449842,12.736786150100848]],[[92.72661488522141,12.751947459293948],[92.72661488522141,12.751947459293948]],[[92.71726149771129,12.77347651834815],[92.71726149771129,12.77347651834815]],[[92.71638461763223,12.777115232554495],[92.71638461763223,12.777115232554495]],[[92.71638461763223,12.782876530047872],[92.71638461763223,12.782876530047872]],[[92.72106131138727,12.781360399128562],[92.72106131138727,12.781360399128562]],[[92.71550773755315,12.795308803586215],[92.71550773755315,12.795308803586215]],[[92.71696920435161,12.799250743976422],[92.71696920435161,12.799250743976422]],[[92.71726149771129,12.802889458182765],[92.71726149771129,12.802889458182765]],[[92.71024645707871,12.828966909994897],[92.71375397739502,12.772870065980428],[92.71872296450975,12.751644233110087],[92.71784608443068,12.719199031436851],[92.70849269692057,12.777115232554495],[92.6947549090151,12.79470235121849],[92.71024645707871,12.828966909994897]],[[92.72603029850202,12.83230239801738],[92.72603029850202,12.83230239801738]],[[92.76461302198122,12.854134683255445],[92.76461302198122,12.854134683255445]],[[92.73070699225707,12.854741135623168],[92.73070699225707,12.854741135623168]],[[92.72924552545862,12.86414114732289],[92.71930755122914,12.83685079077531],[92.7073235234818,12.837457243143035],[92.72223048482604,12.865960504426063],[92.72924552545862,12.86414114732289]],[[92.77864310324638,12.865050825874476],[92.77864310324638,12.865050825874476]],[[92.76636678213936,12.869902444816269],[92.76636678213936,12.869902444816269]],[[92.75847486142771,12.878392777964404],[92.75847486142771,12.878392777964404]],[[92.78858107747587,12.893554087157504],[92.78858107747587,12.893554087157504]],[[92.8932221002452,12.897799253731574],[92.8932221002452,12.897799253731574]],[[92.75730568798895,12.901437967937916],[92.75730568798895,12.901437967937916]],[[92.75759798134864,12.912050884373087],[92.75759798134864,12.912050884373087]],[[92.86516193771487,12.91265733674081],[92.86516193771487,12.91265733674081]],[[92.7938423579503,12.91265733674081],[92.79822675834566,12.89416053952523],[92.7745509962107,12.905379908328122],[92.7938423579503,12.91265733674081]],[[92.76812054229751,12.916296050947155],[92.76812054229751,12.916296050947155]],[[92.93502005068098,12.91387024147626],[92.93502005068098,12.91387024147626]],[[92.76724366221843,12.922663800808257],[92.76724366221843,12.922663800808257]],[[92.89906796743901,12.915992824763293],[92.9122211686251,12.908715396350605],[92.90432924791344,12.886276658744816],[92.92829730340809,12.88385084927392],[92.92917418348716,12.859289528381098],[92.93618922411974,12.854134683255445],[92.95401911906089,12.807437850940694],[92.94934242530583,12.793489446483044],[92.93355858388253,12.78075394676084],[92.94963471866552,12.770444256509531],[92.96863378704543,12.739211959571744],[92.97243360072142,12.712528055391887],[92.96512626672913,12.69312157962472],[92.95811122609655,12.645818294942247],[92.9569420526578,12.593663391317982],[92.97564882767801,12.543024618613027],[92.95869581281593,12.486927774598556],[92.94963471866552,12.498753595769173],[92.931220237005,12.474495501060215],[92.95723434601749,12.467218072647526],[92.94203509131356,12.449934180167391],[92.92362060965303,12.442656751754704],[92.91485180886231,12.406269609691261],[92.90988282174757,12.420521240332777],[92.88240724593663,12.44386965649015],[92.86983863146992,12.445992239777185],[92.89205292680643,12.43022447821636],[92.87568449866373,12.41354703810395],[92.8642850576358,12.426585764010017],[92.83096361463103,12.427798668745464],[92.83797865526361,12.397476050359264],[92.87305385842652,12.353205027515411],[92.88386871273508,12.35623728935403],[92.89614503384209,12.336527587403001],[92.88153036585756,12.345017920551136],[92.87831513890096,12.331069516093486],[92.89029916664828,12.324701766232383],[92.87831513890096,12.31378562361335],[92.85317790996754,12.31378562361335],[92.8321327880698,12.302566254810458],[92.80758014585577,12.314998528348799],[92.79501153138906,12.305901742832939],[92.77133576925411,12.316514659268108],[92.75496734111141,12.295895278765492],[92.73450680593305,12.303172707178181],[92.72135360474697,12.300140445339562],[92.69972389612985,12.326217897151693],[92.69621637581355,12.400205086014022],[92.70206224300738,12.439018037548358],[92.70030848284922,12.469340655934559],[92.70849269692057,12.491476167356485],[92.6950472023748,12.51906975008793],[92.70849269692057,12.55576011833523],[92.70703123012211,12.597302105524324],[92.68481693478562,12.603366629201567],[92.71024645707871,12.615798902739908],[92.71609232427254,12.643998937839076],[92.72193819146635,12.62823117627825],[92.7362605660912,12.639753771265006],[92.73246075241522,12.653095723354934],[92.7520444075145,12.670986068202794],[92.77718163644792,12.666437675444863],[92.78039686340452,12.65248927098721],[92.78916566419525,12.674928008593],[92.78682731731772,12.695850615279477],[92.76695136885874,12.671289294386655],[92.73275304577491,12.674928008593],[92.72953781881832,12.697669972382648],[92.74327560672378,12.700095781853545],[92.73859891296873,12.739211959571744],[92.73070699225707,12.743457126145813],[92.7207690180276,12.788031375173528],[92.72339965826481,12.826844326707864],[92.73070699225707,12.835637886039862],[92.7362605660912,12.812895922250211],[92.74122955320595,12.836547564591449],[92.75905944814708,12.84897983812979],[92.76928971573626,12.846250802475032],[92.77045888917503,12.863837921139028],[92.7935500645906,12.86262501640358],[92.79091942435339,12.889005694399575],[92.80348803882009,12.89749602754771],[92.8227794005597,12.896283122812264],[92.82833297439382,12.885670206377092],[92.84060929550084,12.891734730054333],[92.84440910917681,12.875057289941923],[92.87334615178621,12.8808185874353],[92.87743825882188,12.895373444260677],[92.89614503384209,12.89870893228316],[92.89906796743901,12.915992824763293]],[[92.88708393969168,12.92933477685322],[92.88708393969168,12.92933477685322]],[[92.77425870285101,12.931457360140255],[92.77425870285101,12.931457360140255]],[[92.89205292680643,12.932973491059567],[92.89205292680643,12.932973491059567]],[[92.8765613787428,12.932367038691842],[92.87305385842652,12.915992824763293],[92.85960836388074,12.932670264875703],[92.8765613787428,12.932367038691842]],[[92.76490531534091,12.93357994342729],[92.76490531534091,12.93357994342729]],[[92.89146834008704,12.937825110001357],[92.89146834008704,12.937825110001357]],[[92.90082172759715,12.942070276575425],[92.90082172759715,12.942070276575425]],[[92.69621637581355,12.991496144544932],[92.71258480395625,12.987554204154726],[92.7207690180276,12.975425156800245],[92.72047672466789,12.884154075457783],[92.71463085747408,12.863231468771303],[92.69241656213758,12.835031433672139],[92.67984794767086,12.83836692169462],[92.68920133518097,12.818050767375865],[92.67721730743365,12.809257208043867],[92.66815621328324,12.78257330386401],[92.66581786640572,12.811683017514763],[92.64798797146457,12.861715337851994],[92.66523327968633,12.88203149217075],[92.66552557304601,12.90356055122495],[92.6792633609515,12.946618669333356],[92.669325386722,12.962689657078041],[92.68423234806623,12.98785743033859],[92.69621637581355,12.991496144544932]],[[93.00633963044555,12.996954215854448],[92.99260184254007,12.985734847051553],[92.98032552143306,12.960263847607145],[92.98091010815244,12.932973491059567],[92.97214130736171,12.955412228665354],[92.9569420526578,12.957231585768525],[92.96161874641285,12.989980013625622],[92.97184901400203,12.969663859306868],[93.00633963044555,12.996954215854448]],[[92.98967890894318,13.000592930060794],[92.98967890894318,13.000592930060794]],[[92.91251346198479,13.002412287163965],[92.91251346198479,13.002412287163965]],[[92.91017511510725,13.006960679921896],[92.91017511510725,13.006960679921896]],[[92.94934242530583,13.02454779858589],[92.94934242530583,13.02454779858589]],[[92.92654354324995,13.023638120034306],[92.93706610419882,13.026367155689062],[92.94437343819109,12.997560668222173],[92.92098996941581,13.00028970387693],[92.9154363955817,13.013328429782998],[92.92654354324995,13.023638120034306]],[[92.91894391589798,13.040315560146716],[92.91894391589798,13.040315560146716]],[[92.93297399716315,13.049412345662574],[92.93297399716315,13.049412345662574]],[[92.91719015573983,13.061844619200919],[92.91719015573983,13.061844619200919]],[[92.72895323209893,13.09095433285167],[92.72895323209893,13.09095433285167]],[[92.71667691099191,13.097928535080497],[92.70001618948953,13.072457535636088],[92.69592408245387,13.094896273241876],[92.71667691099191,13.097928535080497]],[[92.79559611810845,13.171309271575101],[92.79559611810845,13.171309271575101]],[[93.06129078206743,13.220735139544608],[93.06129078206743,13.220735139544608]],[[93.01656989803473,13.284715864339493],[93.01656989803473,13.284715864339493]],[[93.07298251645506,13.298361042613282],[93.07298251645506,13.298361042613282]],[[93.02533869882545,13.326257851528586],[93.0241695253867,13.305335244842109],[93.01481613787658,13.308670732864591],[93.01773907147349,13.329290113367207],[93.02533869882545,13.326257851528586]],[[93.0075088038843,13.33565786322831],[93.0075088038843,13.33565786322831]],[[92.96804920032605,13.333232053757413],[92.96804920032605,13.333232053757413]],[[93.01510843123627,13.339296577434652],[93.01510843123627,13.339296577434652]],[[93.03732272657277,13.340509482170102],[93.03732272657277,13.340509482170102]],[[93.02036971171071,13.338386898883066],[93.02036971171071,13.338386898883066]],[[93.07736691685042,13.36476757687906],[93.07736691685042,13.36476757687906]],[[93.08292049068454,13.36901274345313],[93.08292049068454,13.36901274345313]],[[93.06421371566434,13.38569018356554],[93.06421371566434,13.38569018356554]],[[92.8672079912327,13.411767635377672],[92.8672079912327,13.411767635377672]],[[92.81547206656742,13.417832159054912],[92.81547206656742,13.417832159054912]],[[93.0940276383528,13.418135385238774],[93.0940276383528,13.418135385238774]],[[93.07152104965661,13.413283766296981],[93.07152104965661,13.413283766296981]],[[93.1001657989063,13.435419277718909],[93.1001657989063,13.435419277718909]],[[92.84323993573805,13.4402708966607],[92.8353480150264,13.42056119470967],[92.82161022712093,13.422380551812843],[92.8259946275163,13.439361218109115],[92.84323993573805,13.4402708966607]],[[94.27109299782785,13.442999932315459],[94.2599858501596,13.43572250390277],[94.24624806225412,13.442696706131596],[94.25297080952701,13.461496729531042],[94.2757696915829,13.468470931759867],[94.27109299782785,13.442999932315459]],[[92.8736384451459,13.50516130000717],[92.8736384451459,13.50516130000717]],[[92.92011308933675,13.51577421644234],[92.92011308933675,13.51577421644234]],[[92.90842135494911,13.537000049312681],[92.90842135494911,13.537000049312681]],[[92.8768536721025,13.537000049312681],[92.8768536721025,13.537000049312681]],[[93.00721651052461,13.555496846528262],[93.00721651052461,13.555496846528262]],[[93.05690638167206,13.566412989147295],[93.05690638167206,13.566412989147295]],[[93.03030768594019,13.571264608089088],[93.04463006056505,13.528812942348406],[93.0396610734503,13.486664502791587],[93.03118456601926,13.464832217553523],[93.03498437969525,13.425412813651462],[93.04696840744258,13.405096659332708],[93.06245995550618,13.418438611422637],[93.05193739455731,13.391451481058919],[93.06245995550618,13.360825636488855],[93.08993553131712,13.33596108941217],[93.07502856997289,13.328683660999483],[93.06333683558526,13.306244923393695],[93.06129078206743,13.328380434815621],[93.03995336681,13.322012684954519],[93.04024566016969,13.35081917242141],[93.00312440348895,13.354154660443891],[92.98441762846873,13.329290113367207],[92.96980296048419,13.355064338995476],[92.96015727961439,13.357490148466372],[92.95284994562212,13.332625601389688],[92.9984477097339,13.31473525654183],[93.00400128356802,13.318070744564313],[93.01627760467504,13.291690066568318],[93.01160091091998,13.27713520974294],[93.04726070080227,13.279257793029975],[93.04579923400381,13.25863841252736],[93.06392142230465,13.270464233697979],[93.05661408831237,13.256515829240325],[93.0557372082333,13.232560960715226],[93.04199942032783,13.222554496647781],[93.04521464728442,13.210122223109439],[93.03176915273865,13.177677021436203],[93.03703043321309,13.139773748453454],[93.03206144609834,13.12400598689263],[93.03410749961617,13.080947868784225],[93.00663192380523,13.03182522699858],[92.98938661558347,13.026367155689062],[92.97067984056326,13.029702643711545],[92.9692183737648,13.016663917805479],[92.95489599913995,13.01848327490865],[92.93355858388253,13.04698653619168],[92.93326629052284,13.060631714465469],[92.91602098230108,13.054870416972092],[92.90228319439561,13.02272844148272],[92.90842135494911,12.999986477693069],[92.9215745561352,12.986341299419278],[92.93326629052284,12.989070335074036],[92.93852757099727,12.972392894961626],[92.9119288752654,12.946921895517217],[92.90754447487004,12.98512839468383],[92.89731420728086,12.995741311119001],[92.88123807249787,12.98209613284521],[92.88094577913817,12.967844502203697],[92.86925404475053,12.934489621978877],[92.85902377716135,12.934792848162736],[92.85376249668693,12.915083146211707],[92.85931607052105,12.902347646489503],[92.87597679202344,12.905379908328122],[92.87246927170713,12.882637944538473],[92.84148617557992,12.877179873228958],[92.84353222909775,12.890825051502746],[92.80231886538134,12.899315384650883],[92.79442694466968,12.913567015292397],[92.80085739858288,12.949044478804252],[92.79267318451153,12.95177351445901],[92.79471923802937,12.987250977970865],[92.8134260130496,12.983005811396797],[92.80962619937361,12.994528406383552],[92.82541004079691,13.013328429782998],[92.80582638569763,13.006657453738033],[92.79208859779216,13.011812298863687],[92.7935500645906,13.062754297752504],[92.79734987826659,13.090044654300083],[92.80290345210071,13.077309154577879],[92.80758014585577,13.099444665999807],[92.8195641736031,13.10308338020615],[92.810210786093,13.12703824873125],[92.82102564040154,13.133102772408488],[92.84294764237836,13.127947927282836],[92.84265534901867,13.146747950682279],[92.80991849273329,13.152509248175658],[92.81401059976896,13.172218950126688],[92.83564030838609,13.174947985781447],[92.81897958688371,13.185257676032755],[92.82745609431475,13.236806127289295],[92.84820892285279,13.238019032024743],[92.85463937676599,13.255606150688738],[92.83944012206207,13.259851317262807],[92.82190252048062,13.279257793029975],[92.83417884158763,13.28441263815563],[92.8417784689396,13.300786852084178],[92.82657921423568,13.327773982447898],[92.83476342830701,13.337780446515342],[92.83973241542176,13.375380493314232],[92.8517164431691,13.369315969636991],[92.86633111115363,13.38114179080761],[92.84353222909775,13.393270838162088],[92.84733204277373,13.411161183009948],[92.86516193771487,13.401154718942502],[92.87100780490869,13.426019266019185],[92.88386871273508,13.429657980225532],[92.8765613787428,13.475445133988693],[92.89497586040333,13.475141907804831],[92.90345236783438,13.496367740675172],[92.92946647684686,13.501522585800824],[92.92712812996933,13.522141966303442],[92.91719015573983,13.535483918393371],[92.9660031468082,13.542458120622197],[92.97535653431831,13.527600037612958],[92.9920172558207,13.535483918393371],[92.98091010815244,13.553980715608953],[92.98850973550441,13.568535572434328],[93.01364696443781,13.543367799173783],[93.01627760467504,13.570658155721363],[93.03030768594019,13.571264608089088]],[[92.90228319439561,13.600374321739839],[92.88591476625291,13.574600096111569],[92.88883769984983,13.595522702798046],[92.90228319439561,13.600374321739839]],[[93.06333683558526,13.654045356283415],[93.0463838207232,13.621296928426318],[93.0428763004069,13.637367916171005],[93.06333683558526,13.654045356283415]],[[93.01686219139441,13.674967962969893],[93.03176915273865,13.634032428148522],[93.0241695253867,13.627058225919697],[93.01364696443781,13.643432439848244],[93.00049376325173,13.649496963525484],[92.98558680190749,13.64282598748052],[92.98091010815244,13.663748594166998],[93.01686219139441,13.674967962969893]],[[81.39381674328787,16.333655143071958],[81.32688156391866,16.306364786524377],[81.27543793261307,16.27816475142521],[81.27953003964875,16.295751870089205],[81.26783830526111,16.31000350073072],[81.32775844399774,16.321526095717473],[81.31168230921475,16.307577691259823],[81.35172649949239,16.323345452820647],[81.36897180771415,16.333958369255818],[81.39381674328787,16.333655143071958]],[[84.76863587427839,19.079974690310138],[84.7554826730923,19.05480691704959],[84.72800709728136,19.05147142902711],[84.72303811016661,19.03812947693718],[84.73239149767673,19.031155274708354],[84.74086800510776,19.049652071923937],[84.74349864534499,19.03509721509856],[84.71748453633249,19.010232668021878],[84.69147042732001,18.968690680832783],[84.62307378115236,18.90622608695721],[84.59793655221894,18.87469056383556],[84.57192244320646,18.875600242387147],[84.55876924202036,18.86983894489377],[84.58127583071656,18.867109909239012],[84.5798143639181,18.84315504071391],[84.57133785648708,18.836484064668948],[84.55496942834438,18.786148518147854],[84.49329552944961,18.73399361452359],[84.44565171182,18.67365160393505],[84.43249851063392,18.677290318141395],[84.41349944225402,18.66455481841919],[84.43717520438898,18.66425159223533],[84.43688291102929,18.650303187777677],[84.41233026881525,18.636354783320023],[84.37930111917018,18.60057409362431],[84.35387159687708,18.56206436827383],[84.34802572968326,18.582986974960313],[84.3342879417778,18.57389018944445],[84.33458023513748,18.558425654067488],[84.3214270339514,18.56206436827383],[84.308566126125,18.541748213955078],[84.27436780304117,18.518703023981566],[84.276413856559,18.51021269083343],[84.30388943236994,18.532348202255356],[84.32522684762738,18.538109499748735],[84.34451820936698,18.551451451838663],[84.34247215584914,18.54205144013894],[84.28255201711252,18.49505138164033],[84.25039974754652,18.462909406150956],[84.22146270493712,18.44198679946448],[84.14780477829504,18.36708993205056],[84.13669763062678,18.350715718122014],[84.09256133331347,18.34556087299636],[84.06099365046686,18.335857635112777],[84.01978028675045,18.34859313483498],[83.99639681797518,18.359509277454013],[83.99288929765888,18.34980603957043],[84.02884138090086,18.339799575502983],[84.05865530358932,18.325244718677606],[84.11185269505306,18.34070925405457],[84.12734424311668,18.33191569472257],[84.11828314896626,18.300986623968647],[84.07531602509171,18.27854788636286],[84.05777842351026,18.263386577169758],[83.97681316287589,18.2303349231288],[83.9543065741797,18.21365748301639],[83.92566182492999,18.22427039945156],[83.93267686556257,18.20819941170687],[83.88123323425698,18.187580031204256],[83.86954149986934,18.170902591091846],[83.77746909156673,18.139063841786335],[83.70293428484557,18.10176702117131],[83.67458182895555,18.082663771588003],[83.6573365207338,18.081754093036416],[83.66902825512142,18.073566986072144],[83.62752259804532,18.05021856991477],[83.58718611440798,18.014741106402916],[83.55532613820168,18.01747014205767],[83.56614099251024,18.00200560668071],[83.55415696476292,17.96258620277865],[83.5164511213628,17.934689393863344],[83.47465317092701,17.910431299154382],[83.44542383495792,17.919528084670244],[83.45477722246804,17.884657073526114],[83.45010052871298,17.875560288010252],[83.4045027646012,17.83856669357909],[83.41707137906792,17.830379586614814],[83.41619449898884,17.807334396641302],[83.37819636222903,17.76761176655538],[83.35832041377006,17.7554827192009],[83.34633638602273,17.72152138660835],[83.2995694484722,17.689985863486704],[83.2899237676024,17.661785828387536],[83.24140306989372,17.625398686324097],[83.22766528198825,17.62873417434658],[83.21655813432,17.646321293010576],[83.19785135929978,17.637527733678578],[83.19726677258039,17.626611591059547],[83.23117280230454,17.615695448440512],[83.21889648119752,17.59113412754769],[83.1396849807213,17.54686310470384],[83.10577895099716,17.538979223923427],[83.09934849708397,17.5471663308877],[83.0856107091785,17.53018566459143],[83.04439734546209,17.516540486317638],[83.00698379542166,17.494708201079575],[82.9929537141565,17.470753332554473],[82.9450176031672,17.452862987706617],[82.91023469336399,17.434366190491033],[82.86551380933129,17.414959714723867],[82.84008428703818,17.399495179346903],[82.81027036434972,17.390095167647182],[82.7529808658503,17.366140299122083],[82.68049211264697,17.325204764300715],[82.62992536142046,17.29912731248858],[82.56006724845435,17.256069194380174],[82.52469975193176,17.22938529020032],[82.46244126631761,17.17510780328902],[82.44548825145554,17.16419166066999],[82.41012075493295,17.1265916138711],[82.37124573809406,17.09353995983014],[82.34727768259941,17.06746250801801],[82.30577202552331,17.029559235035258],[82.28355773018681,16.99559790244271],[82.26981994228134,16.933436534751003],[82.25315922077895,16.93192040383169],[82.2487748203836,16.897049392687563],[82.26660471532475,16.871881619427015],[82.30372597200548,16.856720310233914],[82.31600229311249,16.840042870121504],[82.32272504038538,16.849139655637366],[82.35224666971416,16.849442881821226],[82.35838483026767,16.81517832304482],[82.36481528418086,16.826397691847713],[82.36715363105839,16.873397750346324],[82.36598445761963,16.927978463441484],[82.35429272323199,16.955268819989065],[82.33997034860714,16.965881736424237],[82.33324760133425,16.98164949798506],[82.3510774962754,16.972855938653062],[82.37212261817314,16.922520392131972],[82.37563013848943,16.8424686795924],[82.34873914939787,16.75059114588221],[82.35049290955601,16.72148143223146],[82.33032466773734,16.72845563446029],[82.32009440014816,16.72451369407008],[82.34260098884437,16.709958837244706],[82.33997034860714,16.688733004374363],[82.3572156568289,16.693281397132296],[82.35195437635447,16.679939445042365],[82.32389421382415,16.650829731391614],[82.33441677477302,16.62444905339562],[82.33646282829085,16.604436125260726],[82.32710944078075,16.572597375955215],[82.32740173414044,16.61141032748955],[82.31454082631404,16.62566195813107],[82.31044871927837,16.60655870854776],[82.28764983722247,16.61868775590224],[82.30460285208454,16.591397399354662],[82.29817239817135,16.570474792668183],[82.27011223564102,16.563803816623217],[82.2648509551666,16.55622316202667],[82.31337165287528,16.554707031107355],[82.25754362117432,16.54470056703991],[82.23036033872307,16.53378442442088],[82.18300881445316,16.502855353666952],[82.1593330523182,16.494061794334957],[82.168978733188,16.520745698514812],[82.19996182931523,16.5583457453137],[82.18008588085625,16.56107478096846],[82.16430203943294,16.549855412165563],[82.1432569175352,16.51741021049233],[82.14062627729798,16.484358556451372],[82.10379731397694,16.469197247258272],[82.06930669753342,16.450093997674966],[82.00734050527896,16.422803641127388],[81.967588608361,16.39611973694753],[81.96261962124626,16.407945558118147],[81.96934236851915,16.432810105194832],[81.95677375405243,16.425835902966007],[81.95034330013924,16.398545546418426],[81.93835927239192,16.391268118005737],[81.90971452314221,16.387022951431668],[81.85447107816064,16.37064873750312],[81.7504146421107,16.31667447677568],[81.72586199989667,16.307577691259823],[81.7346308006874,16.342751928587816],[81.72469282645791,16.35579065449388],[81.72440053309822,16.332139012152645],[81.7086166916749,16.30272607231803],[81.70014018424388,16.318797060062717],[81.65045031309643,16.337900309646024],[81.59286852123734,16.34184225003623],[81.5651006520667,16.356093880677744],[81.58059220013033,16.36003582106795],[81.56656211886516,16.36791970184836],[81.5496091040031,16.39035843945415],[81.55457809111783,16.36003582106795],[81.52856398210535,16.350635809368228],[81.43356864020582,16.34214547622009],[81.40463159759643,16.336687404910577],[81.39060151633127,16.3524551664714],[81.40930829135148,16.356093880677744],[81.39995490384138,16.377319713548083],[81.38183271554054,16.359429368700226],[81.36809492763507,16.356093880677744],[81.34734209909702,16.36579711856133],[81.31197460257444,16.359126142516367],[81.30291350842401,16.34335838095554],[81.32132799008454,16.342448702403953],[81.28712966700071,16.323951905188373],[81.258484917751,16.31910028624658],[81.24562400992461,16.301513167582584],[81.26549995838359,16.294235739169896],[81.26316161150606,16.27877120379293],[81.24094731616955,16.262396989864385],[81.26608454510297,16.267551834990037],[81.22253283450902,16.226919526352532],[81.21142568684078,16.204784014930603],[81.20002624581284,16.16354525392537],[81.1848269911089,16.084403219937386],[81.16085893561426,16.05013866116098],[81.14770573442817,16.01920959040706],[81.15296701490261,15.974635341379342],[81.12929125276766,15.982519222159754],[81.11379970470404,16.003138602662368],[81.0988927433598,16.00799022160416],[81.08544724881402,15.999803114639887],[81.10356943711486,15.999196662272164],[81.13981381371653,15.961293389289413],[81.07930908826052,15.923693342490525],[81.04540305853638,15.89731266449453],[80.99600548074862,15.824235154183787],[81.0000975877843,15.799977059474827],[81.01208161553163,15.76874476253704],[81.00711262841688,15.762377012675937],[80.94923854319809,15.81119642827772],[80.94953083655778,15.801796416577998],[80.98899044011604,15.765409274514557],[80.9872366799579,15.755402810447112],[80.96005339750666,15.735693108496081],[80.93696222209107,15.72962858481884],[80.8948719782956,15.772383476743384],[80.87441144311722,15.806951261703652],[80.87148850952032,15.82029321379358],[80.86096594857145,15.812106106829306],[80.87616520327538,15.793912535797586],[80.89165675133899,15.760860881756628],[80.91124040643828,15.741151179805597],[80.91504022011426,15.727202775347944],[80.87821125679321,15.722351156406154],[80.83875165323495,15.706583394845328],[80.80455333015112,15.714770501809603],[80.80484562351081,15.750247965321456],[80.81975258485504,15.744183441644218],[80.81244525086277,15.77026089345635],[80.81595277117907,15.809377071174548],[80.80776855710772,15.83545452298668],[80.78175444809523,15.863351331901985],[80.74404860469511,15.884577164772326],[80.70663505465468,15.885183617140049],[80.64057675536455,15.878512641095085],[80.60550155220166,15.867596498476054],[80.57919514982947,15.866383593740606],[80.53418197243708,15.850009379812057],[80.55581168105421,15.865170689005158],[80.49589154231758,15.85486099875385],[80.52132106461069,15.846067439421851],[80.48829191496563,15.827267416022407],[80.43334076334375,15.804525452232756],[80.35968283670165,15.763893143595247],[80.335714781207,15.742667310724908],[80.28748637685801,15.689602728549056],[80.27754840262853,15.682022073952506],[80.23955026586871,15.614099408767418],[80.22347413108571,15.547086422133914],[80.20681340958333,15.547389648317775],[80.17553802009641,15.573163873946045],[80.16443087242817,15.558912243304531],[80.13578612317846,15.55860901712067],[80.14017052357383,15.550118683972533],[80.17144591306075,15.553150945811154],[80.18547599432591,15.559821921856118],[80.21324386349653,15.53435092241171],[80.20652111622364,15.509183149151163],[80.18372223416776,15.492505709038753],[80.19629084863446,15.490686351935581],[80.21061322325932,15.502512173106199],[80.1983369021523,15.465518578675034],[80.14280116381104,15.392744294548153],[80.13052484270403,15.380615247193672],[80.09983403993648,15.326034534098511],[80.07966579811782,15.2575054165457],[80.08726542546978,15.210505358047088],[80.08083497155658,15.192008560831505],[80.07118929068679,15.193221465566953],[80.04751352855183,15.213234393701846],[80.03202198048821,15.207169870024606],[80.05043646214874,15.20171179871509],[80.07352763756431,15.182002096764059],[80.06505113013327,15.163808525732339],[80.05102104886811,15.11256330065966],[80.04575976839368,15.049492254416363],[80.05335939574564,15.000066386446855],[80.06329736997513,14.98702766054079],[80.073819930924,14.924866292849078],[80.0834656117938,14.886659793682465],[80.09340358602329,14.82692423546165],[80.08872689226824,14.814188735739446],[80.07528139772245,14.817220997578067],[80.09077294578607,14.800543557465657],[80.09574193290081,14.779620950779178],[80.11415641456134,14.733227344648292],[80.13023254934433,14.713820868881122],[80.13374006966063,14.69532407166554],[80.12438668215052,14.681678893391751],[80.14543180404826,14.691382131275335],[80.15420060483899,14.67106597695658],[80.15975417867311,14.63619496581245],[80.18021471385147,14.583130383636599],[80.14718556420641,14.567969074443498],[80.09340358602329,14.534310968034816],[80.1156178813598,14.529762575276886],[80.14309345717074,14.555536800905156],[80.17056903298167,14.56675616970805],[80.19453708847632,14.564027134053292],[80.18167618064993,14.479730254939655],[80.1729073798592,14.374207542955677],[80.1729073798592,14.346613960224236],[80.15156996460176,14.299310675541761],[80.14397033724981,14.266865473868528],[80.14601639076764,14.254129974146323],[80.12555585558928,14.24018156968867],[80.1375398833366,14.23714930785005],[80.12877108254588,14.184387951858062],[80.12877108254588,14.148910488346207],[80.14543180404826,14.056123276084433],[80.1536160181196,14.024284526778922],[80.14397033724981,14.017613550733959],[80.15887729859404,13.993052229841137],[80.16560004586692,13.998813527334514],[80.17407655329797,13.981529634854379],[80.21645909045313,13.87418756576723],[80.23925797250902,13.826277828717032],[80.23867338578964,13.808084257685312],[80.2494882400982,13.788374555734283],[80.24802677329974,13.758658389715805],[80.23545815883304,13.68345829611803],[80.23662733227181,13.655864713386586],[80.24451925298345,13.618871118955422],[80.26965648191687,13.563077501124813]],[[80.26965648191687,13.563077501124813],[80.26497978816181,13.560348465470055],[80.25328805377418,13.505767752374894],[80.24188861274624,13.467864479392144],[80.22552018460355,13.483329014769105],[80.17963012713209,13.487877407527035],[80.1477701509258,13.494548383571999],[80.14689327084672,13.50364516908786],[80.11327953448227,13.50819356184579],[80.11064889424505,13.491819347917241],[80.08054267819689,13.491212895549516],[80.07995809147751,13.525780680509786],[80.0896037723473,13.537000049312681],[80.08200414499535,13.550645227586472],[80.05803608950069,13.534877466025646],[80.02997592697038,13.538212954048127],[80.02003795274089,13.545187156276954],[80.00220805779975,13.539729084967437],[80.00250035115944,13.523051644855027],[80.01857648594243,13.52790326379682],[80.03172968712852,13.514561311706892],[80.04955958206966,13.512438728419859],[80.04868270199059,13.497580645410618],[80.01828419258274,13.50061290724924],[79.98583962965705,13.480599979114348],[79.97444018862912,13.464225765185798],[79.97590165542756,13.430870884960978],[79.94491855930033,13.417225706687187],[79.94813378625693,13.397819230920021],[79.96304074760117,13.395090195265261],[79.96070240072365,13.380232112256024],[79.93819581202744,13.348999815318237],[79.92328885068322,13.356580469914787],[79.91656610341033,13.34627077966348],[79.86395329866598,13.31625138746114],[79.81280196072008,13.317161066012726],[79.79234142554172,13.294722328406937],[79.76661960988892,13.315644935093417],[79.75872768917726,13.292599745119904],[79.73388275360355,13.285019090523353],[79.73446734032292,13.27834811447839],[79.76545043645015,13.256515829240325],[79.79584894585801,13.241051293863363],[79.75697392901913,13.207696413638542],[79.74528219463149,13.227709341773433],[79.73125211336632,13.235289996369985],[79.71225304498643,13.215277068235093],[79.70202277739725,13.224070627567091],[79.70465341763446,13.251057757930809],[79.69325397660651,13.241051293863363],[79.68360829573672,13.248328722276051],[79.6967614969228,13.269251328962529],[79.6809776554995,13.294419102223076],[79.67513178830569,13.280773923949287],[79.64502557225752,13.285928769074939],[79.6333338378699,13.271373912249564],[79.61345788941091,13.280167471581562],[79.5979663413473,13.259548091078944],[79.57779809952864,13.26167067436598],[79.55383004403399,13.291083614200595],[79.54798417684017,13.323225589689965],[79.50998604008035,13.326864303896311],[79.46672662284611,13.336264315596033],[79.42931307280568,13.333838506125137],[79.38663824229081,13.315038482725694],[79.41762133841804,13.297451364061697],[79.43398976656074,13.298664268797143],[79.43135912632351,13.27834811447839],[79.41966739193589,13.249844853195361],[79.42317491225218,13.224373853750953],[79.4483121411856,13.24196097241495],[79.45795782205539,13.228922246508883],[79.43398976656074,13.220735139544608],[79.43282059312197,13.196477044835648],[79.39657621652032,13.19678027101951],[79.38137696181639,13.188289937871374],[79.37348504110473,13.16797378355262],[79.36003954655895,13.174947985781447],[79.36237789343647,13.13765116516642],[79.32905645043172,13.131283415305317],[79.320287649641,13.10884467769953],[79.30976508869213,13.109451130067253],[79.31093426213089,13.126735022547386],[79.28608932655717,13.132799546224627],[79.28345868631995,13.150083438704762],[79.26855172497572,13.148264081601589],[79.2594906308253,13.159786676588347],[79.24896806987643,13.138560843718004],[79.23055358821591,13.147354403050002],[79.23464569525157,13.127947927282836],[79.22646148118024,13.108541451515666],[79.2054163592825,13.101567249286841],[79.19138627801733,13.071851083268363],[79.18174059714754,13.064876881039538],[79.1893402244995,13.045167179088509],[79.18290977058629,13.027580060424512],[79.16507987564516,13.019089727276375],[79.1314661392807,13.034251036469476],[79.11655917793648,13.035767167388785],[79.09492946931935,13.02424457240203],[79.08119168141388,13.025760703321339],[79.06540783999058,13.049412345662574],[79.03793226417963,13.060934940649332],[79.03471703722303,13.067909142878158],[79.01221044852684,13.069122047613606],[78.9914576199888,13.08792207101305],[78.95755159026466,13.074883345106983],[78.94849049611423,13.081251094968085],[78.92627620077774,13.07882528549719],[78.90523107887999,13.046380083823955],[78.92919913437464,13.043651048169197],[78.94059857540259,13.032734905550164],[78.89383163785205,13.030915548446993],[78.89207787769391,13.080644642600362],[78.8952931046505,13.093076916138704],[78.8762940362706,13.095805951793462],[78.87015587571709,13.082160773519671],[78.84384947334492,13.080644642600362],[78.81958912449058,13.088831749564637],[78.78919061508273,13.063967202487952],[78.75090018496323,13.056386547891401],[78.7137789282825,13.066999464326571],[78.70530242085145,13.01514778688617],[78.6626275903366,13.028489738976099],[78.64859750907144,13.00756713228962],[78.62492174693647,12.989676787441761],[78.6494743891505,12.965115466548937],[78.64041329500009,12.96390256181349],[78.65824318994123,12.929941229220946],[78.63632118796441,12.924786384095292],[78.61761441294419,12.884457301641644],[78.61615294614575,12.868083087713096],[78.60329203831935,12.849283064313653],[78.60943019887286,12.821992707766071],[78.59978451800306,12.81562495790497],[78.5918925972914,12.77802491110608],[78.5571096874882,12.754676494948708],[78.56558619491923,12.736786150100848],[78.5571096874882,12.718289352885265],[78.55944803436572,12.696457067647202],[78.53606456559045,12.690392543969962],[78.53021869839664,12.703128043692166],[78.5381106191083,12.711921603024162],[78.52408053784313,12.718592579069128],[78.5059583495423,12.741031316674917],[78.49134368155775,12.740728090491054],[78.50537376282291,12.72192806709161],[78.52057301752684,12.715560317230509],[78.51560403041209,12.70403772224375],[78.50508146946322,12.714044186311199],[78.49806642883064,12.701308686588995],[78.5091735764989,12.6900893177861],[78.50040477570818,12.674018330041413],[78.46942167958093,12.672805425305965],[78.47146773309878,12.62823117627825],[78.43668482329556,12.625502140623492],[78.42996207602268,12.631263438116871],[78.41154759436215,12.623986009704183],[78.37997991151553,12.622469878784873],[78.32005977277892,12.660373151767622],[78.30164529111839,12.663102187422382],[78.27563118210591,12.701915138956718],[78.2437712058996,12.70373449605989],[78.23938680550424,12.68402479410886],[78.21132664297392,12.68584415121203],[78.20051178866537,12.693728031992443],[78.2057730691398,12.7052506269792],[78.2314948847926,12.713437733943474],[78.23997139222362,12.730418400239746],[78.23178717815227,12.76256037572912]],[[78.23178717815227,12.76256037572912],[78.24055597894301,12.771960387428841],[78.25283230005002,12.822295933949935],[78.25195541997095,12.857470171277926],[78.27358512858807,12.866566956793786],[78.28673832977417,12.859289528381098],[78.3142139055851,12.857470171277926],[78.31509078566417,12.875966968493508],[78.33262838724562,12.872934706654888],[78.33847425443943,12.884154075457783],[78.32181353293706,12.88385084927392],[78.32736710677119,12.902650872673366],[78.33818196107975,12.899315384650883],[78.35630414938058,12.938128336185219],[78.37968761815586,12.912050884373087],[78.39605604629854,12.906592813063572],[78.39956356661483,12.91568959857943],[78.41417823459938,12.90174119412178],[78.42850060922422,12.899315384650883],[78.44691509088474,12.911141205821501],[78.44983802448165,12.890218599135022],[78.46386810574681,12.875966968493508],[78.4673756260631,12.90325732504109],[78.42820831586454,12.93054768158867],[78.42119327523196,12.91690250331488],[78.41213218108153,12.942979955127011],[78.43843858345372,12.96087029997487],[78.43376188969866,12.978760644822728],[78.46912938622125,12.973605799697074],[78.47263690653755,12.9893735612579],[78.4612374655096,13.025154250953616],[78.46269893230806,13.041831691066026],[78.48199029404765,13.054263964604367],[78.51560403041209,13.063057523936365],[78.51297339017488,13.091864011403256],[78.53898749918736,13.10763177296408],[78.52203448432529,13.116728558479942],[78.51969613744777,13.129767284386007],[78.54629483317963,13.1409866531889],[78.54980235349592,13.16190925987538],[78.58020086290377,13.166760878817172],[78.57026288867428,13.190109294974546],[78.55184840701376,13.197386723387234],[78.56938600859522,13.202541568512888],[78.5796162761844,13.21467061586737],[78.56821683515645,13.222251270463918],[78.57084747539366,13.243477103334259],[78.58838507697511,13.272283590801148],[78.57786251602624,13.281986828684733],[78.56500160819985,13.308367506680728],[78.55798656756727,13.28289650723632],[78.53957208590674,13.285928769074939],[78.5316801651951,13.265612614756186],[78.51180421673611,13.287141673810389],[78.48082112060888,13.303819113922799],[78.4770213069329,13.320193327851346],[78.44662279752505,13.308367506680728],[78.43113124946144,13.328986887183344],[78.40160962013266,13.313522351806382],[78.37734927127832,13.32989656573493],[78.38173367167369,13.342025613089412],[78.39868668653575,13.328380434815621],[78.40774778068618,13.342025613089412],[78.365365243531,13.36476757687906],[78.381441378314,13.400548266574777],[78.37267257752328,13.461799955714902],[78.37734927127832,13.504858073823307],[78.39547145957916,13.541245215886748],[78.40774778068618,13.575813000847017],[78.39021017910471,13.590671083856254],[78.35338121578367,13.587032369649911],[78.32239811965644,13.59279366714329],[78.25926275396321,13.583393655443567],[78.23734075198641,13.596432381349633],[78.23207947151197,13.586122691098325],[78.21804939024682,13.590974310040117],[78.2054807757801,13.569748477169778],[78.1929121613134,13.565503310595709],[78.18882005427773,13.587942048201498],[78.20314242890258,13.604013035946183],[78.20343472226227,13.625238868816524],[78.16982098589781,13.632516297229213],[78.16514429214277,13.657684070489758],[78.11662359443409,13.655864713386586],[78.09996287293171,13.641916308928934],[78.07511793735799,13.673148605866722],[78.07307188384016,13.696800248207957],[78.09440929909758,13.689522819795268],[78.11457754091626,13.693161534001613],[78.11837735459223,13.718935759629883],[78.0938247123782,13.742284175787258],[78.12013111475038,13.770484210886424],[78.12714615538296,13.785645520079525],[78.11662359443409,13.812329424259381],[78.12626927530388,13.830522995291101],[78.11486983427594,13.86205851841275],[78.08388673814872,13.86357464933206],[78.07979463111305,13.880555315628332],[78.04998070842457,13.895110172453709],[78.04647318810828,13.861452066045025],[78.02425889277178,13.862664970780475],[78.01344403846322,13.870245625377024],[77.99386038336394,13.869942399193162],[77.97427672826464,13.828400412004068],[77.95673912668319,13.833252030945859],[77.95030867276999,13.879342410892885],[77.95790830012196,13.892684362982813],[77.98655304937166,13.901781148498673],[77.9818763556166,13.932406993068735],[77.98713763609103,13.95575540922611],[77.9696000345096,13.958181218697007],[77.95907747356073,13.93604570727508],[77.94738573917309,13.932710219252598],[77.9280943774335,13.906935993624327],[77.89798816138533,13.91936826716267],[77.89535752114811,13.93938119529756],[77.87080487893408,13.934832802539631],[77.8383603160084,13.935136028723493],[77.82637628826107,13.942716683320043],[77.81439226051376,13.92543279083991],[77.81556143395251,13.911181160198396],[77.82929922185798,13.897232755740742],[77.83602196913087,13.868729494457714],[77.81088474019747,13.848716566322821],[77.78223999094776,13.839619780806961],[77.78662439134312,13.820819757407516],[77.73664222683598,13.809600388604622],[77.72085838541268,13.79838101980173],[77.72173526549176,13.754109996957876],[77.71033582446381,13.738948687764776],[77.70361307719092,13.769271306150976],[77.67175310098462,13.760174520635116],[77.67818355489781,13.785342293895663],[77.65713843300007,13.78352293679249],[77.62235552319686,13.768058401415528],[77.62060176303872,13.7547164493256],[77.64456981853337,13.743193854338845],[77.62352469663563,13.736219652110018],[77.60335645481696,13.751380961303118],[77.56389685125869,13.724090604755538],[77.54723612975631,13.751380961303118],[77.52268348754228,13.744709985258154],[77.53437522192992,13.732884164087537],[77.52940623481517,13.695587343472509],[77.5156684469097,13.696497022024095],[77.51040716643527,13.711961557401057],[77.4873159910197,13.71074865266561],[77.49286956485382,13.69437443873706],[77.4841007640631,13.6852776532212],[77.45720977497153,13.68345829611803],[77.4522407878568,13.703167998069059],[77.46100958864751,13.711658331217194],[77.47007068279794,13.751077735119257],[77.45808665505061,13.792922948492212],[77.4648094023235,13.80444554347897],[77.44785638746143,13.809600388604622],[77.4358723597141,13.795348757963108],[77.41599641125512,13.806568126766003],[77.43178025267844,13.842348816461719],[77.38004432801316,13.838406876071513],[77.3592914994751,13.85144560197758],[77.33415427054169,13.832039126210411],[77.32684693654942,13.832948804761998],[77.31369373536333,13.864484327883645],[77.28972567986868,13.848110113955098],[77.25728111694299,13.846593983035788],[77.25991175718022,13.863271423148198],[77.2505583696701,13.867213363538404],[77.24675855599412,13.901174696130948],[77.23214388800959,13.902387600866398],[77.22366738057855,13.876310149054264],[77.21460628642814,13.867213363538404],[77.2154831665072,13.885406934570124],[77.1994070317242,13.863271423148198],[77.18157713678306,13.868426268273852],[77.18859217741564,13.908148898359775],[77.18333089694121,13.92421988610446],[77.16228577504347,13.906632767440465],[77.17134686919388,13.872974661031783],[77.16900852231636,13.863877875515922],[77.14591734690079,13.866000458802956],[77.13159497227593,13.849929471058271],[77.15234780081398,13.841742364093996],[77.16842393559698,13.822335888326826],[77.16053201488532,13.807477805317589],[77.17806961646677,13.778974544034561],[77.17310062935204,13.761690651554426],[77.14416358674264,13.762600330106011],[77.13013350547747,13.75774871116422],[77.10178104958746,13.767755175231667],[77.08687408824323,13.760174520635116],[77.08687408824323,13.74410353289043],[77.06641355306488,13.745619663809741],[77.04127632413146,13.77594228219594],[77.02607706942754,13.776548734563665],[77.0176005619965,13.739555140132499],[77.00006296041505,13.748045473280637],[76.98720205258866,13.792316496124489],[76.98983269282587,13.810813293340072],[76.97434114476226,13.820819757407516],[76.9921710397034,13.845684304484202],[77.01204698816238,13.856600447103233],[77.02315413583062,13.899961791395501],[77.04741448468496,13.903903731785707],[77.04186091085084,13.932103766884874],[77.01409304168021,13.953936052122938],[76.99480167994062,13.963032837638798],[77.00006296041505,13.987897384715481],[76.98077159867546,14.003058693908581],[76.95417290294358,14.01306515797603],[76.93663530136213,14.029136145720715],[76.94335804863502,14.054000692797398],[76.97726407835917,14.05885231173919],[76.97375655804288,14.086142668286772],[76.95183455606606,14.091600739596288],[76.94832703574977,14.117981417592283],[76.92786650057141,14.135265310072416],[76.91792852634192,14.12829110784359],[76.88899148373253,14.13708466717559],[76.89659111108449,14.164981476090894],[76.92260522009698,14.163768571355444],[76.94248116855596,14.17195567831972],[76.94686556895132,14.195607320660955],[76.96381858381338,14.181658916203304],[77.02549248270816,14.178929880548544],[77.01935432215464,14.133749179153106],[77.02607706942754,14.128594334027452],[77.01409304168021,14.104336239318492],[77.02987688310351,14.089781382493115],[77.02958458974382,14.059761990290777],[77.0748900604959,14.053697466613539],[77.07547464721529,14.045813585833125],[77.12721057188057,14.048845847671746],[77.14065606642635,14.004878051011755],[77.16082430824501,13.997297396415204],[77.16783934887759,14.01306515797603],[77.20086849852267,14.009729669953547],[77.22512884737701,14.01458128889534],[77.24909690287166,14.01306515797603],[77.27803394548104,14.034897443214092],[77.27920311891981,14.014884515079201],[77.32012418927653,14.031865181375473],[77.3402924310952,13.99517481312817],[77.36075296627355,13.989413515634793],[77.35052269868437,13.957877992513144],[77.36952176706428,13.949387659365009],[77.3496458186053,13.91936826716267],[77.35519939243943,13.903600505601844],[77.39758192959461,13.904813410337294],[77.39904339639305,13.887226291673297],[77.4262266788443,13.902084374682534],[77.43470318627534,13.916639231507911],[77.41716558469389,13.921794076633564],[77.41482723781637,13.943323135687766],[77.4358723597141,13.950600564100455],[77.43762611987225,13.976071563544863],[77.42739585228307,13.983955444325275],[77.38267496825037,13.976374789728727],[77.38004432801316,13.988807063267068],[77.39027459560234,14.01458128889534],[77.36922947370459,14.023071622043474],[77.33298509710292,14.0300458242723],[77.34467683149056,14.060671668842364],[77.35695315259757,14.0603684426585],[77.37916744793408,14.078865239874084],[77.38647478192635,14.097362037089667],[77.40225862334965,14.110400762995733],[77.39641275615584,14.125562072188831],[77.35899920611541,14.112220120098904],[77.35110728540376,14.102820108399182],[77.35432251236035,14.13132336968221],[77.38325955496975,14.136478214807866],[77.39641275615584,14.172258904503582],[77.4165809979745,14.176807297261512],[77.43031878587998,14.17195567831972],[77.47007068279794,14.171349225951996],[77.50748423283837,14.158007273862067],[77.51742220706785,14.179233106732408],[77.4969616718895,14.234723498379154],[77.50573047268021,14.25655578361722],[77.503099832443,14.278691295039145],[77.48585452422124,14.290820342393626],[77.4613018820072,14.278994521223007],[77.45019473433895,14.284452592532524],[77.4490255609002,14.316594568021895],[77.43411859955596,14.311742949080104],[77.43236483939782,14.32751071064093],[77.40138174327058,14.336001043789064],[77.38033662137285,14.311742949080104],[77.39641275615584,14.268078378603974],[77.4075199038241,14.26716870005239],[77.42154998508926,14.210162177486332],[77.39027459560234,14.198639582499576],[77.38822854208449,14.217136379715157],[77.36192213971232,14.236846081666188],[77.3657219533883,14.275962259384388],[77.301709707616,14.283239687797074],[77.2859258661927,14.282633235429351],[77.28738733299116,14.337820400892237],[77.26400386421588,14.33236232958272],[77.25114295638949,14.321142960779827],[77.20232996532111,14.320839734595964],[77.1579013746481,14.34418815075334],[77.13773313282944,14.336910722340651],[77.13159497227593,14.307801008689898],[77.11756489101077,14.293852604232246],[77.11259590389602,14.268078378603974],[77.12136470468675,14.263226759662183],[77.11581113085262,14.227749296150328],[77.1009041695084,14.21592347497971],[77.08102822104942,14.215620248795847],[77.05530640539662,14.245942867182048],[77.03864568389425,14.246852545733635],[77.00970864128485,14.237755760217775],[76.98778663930804,14.244426736262739],[76.9568035431808,14.24018156968867],[76.94306575527534,14.246246093365912],[76.92991255408924,14.278084842671422],[76.95388060958389,14.29294292568066],[76.94803474239008,14.311439722896242],[76.90389844507676,14.325084901170033],[76.8834379098984,14.357226876659404],[76.88811460365346,14.396039828193741],[76.90156009819924,14.400284994767809],[76.91792852634192,14.419388244351115],[76.94657327559162,14.405439839893464],[76.94891162246915,14.450923767472764],[76.9635262904537,14.451226993656626],[76.97843325179792,14.484278647697586],[76.91149807242873,14.490039945190963],[76.87496140246736,14.474272183630138],[76.85888526768437,14.504594802016339],[76.83667097234786,14.520665789761026],[76.80422640942218,14.53340128948323],[76.79048862151672,14.558569062743775],[76.78055064728723,14.595865883358803],[76.7650590992236,14.60162718085218],[76.77558166017248,14.679253083920855],[76.80218035590434,14.739898320693255],[76.78435046096321,14.78447256972097],[76.83813243914632,14.790233867214349],[76.84134766610292,14.809337116797655],[76.85391628056962,14.817220997578067],[76.84427059969983,14.835414568609787],[76.85362398720994,14.843904901757924],[76.85830068096499,14.866646865547574],[76.85040876025333,14.895453353014464],[76.86443884151849,14.89636303156605],[76.86970012199293,14.942756637696936],[76.86853094855417,14.969137315692931],[76.8451474797789,14.966408280038173],[76.83199427859282,14.956098589786865],[76.8194256641261,14.96883408950907],[76.8007188891059,14.967924410957483],[76.76768973946082,14.97489861318631],[76.76067469882824,14.987937339092376],[76.78844256799887,15.021595445501058],[76.7749970734531,15.059195492299947],[76.77645854025155,15.070111634918979],[76.8007188891059,15.095582634363387],[76.82527153131993,15.079814872802563],[76.84134766610292,15.077389063331667],[76.86473113487818,15.061924527954705],[76.88080726966119,15.033724492855539],[76.91763623298223,15.036150302326435],[76.95504978302266,15.029782552465333],[76.98632517250958,15.015530921823819],[76.98807893266772,15.025840612075127],[77.00532424088948,15.034937397590987],[77.05355264523848,15.029176100097608],[77.04566072452683,15.010982529065888],[77.08365886128664,15.005524457756373],[77.08687408824323,15.027659969178298],[77.11434966405417,15.0340277190394],[77.13042579883717,15.073750349125323],[77.13247185235501,15.099221348569731],[77.15264009417368,15.112866526843522],[77.15760908128841,15.137124621552482],[77.14007147970696,15.14136978812655],[77.14182523986511,15.154711740216479],[77.16257806840316,15.154408514032617],[77.16930081567605,15.173814989799785],[77.16287036176286,15.199285989244194],[77.14620964026048,15.223544083953154],[77.12545681172243,15.226576345791774],[77.14504046682171,15.256898964177974],[77.16988540239544,15.256292511810251],[77.15264009417368,15.276305439945142],[77.15264009417368,15.29086029677052],[77.1199032378883,15.295105463344587],[77.11405737069448,15.332402283959613],[77.07342859369746,15.324518403179201],[77.06729043314394,15.343015200394785],[77.04215320421054,15.3636345808974],[77.04799907140435,15.388802354157948],[77.03279981670042,15.406389472821942],[77.03163064326166,15.440047579230626],[77.01029322800423,15.453086305136692],[77.00473965417011,15.466428257226621],[76.97989471859638,15.486744411545375],[76.97580261156071,15.511002506254336],[77.00006296041505,15.504634756393234],[77.03075376318259,15.504937982577095],[77.03279981670042,15.529802529653779],[77.02783082958568,15.581047754726459],[77.03279981670042,15.602880039964523],[77.03104605654228,15.634112336902309],[77.07284400697807,15.645634931889065],[77.08541262144477,15.657460753059684],[77.12048782460768,15.629867170328241],[77.1292566253984,15.663828502920786],[77.10499627654406,15.683538204871816],[77.07985904761065,15.695667252226297],[77.08833555504168,15.713557597074155],[77.08015134097035,15.725989870612496],[77.05092200500125,15.72962858481884],[77.05062971164156,15.756009262814835],[77.06641355306488,15.782996393178554],[77.06787501986332,15.827570642206268],[77.05384493859816,15.824538380367649],[77.02607706942754,15.836060975354405],[77.03689192373609,15.857590034408608],[77.08073592768973,15.91399010460694],[77.10850379686036,15.928848187616179],[77.13393331915346,15.934912711293418],[77.14737881369923,15.944919175360864],[77.18479236373966,15.954622413244449],[77.24032810208092,15.957351448899207],[77.25318900990732,15.962203067841],[77.28680274627177,15.951893377589691],[77.35812232603634,15.948557889567208],[77.38092120809222,15.937944973132039],[77.41219659757914,15.940370782602935],[77.43119566595905,15.947041758647899],[77.47182444295608,15.932486901822523],[77.50222295236392,15.931273997087075],[77.51449927347095,15.925815925777558]],[[77.51449927347095,15.925815925777558],[77.59371077394717,15.912170747503769],[77.6115406688883,15.916719140261698],[77.64486211189306,15.88821587897867],[77.68899840920638,15.87911909346281],[77.72173526549176,15.891854593185014],[77.80474657964396,15.870931986498535],[77.83952948944716,15.880938450565981],[77.86145149142398,15.881241676749843],[77.87285093245193,15.897919116862253],[77.89360376098998,15.901557831068597],[77.934232537987,15.88215135530143],[77.9789534220197,15.879725545830533],[78.00818275798878,15.864867462821294],[78.02308971933302,15.900951378700874],[78.04618089474859,15.903983640539494],[78.04705777482766,15.877906188727362],[78.05524198889901,15.876693283991914],[78.06985665688356,15.85061583217978],[78.10756250028368,15.83393839206737],[78.13328431593646,15.840912594296197],[78.13240743585739,15.85486099875385],[78.17128245269627,15.855164224937711],[78.18794317419865,15.893673950288186],[78.1864817074002,15.90640945001039],[78.2119112296933,15.9230868901228],[78.2344178183895,15.929454639983902],[78.24932477973373,15.943099818257693],[78.25487835356786,15.974332115195478],[78.2662777945958,16.000712793191475],[78.25780128716477,16.031641863945396],[78.27475430202684,16.04073864946126],[78.29872235752148,16.034370899600155],[78.32298270637583,16.035280578151742],[78.34695076187047,16.058932220492977],[78.37676468455894,16.065906422721802],[78.41242447444122,16.087132255592145],[78.458022238553,16.087132255592145],[78.502450829226,16.079248374811733],[78.5538944605316,16.062570934699323],[78.56617078163862,16.062874160883183],[78.61059937231163,16.10290001715297],[78.64362852195669,16.097745172027317],[78.6939029798235,16.04710639932236],[78.72108626227475,16.03346122104857],[78.74651578456786,16.02769992355519],[78.78246786780984,16.03042895920995],[78.8154970174549,16.05286769681574],[78.84414176670461,16.09410645782097],[78.84794158038059,16.109570993197934],[78.8415111264674,16.126854885678068],[78.83946507294955,16.15839040879972],[78.8537874475744,16.16627428958013],[78.87044816907678,16.159906539719024],[78.88038614330627,16.11684842161062],[78.90873859919628,16.104416148072282],[78.92949142773433,16.12867424278124],[78.92861454765526,16.14050006395186],[78.91312299959165,16.171732360889642],[78.91575363982886,16.197809812701777],[78.96661268441507,16.22388726451391],[79.00022642077951,16.235106633316803],[79.02770199659045,16.25117762106149],[79.05020858528665,16.251784073429214],[79.07622269429913,16.245113097384248],[79.14111182015051,16.24329374028108],[79.18466353074444,16.224190490697772],[79.21535433351198,16.237835668971563],[79.23289193509343,16.257242144738733],[79.23786092220817,16.307274465075963],[79.23581486869034,16.343964833323263],[79.21944644054766,16.369739058951534],[79.22032332062673,16.40066812970546],[79.22675377453993,16.44493915254931],[79.24399908276169,16.465255306868066],[79.23172276165467,16.498913413276746],[79.23815321556788,16.525900543640468],[79.26855172497572,16.55319090018805],[79.27381300545015,16.568048983197286],[79.32759498363328,16.582603840022664],[79.35331679928606,16.586242554229006],[79.43457435328011,16.58957804225149],[79.4512350747825,16.60049418487052],[79.45854240877478,16.615958720247484],[79.50501705296561,16.637487779301686],[79.54476894988358,16.638700684037133],[79.582182499924,16.65052650520775],[79.60790431557679,16.67023620715878],[79.65613271992578,16.669023302423334],[79.66373234727774,16.68115234977781],[79.69120792308868,16.69752656370636],[79.73095982000663,16.699952373177258],[79.74206696767489,16.705107218302913],[79.75872768917726,16.72724272972484],[79.7829880380316,16.73664274142456],[79.79146454546265,16.732094348666628],[79.81864782791389,16.697829789890225],[79.87009145921948,16.705713670670637],[79.88178319360712,16.69601043278705],[79.89932079518857,16.657197481252716],[79.91042794285681,16.6453716600821],[79.93205765147394,16.638397457853273],[79.95105671985385,16.640216814956442],[79.9814552292617,16.66720394532016],[79.99986971092221,16.70025559936112],[80.02529923321532,16.719358848944424],[80.05628232934255,16.752713729169248],[80.06008214301853,16.77879118098138],[80.07820433131937,16.821242846722058],[80.05014416878905,16.833675120260402],[80.04137536799831,16.859752572072537],[80.02208400625872,16.860359024440257],[80.0001620042819,16.87066871469157],[80.01799189922305,16.91463651135156],[80.04546747503399,16.94374622500231],[80.05423627582472,16.972552712469202],[80.09252670594421,16.97043012918217],[80.09603422626051,16.994688223891128],[80.11415641456134,16.988623700213886],[80.14221657709166,16.99256564060409],[80.1506930845227,17.008939854532642],[80.17553802009641,17.031075365954568],[80.19044498144065,17.052301198824907],[80.20272130254767,17.049875389354014],[80.20389047598643,17.025314068461192],[80.22639706468263,17.02713342556436],[80.2494882400982,17.010152759268088],[80.27053336199594,17.0180366400485],[80.3099929655542,16.96345592695334],[80.32197699330153,16.919791356477212],[80.32782286049535,16.87885582165584],[80.34594504879618,16.874913881265634],[80.34360670191866,16.863694512462743],[80.36728246405362,16.862784833911157],[80.38160483867847,16.819120263435025],[80.40791124105064,16.83973964393764],[80.40849582777003,16.8576299887855],[80.42749489614992,16.850352560372812],[80.4315870031856,16.837313834466748],[80.46140092587406,16.823365430009094],[80.46520073955004,16.79819765674855],[80.47981540753459,16.796681525829236],[80.49852218255481,16.784249252290895],[80.57159552247751,16.771210526384827],[80.57831826975041,16.77909440716524],[80.61310117955361,16.796075073461516],[80.5946866978931,16.81517832304482],[80.56487277520462,16.826700918031577],[80.57130322911783,16.844591262879433],[80.57364157599535,16.87733969073653],[80.59556357797217,16.882191309678323],[80.59088688421711,16.911301023329074],[80.59819421820939,16.91524296371928],[80.59293293773494,16.93464943948645],[80.57831826975041,16.934952665670313],[80.5406124263503,16.958301081827685],[80.52950527868204,16.944352677370034],[80.49998364935325,16.956178498540652],[80.49443007551913,16.934952665670313],[80.4856612747284,16.929191368176934],[80.45117065828488,16.952843010518173],[80.40615748089249,16.96466883168879],[80.36903622421175,16.97831400996258],[80.37985107852032,17.003481783223126],[80.39738868010177,17.021675354254846],[80.37546667812495,17.064127019995524],[80.40352684065527,17.085049626682007],[80.40937270784909,17.06170121052463],[80.42924865630808,17.032591496873877],[80.45497047196086,17.024707616093465],[80.46140092587406,17.04472054422836],[80.48039999425397,17.045933448963808],[80.49326090208037,17.064127019995524],[80.49530695559821,17.09050769799152],[80.50466034310831,17.115675471252068],[80.52044418453161,17.113856114148895],[80.55756544121235,17.13144323281289],[80.5686725888806,17.145694863454406],[80.58211808342638,17.14296582779965],[80.61251659283424,17.12325612584862],[80.63853070184672,17.1177980545391],[80.63385400809166,17.10961094757483],[80.6642525174995,17.092023828910833],[80.64642262255838,17.07989478155635],[80.6426228088824,17.066856055650284],[80.66922150461426,17.06473347236325],[80.69260497338952,17.07686251971773],[80.73440292382531,17.072617353143663],[80.75544804572306,17.063217341443938],[80.83202890596206,17.046236675147668],[80.84138229347217,17.03410762779319],[80.86768869584435,17.059275401053732],[80.86535034896681,17.07686251971773],[80.87294997631878,17.10415287626531],[80.86388888216837,17.119617411642274],[80.875580616556,17.1329593637322],[80.87908813687228,17.154488422786404],[80.8977949118925,17.149333577660748],[80.92205526074684,17.15418519660254],[80.92380902090498,17.178140065127643],[80.91416334003519,17.209372362065427],[80.9393005689686,17.213314302455633],[80.9647300912617,17.19633363615936],[80.99395942723079,17.187843303011224],[81.03488049758751,17.195120731423913],[81.05534103276587,17.22210786178763],[81.07112487418917,17.21240462390405],[81.09333916952568,17.22210786178763],[81.15442848170106,17.23999820663549],[81.17167378992282,17.240907885187077],[81.18950368486396,17.263043396609],[81.17985800399417,17.275172443963484],[81.18073488407325,17.313682169313957],[81.19914936573376,17.335817680735882],[81.22750182162378,17.330056383242507],[81.27602251933246,17.328540252323194],[81.290637187317,17.33824349020678],[81.33126596431403,17.397675822243734],[81.35172649949239,17.393733881853528],[81.35874154012497,17.377056441741118],[81.39410903664756,17.363714489651187],[81.42450754605541,17.37008223951229],[81.44262973435625,17.383424191602217],[81.48121245783543,17.427998440629935],[81.50225757973317,17.45741138046455],[81.51014950044483,17.547772783255425],[81.53265608914103,17.580824437296386],[81.51161096724329,17.598108329776515],[81.5206720613937,17.61812125791141],[81.54288635673021,17.638740638414028],[81.56890046574269,17.684831018361052],[81.57971532005125,17.696050387163943],[81.58146908020939,17.726676231734007],[81.59053017435981,17.73880527908849],[81.61771345681106,17.751844004994553],[81.63174353807622,17.770947254577862],[81.68318716938181,17.775192421151928],[81.70686293151677,17.792779539815925],[81.71270879871058,17.807637622825162],[81.73813832100369,17.82734732477619],[81.76152178977895,17.82643764622461],[81.77262893744721,17.838263467395226],[81.79104341910772,17.840082824498396],[81.80302744685505,17.85221187185288],[81.79016653902866,17.878895776032735],[81.7667830702534,17.901334513638524]],[[81.7667830702534,17.901334513638524],[81.79455093942403,17.921650667957277],[81.80945790076825,17.944089405563066],[81.84190246369394,17.958947488572306],[81.85534795823972,17.958947488572306],[81.90796076298408,17.976534607236303],[81.92228313760893,17.988057202223057],[81.94449743294543,17.992302368797127],[82.01026343887587,18.031721772699186],[82.00997114551618,18.05294760556953],[82.03306232093175,18.065986331475592],[82.0538151494698,18.05385728412111],[82.07427568464816,18.057192772143594],[82.06755293737527,18.066592783843316],[82.08070613856137,18.073870212256004],[82.10087438038003,18.06083148634994],[82.12191950227776,18.065986331475592],[82.13565729018325,18.059315355430627],[82.14091857065767,18.043850820053663],[82.168978733188,18.052037927017942],[82.19353137540203,18.0156507849545],[82.20551540314935,18.01716691587381],[82.22685281840678,18.00261205904843],[82.245559593427,18.0004894757614],[82.25023628718205,17.98836042840692],[82.27595810283485,17.995031404451883],[82.27946562315114,18.01928949916084],[82.26660471532475,18.043244367685944],[82.27537351611547,18.056586319775867],[82.3063566122427,18.07053472423352],[82.30489514544423,18.054766962672698],[82.32535568062261,18.04445727242139],[82.33032466773734,18.058708903062904],[82.338216588449,18.04900566517932],[82.35166208299478,18.0762960217269],[82.35166208299478,18.090850878552274],[82.34055493532652,18.102676699722895],[82.34172410876529,18.15058643677309],[82.36598445761963,18.13360577047682],[82.37358408497158,18.148160627302197],[82.3572156568289,18.16999291254026],[82.3186329333497,18.182728412262463],[82.31454082631404,18.203954245132806],[82.3411395220459,18.223967173267695],[82.32974008101796,18.23063814931266],[82.33850888180869,18.23943170864466],[82.34523162908158,18.27430271978879],[82.37533784512974,18.27915433873058],[82.39375232679026,18.29704468357844],[82.40135195414221,18.314631802242438],[82.3925831533515,18.326760849596916],[82.35136978963509,18.31523825461016],[82.35370813651261,18.329793111435535],[82.36861509785685,18.3516253966736],[82.38469123263984,18.361328634557186],[82.39287544671119,18.380431884140492],[82.36949197793592,18.41772870475552],[82.3858604060786,18.42985775211],[82.40573635453758,18.459270691944614],[82.43525798386636,18.484741691389022],[82.46156438623854,18.524767547658804],[82.48231721477659,18.544477249609837],[82.48962454876886,18.522948190555635],[82.51037737730691,18.509606238465707],[82.53142249920465,18.51172882175274],[82.52791497888836,18.490502988882398],[82.5358068996,18.476251358240887],[82.52440745857207,18.463819084702543],[82.53843753983723,18.44229002564834],[82.54662175390857,18.45108358498034],[82.56211330197219,18.445625513670823],[82.54428340703105,18.416515800020072],[82.54340652695197,18.397715776620625],[82.56445164884971,18.396502871885176],[82.60741877272427,18.379825431772765],[82.60478813248704,18.349199587202705],[82.61209546647932,18.32858020670009],[82.59806538521416,18.327670528148502],[82.58491218402807,18.31523825461016],[82.59923455865292,18.30038017160092],[82.58900429106374,18.27854788636286],[82.59748079849479,18.265205934272927],[82.61794133367314,18.25762527967638],[82.64015562900964,18.237005899173763],[82.65593947043294,18.25338011310231],[82.65330883019573,18.26550916045679],[82.6670466181012,18.29492210029141],[82.70650622165947,18.30462533817499],[82.71089062205483,18.31705761171333],[82.74275059826113,18.321606004471263],[82.7594113197635,18.33676731366436],[82.77548745454651,18.33949634931912],[82.79244046940858,18.362541539292636],[82.78630230885507,18.379218979405046],[82.80150156355899,18.403477074114004],[82.78951753581167,18.407722240688074],[82.78454854869692,18.428038395006826],[82.80734743075281,18.44774809695786],[82.8266387924924,18.446838418406273],[82.85674500854056,18.423490002248897],[82.87837471715768,18.4146964429169],[82.89298938514223,18.421367418961864],[82.89912754569573,18.407115788320347],[82.89328167850192,18.387102860185458],[82.91111157344307,18.36466412257967],[82.93595650901678,18.36951574152146],[82.94092549613153,18.360115729821736],[82.96810877858277,18.365877027315115],[82.98476950008515,18.363754444028082],[83.00026104814877,18.38376737216297],[83.02539827708218,18.393167383862696],[83.04527422554116,18.37861252703732],[83.06456558728075,18.385889955450008],[83.07479585486993,18.401051264643108],[83.06339641384199,18.41681902620393],[83.06661164079858,18.43774163289041],[83.05082779937528,18.426825490271376],[83.04556651890084,18.443502930383787],[83.0245213970031,18.45623843010599],[83.0598888935257,18.485954596124472],[83.08122630878313,18.523251416739498],[83.09671785684675,18.541141761587355],[83.07947254862499,18.55084499947094],[83.05930430680633,18.543264344874387],[83.0405975317861,18.556303070780455],[83.03358249115352,18.572677284709002],[83.06193494704354,18.59481279613093],[83.04907403921713,18.605122486382236],[83.05784284000786,18.62210315267851],[83.07216521463272,18.622709605046232],[83.07888796190561,18.61027733150789],[83.09408721660952,18.630290259642784],[83.08677988261726,18.655154806719466],[83.0920411630917,18.663948366051464],[83.12507031273675,18.6597031994774],[83.15020754167017,18.675167734854362],[83.15488423542523,18.70094196048263],[83.17329871708574,18.70094196048263],[83.1718372502873,18.72186456716911],[83.19200549210596,18.733690388339728],[83.21480437416184,18.725806507559316],[83.23088050894485,18.756129125945517],[83.22737298862856,18.774019470793377],[83.27413992617909,18.76522591146138],[83.28758542072487,18.797671113134612],[83.3121380629389,18.807071124834334],[83.33084483795912,18.80646467246661],[83.33610611843355,18.81889694600495],[83.37030444151738,18.84012277887529],[83.38082700246625,18.82950986244012],[83.40654881811905,18.841638909794604],[83.4047950579609,18.857406671355427],[83.41911743258575,18.867413135422872],[83.39573396381049,18.87923895659349],[83.38024241574686,18.898038979992933],[83.39105727005543,18.905316408405625],[83.36445857432356,18.912897063002173],[83.3568589469716,18.941703550469065],[83.38170388254532,18.92472288417279],[83.38813433645852,18.931393860217753],[83.37176590831584,18.94594871704313],[83.36884297471893,18.961413252420094],[83.353643720015,18.96505196662644],[83.34925931961963,18.9262390150921],[83.33698299851262,18.92472288417279],[83.32675273092345,18.936245479159545],[83.3407828121886,18.94716162177858],[83.3346446516351,18.9653551928103],[83.32119915708932,18.974451978326158],[83.31564558325519,18.99871007303512],[83.33698299851262,18.99598103738036],[83.34282886570644,19.014477834595944],[83.36270481416541,19.017206870250703],[83.37001214815768,19.002652013425326],[83.39661084388956,19.00780685855098],[83.41911743258575,18.996587489748087],[83.42262495290204,18.985671347129056],[83.44776218183546,18.95807776439761],[83.46325372989907,18.953529371639682],[83.46997647717195,18.967174549913473],[83.46822271701382,18.988703608967676],[83.45799244942464,18.99052296607085],[83.45623868926648,19.00750363236712],[83.48225279827898,19.008110084734845],[83.48517573187588,19.033277857995387],[83.47319170412855,19.04419400061442],[83.46705354357505,19.07754888083924],[83.48108362484021,19.085432761619654],[83.5003749865798,19.06269079783],[83.51323589440621,19.07269726189745],[83.52142010847754,19.032671405627667],[83.50125186665888,19.0347939889147],[83.50329792017672,19.019026227353876],[83.53925000341869,19.013568156044357],[83.54246523037529,19.036613346017873],[83.56000283195674,19.055110143233453],[83.55269549796446,19.069968226242693],[83.56263347219395,19.086039213987377],[83.56526411243118,19.059355309807522],[83.5866015276886,19.057839178888212],[83.5898167546452,19.083613404516484],[83.61203104998171,19.100897296996614],[83.60209307575222,19.128187653544195],[83.63775286563451,19.152748974437017],[83.64096809259111,19.132432820118265],[83.66522844144545,19.09574245187096],[83.66464385472607,19.083006952148757],[83.692119430537,19.052077881394833],[83.70761097860061,19.023271393927942],[83.73099444737588,19.019935905905463],[83.71257996571536,19.00750363236712],[83.71345684579444,18.993555227909468],[83.7339173809728,18.983851990025883],[83.75350103607208,18.926542241275964],[83.77893055836519,18.90986480116355],[83.78769935915591,18.916232551024656],[83.76928487749538,18.952922919271955],[83.75817772982714,18.952619693088096],[83.74882434231702,18.992039096990155],[83.7590546099062,19.00143910868988],[83.79588357322726,19.015993965515257],[83.82365144239789,18.95716808584603],[83.82891272287232,18.93048418166617],[83.82452832247695,18.917748681943966],[83.84265051077779,18.917748681943966],[83.84995784477006,18.896826075257486],[83.84469656429562,18.87317443291625],[83.85141931156852,18.860135707010183],[83.87217214010656,18.847703433471843],[83.87801800730038,18.827084052969226],[83.89087891512678,18.828296957704673],[83.89467872880276,18.81404532706316],[83.91543155734081,18.825264695866053],[83.9411533729936,18.81556145798247],[83.94758382690681,18.805554993915024],[83.96336766833011,18.811922743776126],[83.98996636406197,18.808890481937503],[84.03468724809467,18.81101306522454],[84.05544007663272,18.792516268008956],[84.07326997157386,18.760677518703446],[84.08934610635686,18.75370331647462],[84.13552845718802,18.77038075658703],[84.15891192596328,18.784935613412408],[84.1872643818533,18.777961411183583],[84.22409334517434,18.796458208399162],[84.25361497450312,18.782509803941508],[84.26647588232952,18.78402593486082],[84.29132081790324,18.800096922605505],[84.31996556715293,18.788271101434887],[84.33954922225223,18.801309827340955],[84.33662628865532,18.818290493637228],[84.35153324999956,18.821019529291988],[84.34188756912975,18.872871206732388],[84.36994773166008,18.860135707010183],[84.3790088258105,18.87620669475487],[84.36205581094842,18.891974456315694],[84.39070056019813,18.878329278041903],[84.39362349379503,18.891974456315694],[84.37257837189729,18.905316408405625],[84.401223121147,18.895006718154313],[84.41934530944783,18.902890598934725],[84.4365906176696,18.922600300885755],[84.42285282976412,18.94716162177858],[84.44799005869754,18.97596810924547],[84.43366768407267,18.99294877554174],[84.42285282976412,19.01690364406684],[84.47897315482476,18.990219739886985],[84.48511131537828,19.01690364406684],[84.51726358494426,19.046316583901458],[84.5608152955382,19.056323047968903],[84.56695345609171,19.06845209532338],[84.58536793775224,19.07087790479428],[84.58098353735687,19.043890774430558],[84.58536793775224,19.027819786685875],[84.60407471277244,19.02872946523746],[84.61868938075699,19.06269079783],[84.63710386241752,19.058445631255935],[84.6441189030501,19.066026285852487],[84.66165650463154,19.061174666910695],[84.67159447886104,19.075123071368346],[84.65171853040205,19.093316642400065],[84.63856532921596,19.081490821229448],[84.62687359482834,19.085432761619654],[84.6216123143539,19.10120052318048],[84.61021287332595,19.105445689754546],[84.60173636589492,19.132432820118265],[84.61664332723916,19.126368296441022],[84.66837925190444,19.130613463015095],[84.67217906558041,19.16548447415922],[84.68854749372309,19.158510271930396],[84.70900802890147,19.16002640284971],[84.71368472265651,19.152445748253157],[84.70082381483012,19.12849087972806],[84.7046236285061,19.117574737109027],[84.76863587427839,19.079974690310138]],[[82.20639228322842,16.747558884043592],[82.18417798789191,16.736036289056837],[82.20317705627183,16.719358848944424],[82.22509905824865,16.720874979863737],[82.26309719500844,16.700862051728844],[82.28589607706434,16.704197539751327],[82.30431055872486,16.71723626565739],[82.3124947727962,16.7339137057698],[82.3031413852861,16.754229860088557],[82.2902804774597,16.7339137057698],[82.23006804536338,16.729365313011872],[82.21954548441451,16.74240403891794],[82.23123721880215,16.761204062317383],[82.20639228322842,16.747558884043592]],[[79.84495423028606,13.330806244286517],[79.84495423028606,13.330806244286517]],[[95.23741484496578,26.679732536443577],[95.23595337816732,26.70580998825571],[95.21578513634866,26.728855178229225],[95.21987724338433,26.753416499122046],[95.24472217895806,26.781010081853488],[95.22133871018279,26.78737783171459],[95.20672404219825,26.80557140274631],[95.19912441484628,26.833771437845478],[95.18450974686175,26.85863598492216],[95.21286220275175,26.87955859160864],[95.23010751097351,26.87955859160864],[95.2339073246495,26.91442960275277],[95.21724660314712,26.92807478102656],[95.20701633555794,26.956578042309587],[95.21520054962929,26.964461923090003],[95.1953246011703,26.984171625041032],[95.20000129492536,26.993571636740754],[95.19590918788968,27.037236207216882]],[[95.19590918788968,27.037236207216882],[95.21403137619052,27.027532969333297],[95.23127668441228,27.03996524287164],[95.24852199263404,27.024197481310814],[95.27804362196281,27.043907183261847],[95.27804362196281,27.050881385490673],[95.30990359816911,27.07513948019963],[95.36690080330882,27.106675003321282],[95.37303896386234,27.095455634518387],[95.40665270022679,27.112133074630798],[95.42068278149195,27.12456534816914],[95.45809633153237,27.12941696711093],[95.46598825224403,27.148520216694237],[95.46891118584094,27.184300906389954],[95.45926550497114,27.20340415597326],[95.48761796086114,27.239791298036703],[95.50661702924106,27.2485848573687],[95.5112937229961,27.260107452355456],[95.53526177849076,27.264352618929525],[95.55659919374818,27.248281631184838],[95.57472138204902,27.244642916978496],[95.59050522347232,27.223113857924293],[95.63434922742596,27.2334235481756],[95.63727216102286,27.230391286336978],[95.68462368529278,27.251010666839598],[95.7255447556495,27.252526797758907],[95.7319752095627,27.259804226171592],[95.78488030766674,27.272539725893797],[95.80651001628387,27.28497199943214],[95.81030982995985,27.27405585681311],[95.86058428782667,27.287397808903037],[95.86087658118636,27.27284295207766],[95.872568315574,27.260107452355456],[95.8979978378671,27.2573784167007],[95.90238223826246,27.280726832858072],[95.91875066640515,27.29224942784483],[95.96317925707817,27.310139772692686],[95.97019429771073,27.329849474643716],[95.9938700598457,27.344404331469093],[95.9970852868023,27.356533378823574],[96.02105334229694,27.364114033420122],[96.0003005137589,27.390494711416117],[95.98977795281003,27.41475280612508],[95.97370181802702,27.42991411531818],[95.9681482441929,27.417178615595976],[95.93365762774938,27.439920579385625],[95.91144333241289,27.433249603340663],[95.89332114411205,27.399288270748116],[95.88893674371668,27.43749476991473],[95.86526098158173,27.422333460721628],[95.86759932845925,27.41050763955101],[95.8497694335181,27.423849591640938],[95.85999970110728,27.45599156713031],[95.87666042260966,27.464481900278447],[95.87958335620658,27.492681935377615],[95.89010591715544,27.49965613760644],[95.8789987694872,27.51330131588023],[95.8819217030841,27.546959422288914],[95.8629226347042,27.546352969921188],[95.82200156434749,27.575462683571942],[95.82492449794438,27.596991742626145],[95.7989103889319,27.601843361567937],[95.78809553462334,27.617307896944897],[95.80241790924819,27.64308212257317],[95.78020361391168,27.654604717559923],[95.78137278735045,27.67340474095937],[95.79423369517684,27.686443466865434],[95.77377315999848,27.694024121461986],[95.77172710648065,27.710095109206673],[95.75945078537364,27.725256418399773],[95.78604948110551,27.73404997773177],[95.78166508071014,27.75254677494735],[95.80767918972262,27.7777145482079],[95.82433991122501,27.80348877383617],[95.84450815304368,27.81561782119065],[95.8532769538344,27.828353320912854],[95.87490666245152,27.834114618406232],[95.89624407770896,27.861404974953814],[95.91261250585164,27.86716627244719],[95.9298578140734,27.884753391111186],[95.95674880316496,27.92114053317463],[95.95382586956805,27.935998616183866],[95.97896309850147,27.96268252036372],[95.82755513818161,27.972082532063446],[95.60862741177316,27.95297928248014],[95.59050522347232,27.93660506855159],[95.57296762189088,27.937514747103176],[95.56682946133736,27.917501818968283],[95.54549204607994,27.908708259636285],[95.54519975272025,27.89748889083339],[95.52795444449849,27.89294049807546],[95.51772417690931,27.876869510330774],[95.38619216504843,27.837146880244852],[95.31838010560014,27.866559820079466],[95.23858401840455,27.843817856289817],[95.05385461507993,27.785901655172175],[95.04070141389384,27.77346938163383],[95.02111775879456,27.76831453650818],[94.99978034353713,27.772559703082244],[94.98896548922856,27.76679840558887],[94.93196828408885,27.75254677494735],[94.88607822661739,27.737991918121978],[94.86795603831655,27.74163063232832],[94.85567971720954,27.72768222787067],[94.85071073009479,27.70675962118419],[94.82323515428385,27.692204764358813],[94.80219003238611,27.6931144429104],[94.76886858938136,27.676133776614126],[94.76156125538908,27.66461118162737],[94.74460824052701,27.659456336501716],[94.72268623855021,27.66612731254668],[94.71859413151452,27.657940205582406],[94.70017964985401,27.66339827689192],[94.68585727522915,27.659456336501716],[94.68468810179039,27.64581115822793],[94.65048977870657,27.638230503631377],[94.64201327127553,27.627314361012346],[94.5885235864521,27.61639821839331],[94.5756626786257,27.603359492487247],[94.52831115435579,27.592140123684352],[94.50229704534331,27.57364332646877],[94.48534403048123,27.57364332646877],[94.46196056170596,27.554236850701603],[94.43828479957101,27.580920754881458],[94.43331581245627,27.5997207782809],[94.40554794328563,27.583649790536217],[94.38976410186233,27.58577237382325],[94.36959586004366,27.57334010028491],[94.33130542992416,27.585165921455527],[94.31464470842178,27.586378826190973],[94.30032233379693,27.60093368301635],[94.27840033182011,27.59001754039732],[94.27489281150383,27.600327230648627],[94.2564783298433,27.610636920899935],[94.26963153102939,27.624585325357586],[94.25472456968515,27.637927277447513],[94.23747926146339,27.62943694429938],[94.21584955284627,27.601236909200214],[94.22549523371607,27.597598194993868],[94.22900275403236,27.572430421733323],[94.25881667672083,27.554236850701603],[94.26203190367742,27.520275518109056],[94.22403376691761,27.50390130418051],[94.21468037940751,27.494804518664647],[94.19743507118575,27.494198066296924],[94.15943693442594,27.474791590529755],[94.16235986802285,27.463268995543],[94.08840964802107,27.401410854035152],[94.06298012572796,27.36047531921378],[94.00218310691227,27.33166883174689],[93.98318403853236,27.31074622506041],[93.95863139631832,27.291642975477103],[93.94109379473687,27.270113916422904],[93.90309565797706,27.238578393301253],[93.86948192161262,27.19582350137671],[93.84200634580168,27.170352501932303],[93.83089919813342,27.167623466277544],[93.81073095631476,27.1488234428781],[93.80751572935816,27.134571812236587],[93.82388415750084,27.118804050675763],[93.83849882548539,27.07513948019963],[93.82066893054424,27.061797528109704],[93.7996238086465,27.060584623374258],[93.78939354105732,27.051184611674536],[93.77565575315185,27.059371718638808],[93.77039447267742,27.0402684690555],[93.72070460152997,27.016010374346543],[93.67773747765543,26.968100637296345],[93.62629384634984,26.96112643506752],[93.58624965607218,26.949603840080762],[93.52779098413401,26.945661899690556],[93.49125431417266,26.93565543562311],[93.47020919227492,26.936261887990835],[93.45004095045626,26.951423197183935],[93.35007662144199,26.960519982699793],[93.26911136080761,26.953545780470968],[93.2246827701346,26.946571578242143],[93.1866846333748,26.936261887990835],[93.11127294657456,26.92504251918794],[93.09431993171249,26.913216698017322],[93.07122875629692,26.92201025734932],[93.02183117850916,26.914732828936632],[92.99990917653236,26.92807478102656],[92.92040538269643,26.962339339802966],[92.91923620925768,26.982655494121722],[92.87509991194436,27.005700684095235],[92.83944012206207,27.011765207772473],[92.78828878411618,27.028745874068747],[92.77192035597349,27.031171683539643],[92.71667691099191,27.024197481310814],[92.66201805272974,27.03693298103302],[92.64214210427075,27.01692005289813],[92.64857255818396,26.985687755960342],[92.58836012608764,26.960216756515933],[92.55650014988133,26.957487720861174],[92.50797945217265,26.965068375457726],[92.44922848687479,26.959003851780484],[92.42876795169643,26.942023185484214],[92.41503016379096,26.942629637851937],[92.40275384268395,26.924739293004077],[92.3562791984931,26.934139304703802],[92.30600474062628,26.922919935900907],[92.30688162070535,26.908061852891667],[92.2796983382541,26.90108765066284],[92.25777633627729,26.910790888546426],[92.19814849090035,26.889565055676087],[92.16570392797468,26.891384412779257],[92.12361368417919,26.88895860330836],[92.11133736307217,26.892597317514706]],[[92.11133736307217,26.892597317514706],[92.12039845722259,26.93110704286518],[92.11542947010784,26.948087709161452],[92.1168909369063,26.974468387157447],[92.10578378923805,26.981745815570136],[92.10695296267681,27.00661036264682],[92.08327720054186,27.019345862369025],[92.08035426694494,27.03875233813619],[92.06778565247824,27.051184611674536],[92.04849429073863,27.050881385490673],[92.03154127587658,27.077565289670527],[92.02598770204244,27.11395243173397],[92.0403100766673,27.137300847891343],[92.02832604891998,27.15306860945217],[92.02920292899904,27.170655728116163],[92.06018602512627,27.188546072964023],[92.07363151967205,27.222507405556566],[92.06983170599607,27.24403646461077],[92.04410989034328,27.26071390472318],[92.052878691134,27.270720368790627],[92.07421610639143,27.276481666284006],[92.10549149587835,27.267991333135868],[92.1230290974598,27.274965535364693],[92.12478285761796,27.28648813035145],[92.10666066931712,27.3004365348091],[92.08210802710309,27.3092300941411],[92.0628166653635,27.326210760437373],[92.06427813216195,27.344404331469093],[92.0525863977743,27.35744305737516],[92.05024805089678,27.37836566406164],[92.05872455832781,27.399288270748116],[92.0464482372208,27.41202377047032],[92.0432330102642,27.43567541281156],[92.02832604891998,27.44083025793721],[92.0213110082874,27.457204471865758],[92.02335706180523,27.479036757103824],[91.99354313911675,27.47357868579431],[91.98360516488728,27.464178674094587],[91.94385326796932,27.459933507520518],[91.92719254646694,27.47054642395569],[91.90322449097229,27.46751416211707],[91.85382691318453,27.481765792758583],[91.83307408464648,27.468423840668653],[91.81407501626657,27.471759328691135],[91.7784152263843,27.463875447910723],[91.76146221152223,27.47266900724272],[91.71849508764767,27.472972233426585],[91.71557215405076,27.49055935209058],[91.69481932551271,27.502081947077336],[91.65799036219167,27.482372245126307],[91.64892926804126,27.498443232870994],[91.62554579926598,27.512694863512507],[91.61414635823803,27.541198124795535],[91.5995316902535,27.539075541508502],[91.58667078242709,27.56181750529815],[91.56708712732781,27.583649790536217],[91.58199408867205,27.599114325913177],[91.56299502029213,27.633075658505724],[91.57205611444256,27.651875681905167],[91.59485499649844,27.671282157672337],[91.60157774377133,27.692204764358813],[91.6153155316768,27.692507990542676],[91.62905331958227,27.70554671644874],[91.6348991867761,27.746482251270113],[91.64542174772495,27.757701620073007],[91.63665294693423,27.771043572162935],[91.63373001333733,27.80045651199755],[91.60420838400856,27.82046944013244],[91.57088694100379,27.815011368822926],[91.54954952574636,27.85534045127657],[91.5644564870906,27.851398510886366],[91.57527134139916,27.860495296402227],[91.59982398361319,27.861708201137674],[91.61297718479928,27.853521094173402],[91.67494337705374,27.856250129828158],[91.69949601926777,27.82168234486789],[91.71498756733138,27.812888785535893],[91.75152423729274,27.802882321468445],[91.77636917286645,27.800759738181412],[91.80939832251153,27.80834039277796],[91.83307408464648,27.807127488042514],[91.83862765848062,27.779533905311073],[91.85031939286824,27.775288738737004],[91.86551864757217,27.736475787202668],[91.883640835873,27.721314478009567],[91.91345475856147,27.725862870767497],[91.92368502615065,27.714643501964602],[91.94999142852282,27.72798545405453],[91.96051398947169,27.750120965476455],[91.97074425706087,27.750727417844182],[91.98886644536171,27.769527441243625],[92.04264842354482,27.756488715337557],[92.06047831848596,27.758611298624594],[92.08941536109536,27.77923067912721],[92.12507515097764,27.80985652369727],[92.16102723421962,27.836237201693265],[92.20516353153293,27.85655335601202],[92.26011468315481,27.861404974953814],[92.27239100426183,27.85321786798954],[92.2896363124836,27.80682426185865],[92.31214290117978,27.778321000575623],[92.35511002505433,27.78984359556238],[92.38463165438311,27.794088762136447],[92.38755458798002,27.814708142639063],[92.41853768410725,27.822288797235615],[92.44835160679571,27.799850059629826],[92.45945875446397,27.802275869100722],[92.49716459786409,27.835933975509406],[92.51967118656029,27.839269463531885],[92.54860822916967,27.816527499742236],[92.56526895067205,27.82016621394858],[92.59040617960547,27.8559469036443],[92.60969754134507,27.876566284146914],[92.67370978711736,27.899308247936563],[92.70586205668336,27.932966354345247],[92.74415248680286,27.988456745991993],[92.70030848284922,28.047585851845085],[92.66786391992355,28.0618374824866],[92.68510922814531,28.117327874133345],[92.69212426877789,28.125211754913757],[92.74152184656563,28.150682754358165],[92.78799649075648,28.1831279560314],[92.80465721225886,28.201624753246982],[92.82453316071783,28.19677313430519],[92.8227794005597,28.183431182215262],[92.83300966814888,28.170695682493058],[92.90023714087776,28.20374733653402],[92.91806703581891,28.23437318110408],[92.9695106671245,28.261057085283937],[92.99084808238193,28.250444168848766],[92.9949401894176,28.233463502552492],[93.00546275036648,28.22982478834615],[93.03878419337123,28.262269990019384],[93.02709245898359,28.29926358445055],[93.07707462349073,28.308360369966408],[93.100458092266,28.306237786679375],[93.12968742823509,28.325947488630405],[93.16008593764293,28.31745715548227],[93.19866866112213,28.317153929298406],[93.21182186230821,28.322308774424062],[93.22760570373151,28.34019911927192],[93.22439047677491,28.360515273590675],[93.23666679788194,28.399934677492734],[93.2311132240478,28.407515332089286],[93.19545343416553,28.425405676937142],[93.18785380681356,28.439354081394796],[93.21269874238729,28.451483128749274],[93.2404666115579,28.482108973319338],[93.28109538855495,28.504244484741264],[93.29424858974103,28.54275421009174],[93.31061701788371,28.56549617388139],[93.30535573740929,28.59885105410621],[93.33312360657992,28.607644613438207],[93.34247699409002,28.639483362743718],[93.35650707535518,28.63827045800827],[93.41730409417087,28.652218862465922],[93.45121012389501,28.675567278623298],[93.47225524579275,28.651309183914336],[93.48453156689978,28.674354373887848],[93.50089999504246,28.68345115940371],[93.52399117045803,28.6731414691524],[93.52983703765184,28.660709195614057],[93.61226376508468,28.65494789812068],[93.64412374129097,28.66101242179792],[93.69089067884151,28.678599540461917],[93.73678073631297,28.688302778345502],[93.78033244690691,28.667683397842886],[93.79056271449609,28.670412433497642],[93.82388415750084,28.69406407583888],[93.84931367979395,28.706496349377222],[93.8703588016917,28.70285763517088],[93.90923381853057,28.675567278623298],[93.92472536659419,28.669199528762196],[93.93963232793843,28.67617373099102],[93.96213891663461,28.703767313722462],[93.97061542406566,28.722264110938045],[93.97383065102225,28.750464146037213],[94.00656750730762,28.774722240746172],[93.99049137252463,28.797464204535824],[94.00539833386887,28.818993263590027],[94.00042934675412,28.84052232264423],[94.03550454991702,28.852651369998707],[94.04953463118218,28.872967524317463],[94.0843175409854,28.905109499806834],[94.12611549142119,28.929367594515796],[94.16060610786471,28.953928915408618],[94.16382133482131,28.973335391175787],[94.17843600280585,28.991225736023644],[94.18077434968338,29.01972899730667],[94.22052624660132,29.083406495917693],[94.24390971537659,29.099780709846243],[94.30353756075353,29.150116256367337],[94.35615036549788,29.14950980399961],[94.36959586004366,29.1567872324123],[94.37807236747469,29.18983888645326],[94.41987031791048,29.21227762405905],[94.43711562613224,29.2262260285167],[94.50025099182547,29.216219564449254],[94.53883371530466,29.218038921552424],[94.56367865087839,29.22834861180373],[94.57800102550323,29.249877670857934],[94.57975478566138,29.27474221793462],[94.61658374898242,29.30051644356289],[94.62506025641346,29.31234226473351],[94.6297369501685,29.345090692590606],[94.64756684510965,29.346606823509916],[94.68322663499194,29.327200347742746],[94.71713266471608,29.30385193158537],[94.77237610969765,29.25200025414497],[94.7963441651923,29.225316349965112],[94.80335920582488,29.208942136036566],[94.79839021871013,29.179225970018088],[94.80335920582488,29.163458208457264],[94.85217219689325,29.181955005672847],[94.87730942582667,29.183167910408294],[94.9240763633772,29.161032398986368],[94.97288935444557,29.158606589515472],[95.00036493025651,29.139503339932165],[95.02784050606745,29.129193649680857],[95.02345610567208,29.1416259232192],[94.99188842282547,29.172251767789263],[95.010302904486,29.169219505950643],[95.04508581428921,29.15102593491892],[95.10354448622738,29.142232375586925],[95.12692795500264,29.11463879285548],[95.15089601049729,29.114032340487757],[95.2014627617238,29.105845233523482],[95.25553703326662,29.108271042994378],[95.25495244654724,29.066729055805283],[95.27132087468992,29.05581291318625],[95.30756525129159,29.060967758311907],[95.35024008180645,29.043987092015634],[95.41483691429812,29.031858044661153],[95.42623635532607,29.03913547307384],[95.45897321161145,29.034890306499772],[95.49054089445806,29.07400648421797],[95.50106345540692,29.138290435196716],[95.50837078939921,29.141019470851475],[95.55163020663345,29.126464614026098],[95.55016873983499,29.178619517650365],[95.54198452576365,29.20651632656567],[95.5498764464753,29.213793754978358],[95.59079751683203,29.216219564449254],[95.59255127699016,29.240477659158213],[95.60365842465842,29.260187361109242],[95.6361029875841,29.247148635203178],[95.68813120560907,29.275348670302343],[95.70683798062929,29.29869708645972],[95.7319752095627,29.30051644356289],[95.74863593106508,29.314464848020542],[95.75038969122322,29.327200347742746],[95.78283425414891,29.354490704290328],[95.795987455335,29.335993907074744],[95.80767918972262,29.337510037994054],[95.83193953857696,29.353884251922604],[95.84538503312274,29.351761668635568],[95.88601381011978,29.38966494161832],[95.9620100836394,29.38056815610246],[95.99825446024106,29.408464965017764],[96.00760784775116,29.409981095937074],[96.03976011731716,29.440910166690998],[96.0608052392149,29.45637470206796],[96.08565017478863,29.461529547193614],[96.09792649589563,29.45455534496479],[96.1180947377143,29.425445631314037],[96.15492370103536,29.39694237003101],[96.19058349091765,29.342058430751983],[96.18766055732073,29.30658096724013],[96.2078287991394,29.290813205679306],[96.21455154641228,29.27201318227986],[96.23062768119529,29.257155099270623],[96.23851960190694,29.240477659158213],[96.25518032340932,29.230471195090768],[96.2972705672048,29.232897004561664],[96.31685422230409,29.256245420719036],[96.34959107858946,29.26443252768331],[96.3674209735306,29.28262609871503],[96.37940500127792,29.28080674161186],[96.39694260285938,29.25351638506428],[96.39197361574463,29.230471195090768],[96.37560518760195,29.215006659713804],[96.36245198641586,29.1783162914665],[96.35046795866853,29.167703375031333],[96.31159294182964,29.165277565560437],[96.29463992696758,29.158909815699335],[96.26424141755973,29.157090458596162],[96.25313426989148,29.147083994528714],[96.22156658704486,29.134954947174236],[96.2043212788231,29.102812971684862],[96.17363047605556,29.08431617446928],[96.118387031074,29.074612936585694],[96.15433911431597,29.049748389509013],[96.16895378230052,29.016696735468052],[96.1885374373998,28.984554759978682],[96.18415303700444,28.965148284211512],[96.15872351471134,28.952109558305445],[96.14878554048184,28.933915987273725],[96.16661543542298,28.918451451896765],[96.17012295573927,28.902380464152078],[96.23179685463404,28.925728880309453],[96.25196509645272,28.93907083239938],[96.26424141755973,28.96150957000517],[96.2972705672048,28.99516767641385],[96.32503843637542,29.009116080871504],[96.35046795866853,29.02852255663867],[96.43932514001455,29.033677401764326],[96.46241631543012,29.0418645087286],[96.48083079709065,29.056419365553975],[96.52876690807994,29.07552261513728],[96.48083079709065,28.990012831288198],[96.49076877132013,28.961206343821306],[96.52204416080706,28.966967641314685],[96.5270131479218,28.94361922515731],[96.54192010926604,28.91663209479359],[96.54045864246758,28.879638500362425],[96.58722558001811,28.81687068030299],[96.61119363551276,28.793219037961755],[96.61879326286473,28.773509336010726],[96.6164549159872,28.75470931261128],[96.58868704681657,28.716502813444666],[96.56267293780408,28.706799575561085],[96.53490506863346,28.706496349377222],[96.49310711819766,28.68345115940371],[96.47323116973868,28.679509219013504],[96.49778381195271,28.63857368419213],[96.49661463851396,28.633115612882616],[96.44692476736651,28.600973637393245],[96.42500276538969,28.580051030706766],[96.4024961766935,28.58550910201628],[96.4089266306067,28.558825197836423],[96.35719070594142,28.555489709813944],[96.32679219653357,28.525470317611603],[96.36332886649492,28.504547710925127],[96.37414372080349,28.49150898501906],[96.36917473368874,28.474225092538926],[96.33731475748245,28.457547652426516],[96.27681003202645,28.418734700892177],[96.26599517771788,28.40812178445701],[96.30662395471491,28.39932822512501],[96.32182320941882,28.380831427909428],[96.37297454736472,28.38871530868984],[96.38203564151515,28.35839269030364],[96.39401966926246,28.357179785568192],[96.40132700325474,28.33868298835261],[96.42471047203,28.345353964397574],[96.43406385954012,28.385986273035083],[96.46037026191229,28.413579855766525],[96.48199997052942,28.41903792707604],[96.51210618657757,28.412670177214938],[96.55302725693429,28.436321819556174],[96.56150376436533,28.44723796217521],[96.6006710745639,28.460579914265136],[96.66643708049433,28.459973461897413],[96.6833900953564,28.445115378888172],[96.718757591879,28.426921807856452],[96.75266362160313,28.415399212869698],[96.76493994271016,28.3978120942057],[96.7760470903784,28.3674894758195],[96.82807530840338,28.360515273590675],[96.85379712405617,28.36172817832612],[96.86402739164535,28.37173464239357],[96.90027176824702,28.379315296990118],[96.92131689014475,28.35657333320047],[96.92716275733858,28.338076535984886],[96.95405374643013,28.33292169085923],[96.97539116168757,28.316547476930683],[96.99760545702406,28.30896682233413],[97.02391185939624,28.31897328640158],[97.05314119536533,28.35081203570709],[97.09376997236235,28.362334630693844],[97.12709141536712,28.348992678603917],[97.15982827165249,28.31927651258544],[97.17035083260136,28.294715191692617],[97.19344200801693,28.286528084728346],[97.22530198422324,28.29198615603786],[97.2422549990853,28.267121608961176],[97.28288377608234,28.268334513696622],[97.30714412493667,28.25590224015828],[97.31386687220956,28.2437731928038],[97.33461970074761,28.239528026229735],[97.35215730232906,28.225882847955944],[97.37524847774463,28.217089288623946],[97.40126258675713,28.191921515363397],[97.3927860793261,28.182521503663676],[97.37261783750742,28.191921515363397],[97.33140447379101,28.15432146856451],[97.3252663132375,28.139766611739134],[97.33958868786236,28.110960124272243],[97.31065164525296,28.084579446276248],[97.31211311205142,28.061231030118876],[97.3319890605104,28.056682637360943],[97.37378701094619,28.061231030118876],[97.36823343711205,28.04364391145488],[97.37729453126248,28.02999873318109],[97.41529266802229,28.014837423987988],[97.411785147706,28.00604386465599],[97.39132461252764,28.002708376633507],[97.37817141134155,27.97693415100524],[97.37554077110434,27.93508893763228],[97.38752479885166,27.92144375935849],[97.37846370470125,27.908708259636285],[97.38898626565012,27.886875974398222],[97.36472591679578,27.875656605595328],[97.34338850153834,27.884753391111186],[97.32117420620183,27.880204998353257],[97.32380484643906,27.902643735959046],[97.30860559173513,27.920837306990766],[97.25657737371016,27.900521152672013],[97.23670142525118,27.88081145072098],[97.20250310216736,27.85534045127657],[97.1817502736293,27.832598487486923],[97.16772019236414,27.827140416177407],[97.16041285837187,27.813495237903616],[97.1373216829563,27.806217809490928],[97.1241684817702,27.789540369378518],[97.1022464797934,27.784385524252862],[97.10458482667092,27.766191953221142],[97.09640061259958,27.741024179960597],[97.06746356999018,27.750727417844182],[97.0478799148909,27.740417727592874],[97.03735735394203,27.74314676324763],[97.0157276453249,27.731927394444735],[96.99234417654964,27.676740228981853],[96.99059041639148,27.662185372156475],[96.9584381468255,27.665520860178958],[96.9420697186828,27.658546657950133],[96.91927083662692,27.622462742070553],[96.8973488346501,27.61184982563538],[96.89881030144856,27.584862695271664],[96.9137172627928,27.579404623962148],[96.91547102295094,27.549082005575947],[96.93710073156807,27.52088197047678],[96.93300862453239,27.506630339835265],[96.91488643623155,27.483585149861753],[96.91137891591526,27.453565757659415],[96.9327163311727,27.441133484121075],[96.94060825188436,27.417481841779836],[96.9648686007387,27.405656020609218],[96.97480657496818,27.38624954484205],[96.9680838276953,27.376546306958467],[96.98415996247829,27.35289466461723],[96.9964362835853,27.34531401002068],[97.00228215077912,27.320146236760134],[97.03940340745986,27.297707499154345],[97.04261863441646,27.279513928122626],[97.08061677117627,27.243430012243046],[97.09289309228328,27.237365488565807],[97.09376997236235,27.210984810569812],[97.11539968097948,27.198552537031468],[97.12592224192835,27.174597668506372],[97.14842883062454,27.167623466277544],[97.1656741388463,27.14457827630403],[97.17035083260136,27.12577825290459],[97.15427469781837,27.11546856265328],[97.14492131030826,27.091816920312045],[97.12942976224464,27.092726598863628],[97.10721546690813,27.110616943711488],[97.07769383757936,27.099397574908593],[97.06132540943668,27.10061047964404],[97.02888084651099,27.131236324214104],[96.99760545702406,27.143668597752445],[96.98328308239921,27.15640409747465],[96.95405374643013,27.163681525887338],[96.91722478310908,27.16550088299051],[96.86519656508412,27.18975897769947],[96.8622736314872,27.209468679650502],[96.88887232721908,27.2270557983145],[96.88419563346402,27.258288095252283],[96.86519656508412,27.259500999987733],[96.85467400413525,27.270720368790627],[96.84882813694142,27.29679782060276],[96.8239832013677,27.311049451244273],[96.8017689060312,27.34531401002068],[96.77224727670242,27.35592692645585],[96.74009500713643,27.355320474088124],[96.71203484460611,27.371694688016674],[96.6930357762262,27.356533378823574],[96.66965230745093,27.3635075810524],[96.64568425195628,27.35895918829447],[96.6199624363035,27.364114033420122],[96.59774814096698,27.347739819491576],[96.6003787812042,27.335913998320958],[96.56121147100563,27.31650752255379],[96.52175186744736,27.285275225616],[96.49953757211087,27.300739760992965],[96.4855074908457,27.29679782060276],[96.47030823614178,27.304075249015447],[96.43318697946104,27.30164943954455],[96.41564937787959,27.291642975477103],[96.39109673566556,27.28648813035145],[96.36362115985462,27.291946201660966],[96.34725273171193,27.28012038049035],[96.31042376839088,27.294068784948],[96.29025552657222,27.286184904167587],[96.27827149882489,27.27132682115835],[96.23413520151158,27.27708811865173],[96.21776677336888,27.261623583274766],[96.19613706475177,27.2573784167007],[96.18181469012691,27.246462274081665],[96.16340020846638,27.24676550026553],[96.11429492403832,27.22553966739519],[96.09880337597471,27.223720310292016],[96.08623476150801,27.209468679650502],[96.03625259700087,27.188546072964023],[96.01666894190159,27.14730731195879],[95.97896309850147,27.1033395152988],[95.95674880316496,27.060584623374258],[95.92284277344082,27.04148137379095],[95.90033618474463,27.024197481310814],[95.87666042260966,27.012978112507923],[95.85736906087007,27.015100695794956],[95.8374931124111,27.007823267382268],[95.81498652371491,27.014797469611093],[95.77932673383262,26.982655494121722],[95.7606199588124,26.956578042309587],[95.76325059904963,26.937778018910144],[95.75214345138137,26.922919935900907],[95.7544817982589,26.900481198295118],[95.72057576853476,26.876223103586156],[95.67293195090515,26.903210233949874],[95.65042536220895,26.876829555953883],[95.63639528094379,26.87228116319595],[95.63171858718874,26.842261770993613],[95.61096575865068,26.814061735894445],[95.57442908868933,26.818610128652377],[95.56215276758232,26.83013272363913],[95.54519975272025,26.831042402190718],[95.5145089499527,26.806177855114033],[95.5016480421263,26.775855236727832],[95.4829412671061,26.74795842781253],[95.46511137216496,26.7434100350546],[95.42272883500978,26.689739000511025],[95.4060681135074,26.689739000511025],[95.3709929103445,26.67245510803089],[95.34614797477079,26.671242203295442],[95.30201167745746,26.649409918057376],[95.27161316804961,26.656384120286205],[95.25962914030228,26.679732536443577],[95.24355300551929,26.68731319104013],[95.23741484496578,26.679732536443577]],[[89.74317656285692,26.303732068454693],[89.74317656285692,26.303732068454693]],[[95.19590918788968,27.037236207216882],[95.15469582417327,27.00024261278572],[95.11728227413285,26.97810710136379],[95.11026723350027,26.96112643506752],[95.0871760580847,26.947178030609866],[95.03836306701632,26.932926399968352],[95.02170234551394,26.919887674062288],[94.99334988962393,26.92049412643001],[94.98604255563166,26.9126102456496],[94.95769009974164,26.938081245094008],[94.93401433760668,26.933229626152215],[94.92875305713224,26.946874804426006],[94.88666281333677,26.927165102474973],[94.8700020918344,26.909577983810976],[94.85187990353356,26.875919877402296],[94.82148139412571,26.849235973222438],[94.81329718005436,26.819519807203964],[94.79692875191168,26.81315205734286],[94.8024823257458,26.800719783804517],[94.77354528313641,26.789803641185486],[94.75659226827435,26.767061677395837],[94.74606970732547,26.777068141463282],[94.73233191942,26.758874570431562],[94.68702644866792,26.72733904730991],[94.62301420289562,26.714603547587707],[94.61044558842892,26.735222928090327],[94.59378486692654,26.721274523632673],[94.59290798684746,26.697622881291437],[94.58326230597767,26.700655143130057],[94.56280177079931,26.68882932195944],[94.56514011767683,26.70095836931392],[94.54555646257755,26.706113214439572],[94.52334216724104,26.699442238394607],[94.51603483324877,26.682461572098337],[94.49878952502701,26.668816393824546],[94.46488349530287,26.662751870147307],[94.45903762810906,26.650622822792826],[94.46517578866256,26.633945382680416],[94.41022463704068,26.61180987125849],[94.4064248233647,26.597255014433113],[94.41519362415544,26.578454991033666],[94.3967791424949,26.524783956490094],[94.37865695419407,26.520538789916024],[94.37807236747469,26.508409742561543],[94.35147367174282,26.503861349803614],[94.35001220494436,26.48809358824279],[94.32429038929158,26.474751636152863],[94.31669076193961,26.458074196040453],[94.29418417324342,26.47596454088831],[94.28775371933023,26.503861349803614],[94.28950747948836,26.520538789916024],[94.28278473221548,26.5590485152665],[94.2632010771162,26.53933881331547],[94.24040219506031,26.506893611642234],[94.2120497391703,26.48536455258803],[94.20152717822143,26.46535162445314],[94.18691251023688,26.455951612753417],[94.17609765592832,26.42744835147039],[94.17931288288491,26.384087007178124],[94.16469821490037,26.355583745895093],[94.18018976296399,26.349519222217854],[94.16469821490037,26.334661139208617],[94.14306850628326,26.337693401047236],[94.11968503750799,26.3292030678991],[94.1290384250181,26.318893377647793],[94.10828559648004,26.321925639486413],[94.1030243160056,26.304338520822416],[94.07701020699312,26.28068687848118],[94.07057975307993,26.255519105220632],[94.05304215149847,26.251273938646566],[94.03842748351393,26.22519648683443],[94.03579684327671,26.198815808838436],[94.01329025458051,26.181835142542166],[93.99984476003473,26.15393833362686],[94.00656750730762,26.142718964823967],[93.9913682526037,26.113609251173212],[94.00218310691227,26.110273763150733],[93.98610697212926,26.079041466212946],[93.99107595924401,26.068125323593915],[93.9659387303106,26.038105931391573],[93.95483158264234,26.002931694063584],[93.96067744983617,25.992622003812272],[93.95600075608111,25.96957681383876],[93.9691539572672,25.956234861748833],[93.97090771742535,25.94046710018801],[93.98259945181297,25.921667076788566],[93.95980056975709,25.900744470102087],[93.9399246212981,25.896499303528017],[93.93437104746398,25.886796065644432],[93.91566427244378,25.88315735143809],[93.89315768374757,25.86041538764844],[93.8826351227987,25.841615364248995],[93.85165202667147,25.858596030545268],[93.82417645086053,25.842828268984444],[93.81862287702641,25.821905662297965],[93.80751572935816,25.81220242441438],[93.79114730121547,25.81189919823052],[93.77974786018753,25.842221816616718],[93.79173188793484,25.865570232774093],[93.78734748753949,25.874667018289955],[93.79845463520775,25.90559608904388],[93.78530143402165,25.9541122784618],[93.77302511291464,25.96199615924221],[93.75022623085876,25.93318967177532],[93.71661249449431,25.91772513639836],[93.70521305346637,25.917118684030633],[93.68592169172676,25.90104769628595],[93.70638222690513,25.849196018845547],[93.68270646477016,25.836763745307202],[93.6780297710151,25.824937924136584],[93.64850814168634,25.820086305194792],[93.62921677994674,25.800376603243762],[93.62249403267386,25.77581528235094],[93.608171658049,25.77308624669618],[93.58712653615126,25.755499128032184],[93.57338874824579,25.757015258951494],[93.56549682753413,25.737608783184328],[93.54503629235577,25.72305392635895],[93.54357482555733,25.697886153098406],[93.52019135678205,25.679995808250546],[93.48336239346101,25.642092535267796],[93.42753436176005,25.627840904626282],[93.40911988009954,25.608131202675253],[93.406781533222,25.592969893482152],[93.39012081171963,25.59115053637898],[93.38281347772735,25.572653739163396],[93.34832286128383,25.55961501325733],[93.33195443314115,25.54324079932878],[93.35241496831951,25.53384078762906],[93.37170633005911,25.49745364556562],[93.39041310507932,25.481989110188657],[93.39041310507932,25.46561489626011],[93.41701180081118,25.4489374561477],[93.43484169575233,25.451060039434733],[93.45676369772914,25.438021313528665],[93.46290185828265,25.40709224277474],[93.47780881962689,25.375859945836954],[93.4515024172547,25.3403824823251],[93.4617326848439,25.33280182772855],[93.45647140436945,25.321279232741794],[93.47371671259121,25.30551147118097]],[[93.47371671259121,25.30551147118097],[93.45968663132605,25.290956614355594],[93.44448737662213,25.288530804884697],[93.42285766800501,25.27397594805932],[93.4202270277678,25.262453353072566],[93.40327401290571,25.259421091233946],[93.38661329140334,25.238498484547467],[93.38719787812272,25.22818879429616],[93.3527072616792,25.17815647395893],[93.34686139448539,25.16026612911107],[93.34861515464353,25.121756403760596],[93.33516966009775,25.09204023774212],[93.32318563235043,25.088098297351912],[93.29658693661855,25.04413050069192],[93.26764989400917,25.045949857795094],[93.24835853226956,25.01532401322503],[93.24631247875173,25.000465930215793],[93.25946567993782,25.00289173968669],[93.25245063930524,24.968930407094145],[93.26268090689442,24.962865883416903],[93.26180402681535,24.947704574223803],[93.24251266507575,24.92769164608891],[93.25274293266493,24.91525937255057],[93.23842055804008,24.911317432160363],[93.22848258381059,24.873717385361473],[93.20509911503532,24.85188510012341],[93.19106903377016,24.819136672266314],[93.19253050056861,24.802762458337764],[93.1738237255484,24.800336648866868],[93.15219401693128,24.786388244409217],[93.13641017550798,24.807614077279556],[93.11214982665363,24.798820517947558],[93.09928891882723,24.751214007081224],[93.10659625281951,24.73847850735902],[93.08818177115899,24.706033305685786],[93.07532086333259,24.707246210421232],[93.10396561258229,24.675710687299585],[93.09548910515126,24.64933000930359],[93.08408966412331,24.644478390361797],[93.08876635787837,24.624162236043045],[93.07853609028919,24.622949331307595],[93.08613571764116,24.608091248298358],[93.07473627661321,24.592929939105257],[93.09782745202878,24.588078320163465],[93.08642801100083,24.567762165844712],[93.06041390198835,24.571704106234918],[93.07181334301629,24.557755701777264],[93.06041390198835,24.551387951916162],[93.04755299416195,24.527736309574927],[93.05193739455731,24.516516940772032],[93.04053795352938,24.511362095646376],[93.03498437969525,24.493774976982383],[93.04755299416195,24.47224591792818],[93.03703043321309,24.457994287286663],[93.03118456601926,24.42554908561343],[93.03819960665184,24.407961966949433],[92.99961688317265,24.40007808616902]],[[92.99961688317265,24.40007808616902],[92.97944864135398,24.406445836030123],[92.95957269289501,24.392800657756332],[92.95314223898181,24.40159421708833],[92.93502005068098,24.392497431572473],[92.91075970182663,24.41008455023647],[92.90520612799251,24.392497431572473],[92.88357641937539,24.40007808616902],[92.86223900411795,24.39674259814654],[92.84353222909775,24.37703289619551],[92.82745609431475,24.376426443827786],[92.83096361463103,24.39674259814654],[92.81781041344495,24.41008455023647],[92.8002728118635,24.416149073913708],[92.79676529154722,24.43312974020998],[92.76461302198122,24.51803307169134],[92.7301224055377,24.45011040650625],[92.71375397739502,24.40280712182378],[92.68335546798716,24.34489092070614],[92.65704906561498,24.340948980315932],[92.65149549178085,24.327910254409865],[92.62577367612806,24.332155420983934],[92.61905092885517,24.309110231010422],[92.61846634213579,24.27878761262422],[92.61115900814352,24.250890803708916],[92.58748324600856,24.242400470560778],[92.5640997772333,24.247858541870293],[92.55006969596813,24.243613375296228],[92.54685446901154,24.222084316242025],[92.52902457407039,24.172658448272518],[92.48751891699429,24.160226174734177],[92.46647379509655,24.132935818186596],[92.4360752856887,24.150522936850592],[92.4328600587321,24.181148781420653],[92.41853768410725,24.192368150223547],[92.42204520442354,24.251194029892776],[92.37615514695207,24.249374672789607],[92.29635905975647,24.24998112515733]],[[92.29635905975647,24.24998112515733],[92.2127631588849,24.247555315686434],[92.26420679019049,24.3603554560831],[92.27297559098122,24.386736134079094],[92.25602257611914,24.417058752465294],[92.25660716283852,24.43464587112929],[92.23117764054541,24.45860073965439],[92.23030076046635,24.47831044160542],[92.23965414797645,24.488013679489004],[92.23351598742295,24.501658857762795]],[[92.23351598742295,24.501658857762795],[92.23351598742295,24.58110411793464],[92.22240883975469,24.609000926849944],[92.23994644133614,24.63689773576525],[92.22620865343067,24.679955853873654],[92.23380828078264,24.696936520169924],[92.2574840429176,24.701181686743993],[92.26596055034864,24.712401055546888],[92.27063724410368,24.74272367393309],[92.26449908355018,24.76425273298729],[92.27034495074399,24.780626946915838],[92.2832058585704,24.787297922960803],[92.27472935113936,24.801549553602317],[92.27180641754245,24.8288399101499],[92.24754606868811,24.833085076723965],[92.24900753548656,24.849459290652515],[92.23702350773924,24.86098188563927],[92.25339193588192,24.881601266141885],[92.24345396165243,24.90009806335747],[92.25046900228502,24.90767871795402],[92.28554420544792,24.90767871795402],[92.30775850078442,24.916169051102155],[92.31506583477669,24.90070451572519],[92.34312599730701,24.882814170877335],[92.35569461177371,24.890091599290024],[92.38550853446219,24.861891564190856],[92.40275384268395,24.85522058814589],[92.41064576339559,24.863407695110165],[92.43812133920653,24.85946575471996],[92.45127454039263,24.874020611545337],[92.49774918458347,24.867956087868095],[92.49541083770595,24.906162587034707],[92.48430369003769,24.931027134111392],[92.48868809043306,24.942246502914287],[92.45507435406861,24.942246502914287],[92.45156683375231,24.952556193165595],[92.46588920837718,24.962562657233043],[92.42292208450262,24.97438847840366],[92.41970685754602,24.987427204309725],[92.42526043138014,25.029575643866544]],[[92.42526043138014,25.029575643866544],[92.4422134462422,25.03776275083082],[92.46384315485933,25.035033715176063],[92.46647379509655,25.055046643310952],[92.4807961697214,25.083549904593983],[92.48488827675708,25.10598864219977],[92.52697852055256,25.103562832728873],[92.54334694869524,25.09719508286777],[92.52580934711379,25.123272534679906],[92.52522476039441,25.13782739150528],[92.55357721628442,25.128427379805558],[92.58222196553413,25.129640284541008],[92.62197386245208,25.115388653899494],[92.64448045114827,25.148743534124314],[92.65617218553591,25.151775795962934],[92.66347951952818,25.170575819362377],[92.67984794767086,25.180582283429825],[92.74736771375946,25.205143604322647],[92.77981227668513,25.200291985380854],[92.80378033217978,25.214543616022368],[92.78653502395802,25.228795246663882],[92.77250494269288,25.230614603767055],[92.76490531534091,25.246685591511742],[92.77718163644792,25.257904960314637],[92.77016659581534,25.26639529346277],[92.79267318451153,25.28398241212677],[92.7841966770805,25.305208244997107],[92.78478126379989,25.32976956588993],[92.76110550166493,25.33280182772855],[92.7365528594509,25.371311553079025],[92.71872296450975,25.372524457814475],[92.70089306956861,25.38525995753668],[92.67458666719644,25.414672897371293],[92.66084887929097,25.408001921326328],[92.65500301209715,25.432866468403013],[92.64243439763044,25.41709870684219],[92.62928119644435,25.422556778151705],[92.60765148782723,25.416189028290603],[92.60619002102878,25.445905194309077],[92.59888268703651,25.469253610466453],[92.5830988456132,25.4704665152019],[92.57228399130463,25.461672955869904],[92.56877647098835,25.478350395982314],[92.58192967217444,25.492905252807688],[92.62255844917146,25.513524633310304],[92.64564962458704,25.535053692364507],[92.65061861170179,25.557492429970296],[92.66143346601035,25.567802120221604],[92.65441842537777,25.58993763164353],[92.64155751755138,25.585086012701737],[92.63161954332188,25.568408572589327],[92.60969754134507,25.563556953647538],[92.58836012608764,25.550821453925334],[92.56205372371545,25.572047286795673],[92.55416180300381,25.611466690697732],[92.49891835802224,25.624808642787663],[92.48254992987955,25.661802237218826],[92.46676608845624,25.68029903443441],[92.43549069896932,25.68545387956006],[92.42847565833674,25.708499069533573],[92.44338261968097,25.71880875978488],[92.41766080402817,25.738518461735914],[92.37293991999547,25.744582985413153],[92.36446341256445,25.73457652134571],[92.3404953570698,25.724873283462124],[92.30980455430226,25.7242668310944],[92.27209871090214,25.7091055219013],[92.2384849745377,25.706679712430404],[92.22650094679037,25.71213778373992],[92.20165601121664,25.68545387956006],[92.1712575018088,25.664834499057445],[92.15751971390333,25.70758939098199],[92.15108925999013,25.712744236107643],[92.16599622133435,25.726995866749157],[92.16658080805374,25.743066854493843],[92.15284302014827,25.78187980602818],[92.15488907366611,25.810989519678934],[92.18265694283673,25.84980247121327],[92.18294923619644,25.869815399348163],[92.22679324015006,25.8998347915505],[92.22445489327254,25.909538029434085],[92.20253289129572,25.906505767595466],[92.19902537097943,25.916209005479047],[92.18265694283673,25.906808993779325],[92.1619041142987,25.91347996982429],[92.15810430062271,25.941376778739595],[92.16745768813281,25.962905837793798],[92.19347179714529,25.983525218296414],[92.2095479319283,25.99019619434138],[92.25777633627729,26.027189788772542],[92.30366639374876,26.074796299638876],[92.27560623121843,26.063273704652122],[92.24316166829274,26.060847895181226],[92.21393233232365,26.06933822832936],[92.18090318267859,26.067518871226188],[92.1803185959592,26.077828561477496],[92.15255072678858,26.063273704652122],[92.13530541856682,26.044170455068816],[92.09555352164887,26.046899490723572],[92.06544730560071,26.03325431244978],[92.03826402314945,26.037802705207714],[91.99325084575707,26.039622062310883],[91.98038993793067,26.024460753117783],[91.93625364061735,26.01324138431489],[91.9219312659925,25.998686527489514],[91.91930062575528,26.020215586543717],[91.88568688939084,26.028705919691852],[91.87165680812568,26.05569305005557],[91.87837955539857,26.09632535869308],[91.82898197761081,26.116944739195695],[91.80442933539678,26.103602787105768],[91.79302989436884,26.08571244225791],[91.78104586662151,26.089957608831977],[91.76204679824161,26.070247906880947],[91.7336943423516,26.058118859526466],[91.72580242163994,26.029312372059575],[91.72258719468334,25.95289937372635],[91.67172815009714,25.90438318430843],[91.6503907348397,25.912570291272704],[91.61356177151866,25.9389509692687],[91.63256083989856,25.94349936202663],[91.64045276061022,25.963815516345385],[91.62729955942413,25.98473812303186],[91.63548377349548,26.003841372615167],[91.6348991867761,26.021428491279163],[91.62291515902876,26.025976884037096],[91.5995316902535,26.019912360359854],[91.59076288946278,26.029009145875715],[91.57264070116194,26.02658333640482],[91.56796400740689,26.000809110776547],[91.55393392614172,25.97382198041283],[91.53990384487656,25.961086480690625],[91.52119706985636,25.95714454030042],[91.52236624329511,25.939860647820286],[91.50424405499427,25.919847719685393],[91.5133051491447,25.914389648375877],[91.53844237807812,25.93288644559146],[91.53405797768275,25.922879981524012],[91.51125909562685,25.90893157706636],[91.5036594682749,25.897408982079604],[91.4811528795787,25.883763803805813],[91.47735306590272,25.870421851715886],[91.51038221554779,25.86647991132568],[91.52850440384861,25.88922187511533],[91.52791981712924,25.871937982635195],[91.47764535926241,25.856170221074372]],[[91.47764535926241,25.856170221074372],[91.47121490534921,25.857989578177545]],[[91.47121490534921,25.857989578177545],[91.44695455649487,25.840099233329685],[91.41538687364826,25.853137959235752],[91.3662815892202,25.83979600714582],[91.33617537317204,25.837976650042652],[91.27830128795325,25.746099116332463],[91.25813304613459,25.74700879488405],[91.22656536328797,25.72275070017509],[91.19149016012507,25.73821523555205],[91.19207474684445,25.762776556444873],[91.18272135933435,25.775512056167077],[91.20552024139023,25.83979600714582],[91.19938208083673,25.858292804361405],[91.18184447925528,25.842221816616718],[91.1558303702428,25.849499245029406],[91.1236781006768,25.830699221629963],[91.08421849711854,25.82887986452679],[91.0660963088177,25.819783079010932],[91.05294310763162,25.828273412159067],[91.07603428304719,25.83767342385879],[91.08158785688131,25.851925054500303],[91.05206622755254,25.84828634029396],[91.02371377166253,25.82220888848183],[91.00383782320355,25.8216024361141],[91.01611414431056,25.856776673442095],[91.02955963885634,25.866176685141816],[91.03248257245326,25.88740251801216],[91.01699102438964,25.883763803805813],[90.98805398178024,25.889525101299192],[90.9705163801988,25.886796065644432],[90.9702240868391,25.904686410492292],[90.96116299268868,25.933492897959184],[90.94596373798475,25.947138076232974],[90.9354411770359,25.939254195452563],[90.9190727488932,25.942589683475042],[90.9222879758498,25.912873517456568],[90.89861221371484,25.931067088488287],[90.88633589260783,25.95138324280704],[90.87610562501865,25.942589683475042],[90.82729263395028,25.944712266762078],[90.81326255268512,25.951686468990903],[90.7852023901548,25.92075739823698],[90.78140257647881,25.908021898514775],[90.76123433466014,25.91075093416953],[90.76240350809891,25.921363850604703],[90.74398902643838,25.9149961007436],[90.75597305418572,25.933492897959184],[90.74369673307869,25.94046710018801],[90.75100406707097,25.956841314116556],[90.72411307797941,25.948957433336144],[90.68962246153589,25.950473564255454],[90.67909990058702,25.93622193361394],[90.63087149623803,25.916815457846774],[90.62824085600082,25.898621886815054],[90.61771829505194,25.899228339182777],[90.61128784113875,25.91924126731767],[90.63262525639618,25.937131612165526],[90.59082730596037,25.953505826094077],[90.58615061220533,25.959570349771315],[90.57504346453707,25.938647743084836],[90.55692127623624,25.92894450520125],[90.52915340706562,25.900744470102087],[90.51483103244077,25.8998347915505],[90.5358761543385,25.932279993223734],[90.53821450121603,25.957750992668142],[90.50956975196632,25.995654265650895],[90.48121729607632,26.01506074141806],[90.46134134761733,25.999292979857238],[90.43240430500794,25.98898328960593],[90.40054432880164,26.013847836682615],[90.36897664595503,26.01020912247627],[90.33390144279213,25.988376837238206],[90.328347868958,25.974125206596693],[90.29064202555789,25.963815516345385],[90.2166918055561,25.953809052277936],[90.21259969852042,25.96138970687449],[90.18980081646454,25.945621945313665],[90.18015513559475,25.95714454030042],[90.15151038634504,25.964421968713108],[90.1240348105341,25.957750992668142],[90.10942014254955,25.94198323110732],[90.09217483432779,25.93622193361394],[90.09597464800378,25.92864127901739],[90.06732989875408,25.915602553111324],[90.04628477685634,25.89073800603464],[90.02553194831829,25.893163815505535],[90.0088712268159,25.87860895868016],[90.02553194831829,25.868602494612713],[90.0123787471322,25.84677020937465],[89.97759583732898,25.828273412159067],[89.94865879471959,25.824634697952725],[89.95625842207156,25.810989519678934],[89.95947364902815,25.77460237761549],[89.9258599126637,25.739124914103638],[89.89955351029153,25.74427975922929],[89.89838433685276,25.72729909293302],[89.94105916736763,25.68666678429551],[89.95099714159711,25.65907320156407],[89.98431858460188,25.637544142509867],[89.98724151819879,25.626931226074696],[90.00857893345622,25.623898964236076],[90.02231672136168,25.608434428859113],[90.00594829321899,25.584176334150154],[89.98314941116311,25.590847310195116],[89.97671895724991,25.57477632245043],[89.92995201969939,25.563556953647538],[89.89020012278142,25.55809888233802],[89.87061646768214,25.5399053113063],[89.86973958760306,25.52444077592934],[89.87938526847286,25.49138912188838],[89.8560017996976,25.47653103887914]],[[89.8560017996976,25.47653103887914],[89.86330913368987,25.52292464501003],[89.85629409305729,25.537479501835403],[89.87003188096276,25.54778919208671],[89.87909297511317,25.576292453369742],[89.87412398799842,25.58811827454036],[89.88318508214884,25.615105404904078],[89.881139028631,25.631479618832625],[89.86623206728677,25.664228046689722],[89.84810987898594,25.690608724685717],[89.85658638641698,25.714866819394675],[89.84021795827428,25.714563593210816],[89.82852622388666,25.742157175942257],[89.84343318523088,25.760957199341703],[89.83115686412387,25.80462176981783],[89.81888054301686,25.817054043356173],[89.83524897115954,25.83767342385879],[89.84051025163397,25.877699280128574],[89.87383169463874,25.913176743640427],[89.88756948254421,25.938041290717113],[89.87938526847286,25.944409040578215],[89.84460235866965,25.94046710018801],[89.83115686412387,25.947138076232974],[89.84840217234563,25.956234861748833],[89.84460235866965,25.97230584949352],[89.8714933477612,25.975944563699862],[89.84343318523088,26.005054277350617],[89.83524897115954,26.00717686063765],[89.83524897115954,25.98625425395117],[89.81858824965717,25.98898328960593],[89.82151118325407,26.0235510745662],[89.81303467582303,26.038409157575437],[89.79900459455789,26.01809300325668],[89.78760515352994,26.0387123837593],[89.78818974024932,26.053267240584674],[89.80105064807572,26.05872531189419],[89.79754312775943,26.088441477912667],[89.78614368673148,26.08601566844177],[89.78760515352994,26.106028596576664],[89.76509856483374,26.112396346437766],[89.7697752585888,26.131802822204936],[89.74814554997167,26.156667369281617],[89.72388520111733,26.157577047833204],[89.72271602767856,26.165460928613616]],[[89.72271602767856,26.165460928613616],[89.73499234878558,26.176983523600374],[89.71131658665063,26.173041583210168],[89.7025477858599,26.190931928058024],[89.71307034680876,26.18668676148396],[89.73060794839022,26.206093237251125],[89.72914648159177,26.21731260605402],[89.70517842609712,26.213673891847677],[89.73382317534681,26.2382352127405],[89.7086859464134,26.25703523613994],[89.70985511985216,26.269770735862146],[89.72242373431888,26.259157819426978],[89.7373306956631,26.260370724162424],[89.74229968277785,26.270983640597596],[89.72066997416073,26.30191271135152],[89.73674610894372,26.292815925835658],[89.76422168475466,26.292512699651798],[89.75545288396394,26.32131918711869],[89.76685232499189,26.31707402054462],[89.78585139337179,26.33071919881841],[89.78585139337179,26.352248257872613],[89.82560329028975,26.370441828904333],[89.81654219613932,26.36073859102075],[89.82501870357036,26.35042890076944],[89.82940310396572,26.376809578765435],[89.8621399602511,26.384390233361984],[89.85190969266192,26.402583804393704],[89.84547923874872,26.390757983223086],[89.83232603756264,26.396519280716465],[89.83817190475645,26.41228704227729],[89.84986363914409,26.410164458990256],[89.86009390673327,26.434119327515354],[89.87441628135812,26.44837095815687],[89.85775555985573,26.487790362058927],[89.85950932001388,26.520842016099888],[89.86710894736585,26.53024202779961],[89.87032417432245,26.570267884069395],[89.88289278878915,26.584216288527045],[89.87733921495503,26.594525978778353],[89.88260049542946,26.613022775993937],[89.86710894736585,26.61514535928097],[89.86272454697048,26.632126025577243],[89.87909297511317,26.643345394380137],[89.87324710791935,26.656384120286205],[89.87675462823564,26.683371250649923],[89.86243225361079,26.703687404968676]],[[89.86243225361079,26.703687404968676],[89.86798582744493,26.736739059009636],[89.89487681653648,26.724306785471292],[89.96327346270414,26.723093880735846],[90.00740976001745,26.73431324953874],[90.050376883892,26.728855178229225],[90.0728834725882,26.731887440067844],[90.15121809298535,26.754629403857493],[90.19389292350021,26.770397165418316],[90.1877547629467,26.804055271827],[90.20003108405372,26.83286175929389],[90.23159876690033,26.858029532554436],[90.2675508501423,26.85530049689968],[90.29561101267262,26.84832629467085],[90.31694842793006,26.850752104141748],[90.3508544576542,26.876223103586156],[90.3602078451643,26.89593280553719],[90.4148667034265,26.901694103030565],[90.4271430245335,26.898055388824222],[90.45900300073981,26.87228116319595],[90.53383010082067,26.823158521410306],[90.5648131969479,26.800719783804517],[90.6352558966334,26.791319772104796],[90.6539626716536,26.774035879624662],[90.68406888770176,26.77979717711804],[90.70452942288011,26.76766812976356],[90.73872774596396,26.768881034499007],[90.74574278659654,26.774642331992386],[90.80683209877192,26.7737326534408],[90.87522874493958,26.779190724750315],[90.90153514731176,26.778281046198728],[91.00033030288726,26.787681057898453],[91.05820438810605,26.778887498566455],[91.09327959126895,26.818003676284654],[91.13390836826598,26.807997212217206],[91.18447511949249,26.810726247871965],[91.24118003127252,26.80830043840107],[91.26631726020594,26.804358498010863],[91.2990541164913,26.78434556987597],[91.34026748020771,26.778887498566455],[91.38352689744195,26.800719783804517],[91.40603348613816,26.8343778902132],[91.41246394005135,26.834984342580924],[91.48202975965778,26.791016545920932],[91.49664442764232,26.7888939626339],[91.59456270313875,26.804055271827],[91.62759185278382,26.820429485755547],[91.6828352977654,26.803752045643137],[91.70095748606622,26.811029474055825],[91.730479115395,26.811635926423552],[91.80559850883554,26.85105533032561],[91.83541243152402,26.875313425034573],[91.85704214014113,26.91139734091415],[91.90088614409476,26.915036055120495],[91.95759105587479,26.886532793837464],[91.9891587387214,26.85711985400285],[92.04878658409834,26.84620371138382],[92.06427813216195,26.848932747038578],[92.1008148021233,26.867429544254158],[92.11133736307217,26.892597317514706]],[[91.78309192013936,26.493551659552306],[91.78309192013936,26.493551659552306]],[[89.81478843598119,26.324957901325032],[89.8270647570882,26.324957901325032],[89.81712678285871,26.34588050801151],[89.79374331408344,26.34315147235675],[89.81478843598119,26.324957901325032]],[[84.50732561071477,24.263323077247257],[84.50732561071477,24.263323077247257]],[[88.112179615782,26.538732360947744],[88.13877831151386,26.512351682951753],[88.15222380605964,26.51083555203244],[88.17209975451863,26.52144846846761],[88.17502268811553,26.537216230028434],[88.1890527693807,26.54267430133795],[88.20600578424276,26.538429134763884],[88.23786576044907,26.55177108685381],[88.2399118139669,26.532364611086642],[88.20045221040863,26.50780329019382],[88.18583754242408,26.49385488573617],[88.20045221040863,26.472022600498104],[88.22149733230637,26.469596791027207],[88.23552741357153,26.44715805342142],[88.24984978819639,26.449280636708455],[88.27440243041042,26.42168705397701],[88.2618338159437,26.415925756483635],[88.23581970693122,26.3898483046715],[88.24400392100257,26.375293447846126],[88.27411013705073,26.3810547453395],[88.29837048590507,26.353764388791923],[88.27878683080579,26.330415972634547],[88.26738738977784,26.337693401047236],[88.25452648195144,26.32647403224434],[88.23085071981649,26.28948043781318],[88.18320690218687,26.261583628897874],[88.15076233926119,26.252790069565876],[88.14520876542707,26.230654558143947],[88.12240988337118,26.223073903547398],[88.08119651965477,26.181228690174443],[88.05868993095856,26.171525452290858],[88.04378296961434,26.177589975968097],[88.02390702115537,26.15545446454617],[88.02156867427783,26.14302219100783],[88.00549253949484,26.14029315535307],[87.98853952463277,26.159093178752514],[87.97597091016607,26.15424155981072],[87.97421715000792,26.131802822204936],[87.98210907071957,26.121493131953628],[87.96398688241874,26.097235037244666],[87.97860155040328,26.084802763706325],[87.94411093395976,26.08449953752246],[87.93738818668687,26.069035002145498],[87.91926599838604,26.090867287383563],[87.86957612723859,26.055996276239433],[87.84853100534085,26.044473681252676],[87.8470695385424,26.019912360359854],[87.83245487055785,25.983828444480277],[87.8374238576726,25.962299385426075],[87.83011652368033,25.946531623865248],[87.83625468423384,25.935615481246217],[87.81316350881826,25.929854183752838],[87.82280918968806,25.912873517456568],[87.82193230960898,25.885583160908986],[87.82923964360126,25.871634756451332],[87.86197649988662,25.86496378040637],[87.89091354249602,25.864660554222507],[87.91721994486821,25.851925054500303],[87.88945207569756,25.82887986452679],[87.91663535814882,25.81493146006914],[87.90289757024335,25.811292745862794],[87.90377445032243,25.771873341960735],[87.92481957222016,25.77429915143163],[87.94352634724038,25.76823462775439],[87.94469552067915,25.748828151987222],[87.98561659103586,25.71880875978488],[88.0224455543569,25.70486035532723],[88.02215326099721,25.692124855605027],[88.04582902313217,25.69849260546613],[88.05664387744073,25.686060331927788],[88.04904425008877,25.674234510757167],[88.05430553056321,25.64421511855483],[88.04086003601743,25.61722798819111],[88.04436755633373,25.59539570295305],[88.02682995475227,25.587208595988773],[88.04407526297403,25.56416340601526],[88.03267582194609,25.55355048958009],[88.0414446227368,25.537176275651543],[88.06395121143301,25.528989168687268],[88.07447377238188,25.513524633310304],[88.07593523918032,25.48077620545321],[88.03706022234145,25.486537502946586],[88.00958464653051,25.505337526346032],[88.0098769398902,25.494421383726998],[87.99233933830875,25.502911716875136],[87.98620117775525,25.516253668965064],[87.96135624218152,25.53838918038699],[87.93183461285274,25.536569823283816],[87.90874343743717,25.519285930803683],[87.90172839680459,25.50503430016217],[87.89120583585571,25.51746657370051],[87.8757142877921,25.50351816924286],[87.86636090028199,25.478350395982314],[87.86928383387891,25.46591812244397],[87.83976220455013,25.465008443892383],[87.83157799047879,25.445601968125217],[87.81462497561671,25.434685825506183],[87.79241068028021,25.44924068233156],[87.77721142557628,25.41891806394536],[87.76844262478556,25.38677608845599],[87.78247270605073,25.371311553079025],[87.79474902715774,25.372827683998334],[87.78744169316546,25.33886635140579],[87.79708737403527,25.322795363661104],[87.80731764162445,25.32400826839655],[87.83450092407568,25.30399534026166],[87.85613063269281,25.29793081658442],[87.86226879324633,25.27822111463339],[87.85496145925404,25.253963019924427],[87.84122367134859,25.250324305718085],[87.82836276352218,25.23485977034112],[87.84239284478734,25.19998875919699],[87.80702534826474,25.218788782596437],[87.79328756035929,25.221214592067334]],[[87.79328756035929,25.221214592067334],[87.78890315996392,25.246685591511742],[87.71349147316369,25.25699528176305],[87.71378376652336,25.271853364772287],[87.69712304502099,25.281859828839732],[87.69946139189852,25.303692114077798],[87.6901080043884,25.310666316306623],[87.65766344146273,25.307634054468004],[87.63194162580993,25.31915664945476],[87.61265026407034,25.311879221042073],[87.58634386169817,25.33280182772855],[87.58605156833848,25.348872815473236],[87.57319066051207,25.334317958647862],[87.5533147120531,25.33128569680924],[87.54454591126238,25.296717911848972],[87.54571508470113,25.282163055023595],[87.53139271007629,25.281556602655872],[87.50479401434441,25.292775971458767],[87.4960252135537,25.30551147118097],[87.48754870612265,25.295505007113523],[87.50070190730875,25.26002754360167],[87.49368686667617,25.262453353072566],[87.47848761197224,25.241227520202223],[87.47819531861255,25.1951371402552],[87.46095001039079,25.197866175909958],[87.39781464469756,25.227885568112296],[87.38319997671303,25.223033949170503],[87.37589264272076,25.205446830506506],[87.3294179985299,25.22364040153823],[87.31655709070351,25.170272593178517],[87.29931178248175,25.114782201531767],[87.29726572896391,25.089917654455085],[87.28089730082122,25.09264669010984],[87.26482116603823,25.105078963648186],[87.24699127109709,25.10144024944184],[87.2399762304645,25.08627894024874],[87.21746964176832,25.090220880638945],[87.19379387963335,25.067478916849296],[87.1826867319651,25.064446655010677],[87.14994987567972,25.011382072834824],[87.15959555654953,24.991672370883794],[87.15462656943478,24.94285295528201],[87.16134931670767,24.932240038846842],[87.15462656943478,24.905859360850847],[87.16427225030458,24.890394825473884],[87.15316510263632,24.863104468926306],[87.12042824635095,24.856130266697477],[87.10084459125167,24.827020553046726],[87.08622992326713,24.825201195943553],[87.0833069896702,24.809130208198866],[87.10259835140981,24.8048850416248],[87.08886056350434,24.780020494548115],[87.09236808382063,24.759097887861635],[87.08038405607331,24.745452709587845],[87.08827597678496,24.727865590923848],[87.07658424239733,24.695420389250614],[87.06050810761433,24.671465520725516],[87.05027784002515,24.62507191459463],[87.05641600057865,24.607788022114494],[87.03215565172431,24.621129974204425],[87.01607951694132,24.60718156974677],[86.97135863290862,24.63265256919118],[86.95148268444964,24.627497724065528],[86.95469791140624,24.64356871181021],[86.93599113638602,24.64356871181021],[86.94212929693953,24.63113643827187],[86.90413116017973,24.587471867795742],[86.91319225433014,24.544413749687337],[86.89010107891457,24.555329892306368],[86.8825014515626,24.568368618212435],[86.86057944958579,24.551387951916162],[86.84479560816249,24.555026666122508],[86.84304184800433,24.569278296764022],[86.80621288468329,24.565639582557676],[86.81176645851741,24.595355748576154],[86.79159821669874,24.618097712365802],[86.80036701748948,24.59778155804705],[86.78166024246926,24.616278355262633],[86.76003053385213,24.615671902894906],[86.7518463197808,24.59050412963436],[86.73781623851563,24.57655572517671],[86.72466303732955,24.578981534647603],[86.69280306112324,24.571400880051055],[86.6746808728224,24.56139441598361],[86.65188199076653,24.568065392028572],[86.64749759037116,24.57685895136057],[86.61300697392764,24.59505252239229],[86.61563761416485,24.608091248298358],[86.59020809187176,24.586258963060292],[86.58933121179268,24.573523463338088],[86.56097875590267,24.56018151124816],[86.56419398285927,24.54926536862913],[86.55279454183133,24.5359234165392],[86.52970336641575,24.536529868906925],[86.51187347147462,24.518639524059065],[86.496381923411,24.485284643834245],[86.49492045661253,24.425852311797293],[86.47212157455665,24.422820049958673],[86.4732907479954,24.396136145778815],[86.46802946752098,24.377639348563232],[86.45253791945737,24.36945224159896],[86.42184711668983,24.380065158034128],[86.40489410182775,24.40129099090447],[86.37946457953466,24.41675552628143],[86.35988092443537,24.442832978093566],[86.32568260135153,24.441013620990393],[86.31019105328792,24.445562013748322],[86.30726811969102,24.457691061102803],[86.28563841107389,24.462845906228456],[86.30025307905844,24.47709753686997],[86.31866756071895,24.509239512359343],[86.3078527064104,24.53258792851672],[86.31632921384143,24.54805246389368],[86.31048334664762,24.558968606512714],[86.32919012166784,24.584742832140982],[86.29908390561967,24.58686541542802],[86.2727775032475,24.58262024885395],[86.27073144972965,24.57655572517671],[86.22396451217912,24.612336414872427],[86.22221075202097,24.591717034369807],[86.20145792348293,24.58565251069257],[86.17222858751384,24.584439605957122],[86.15878309296806,24.600207367517946],[86.13218439723619,24.612336414872427],[86.12487706324393,24.642355807074765],[86.14036861130754,24.676013913483448],[86.13101522379743,24.705730079501922],[86.11230844877721,24.736355924071987],[86.06992591162205,24.75212368563281],[86.04566556276771,24.741813995381502],[86.05969564403287,24.762130149700255],[86.05735729715533,24.780020494548115],[86.01292870648233,24.76607209009046],[86.00679054592882,24.751820459448947],[85.98399166387294,24.74787851905874],[85.97697662324036,24.73393011460109],[85.95710067478137,24.73241398368178],[85.91734877786342,24.753943042735983],[85.88461192157806,24.80063987505073],[85.8606438660834,24.80791730346342],[85.82498407620112,24.807007624911833],[85.81767674220885,24.794575351373492],[85.7840630058444,24.79912374413142],[85.77237127145676,24.812768922405212],[85.74372652220706,24.822775386472657],[85.72794268078376,24.78699469677694],[85.7168355331155,24.78123339928356],[85.7104050792023,24.757581756942326],[85.71186654600075,24.729078495659298],[85.68672931706735,24.693904258331305],[85.65662310101919,24.68723328228634],[85.66685336860837,24.67510423493186],[85.66773024868743,24.6508461402229],[85.67912968971538,24.619613843285112],[85.68029886315415,24.595962200943877],[85.67153006236342,24.582317022670086],[85.65106952718506,24.578678308463743],[85.61540973730277,24.585349284508705],[85.60517946971359,24.59778155804705],[85.58354976109648,24.603239629356565],[85.56835050639255,24.583833153589396],[85.57536554702513,24.565639582557676],[85.55928941224214,24.559575058880437],[85.54584391769636,24.5662460349254],[85.5411672239413,24.53258792851672],[85.525383382518,24.525007273920167],[85.509307247735,24.531678249965132],[85.50141532702335,24.55078149954844],[85.44032601484795,24.53622664272306],[85.41372731911609,24.545929880606646],[85.37719064915474,24.52985889286196],[85.32574701784915,24.524704047736307],[85.28950264124748,24.52682663102334],[85.2889180545281,24.497413691188726],[85.25355055800551,24.495594334085553],[85.23104396930931,24.471336239376594],[85.17024695049362,24.467394298986388],[85.15767833602692,24.46314913241232],[85.17638511104713,24.4297942521875],[85.15504769578969,24.41827165720074],[85.12231083950432,24.409174871684883],[85.09658902385152,24.379458705666405],[85.07262096835687,24.387039360262957],[85.0816820625073,24.40856841931716],[85.08343582266544,24.440103942438807],[85.06472904764522,24.41675552628143],[85.03929952535212,24.42554908561343],[84.99750157491633,24.412207133523502],[84.9758718662992,24.376123217643922],[84.95511903776115,24.371878051069856],[84.93261244906496,24.37824580093096],[84.90513687325402,24.372181277253716],[84.90542916661371,24.394013562491782],[84.88526092479503,24.42251682377481],[84.88759927167257,24.462845906228456],[84.87035396345081,24.457691061102803],[84.85486241538719,24.46587816806708],[84.8417092142011,24.452536215977148],[84.83440188020883,24.470123334641144],[84.83995545404296,24.511362095646376],[84.82680225285688,24.524704047736307],[84.80897235791574,24.52106533352996],[84.80283419736222,24.529252440494236],[84.78734264929861,24.504691119601414],[84.7493445125388,24.496200786453276],[84.74759075238066,24.488013679489004],[84.72479187032476,24.468607203721835],[84.7139770160162,24.47224591792818],[84.68620914684557,24.456174930183494],[84.67364053237887,24.431007156922945],[84.67510199917731,24.412813585891225],[84.66574861166721,24.39371033630792],[84.63038111514462,24.403716800375367],[84.58916775142822,24.40129099090447],[84.5798143639181,24.412207133523502],[84.56666116273202,24.3970458243304],[84.57309161664521,24.383703872240474],[84.55321566818624,24.373394181989166],[84.5289553193319,24.376123217643922],[84.53421659980634,24.36096190845082],[84.52632467909469,24.35307802767041],[84.53275513300788,24.33943284939662],[84.51054083767137,24.31517475468766],[84.5096639575923,24.294555374185045],[84.50089515680158,24.286974719588493],[84.48598819545734,24.30274248114932],[84.49008030249301,24.314871528503797],[84.50907937087293,24.327607028226],[84.50469497047756,24.333974778087104],[84.48511131537828,24.315781207055384],[84.46932747395496,24.317297337974694],[84.46202013996269,24.338523170845036],[84.42489888328195,24.331245742432348],[84.4298678703967,24.35883932516379],[84.40239229458577,24.367632884495787],[84.38982368011905,24.389465169733853],[84.36877855822132,24.38643290789523],[84.34334903592821,24.395529693411092],[84.33341106169873,24.410691002604192],[84.33808775545377,24.430703930739085],[84.32259620739016,24.447078144667632],[84.30067420541334,24.450413632690115],[84.2927822847017,24.465574941883215],[84.30184337885211,24.480129798708592],[84.32931895466305,24.48922658422445],[84.3339956484181,24.502265310130518],[84.32668831442584,24.521671785897684],[84.30067420541334,24.565336356373816],[84.27699844327839,24.563516999270643],[84.28576724406912,24.546839559158233],[84.26472212217138,24.530162119045823],[84.22818545221001,24.54956859481299],[84.21649371782237,24.536529868906925],[84.20743262367196,24.556239570857954],[84.18054163458041,24.54653633297437],[84.1901873154502,24.522884690633134],[84.1869720884936,24.509845964727067],[84.16125027284082,24.517123393139755],[84.17206512714938,24.533194380884442],[84.15365064548885,24.539562130745544],[84.14400496461906,24.528645988126513],[84.14751248493535,24.50408466723369],[84.13260552359111,24.49771691737259],[84.11740626888718,24.480736251076316],[84.09665344034913,24.503478214865964],[84.09723802706851,24.533194380884442],[84.08613087940026,24.544413749687337],[84.08028501220645,24.56897507058016],[84.06070135710716,24.58716864161188],[84.05456319655366,24.61142673632084],[84.03205660785746,24.62810417643325],[83.99990433829146,24.63720096194911],[83.98002838983248,24.595658974760017],[83.96541372184794,24.57534282044126],[83.93618438587886,24.547142785342093],[83.87567966042286,24.531981476148996],[83.86603397955305,24.536529868906925],[83.80231402714045,24.528645988126513],[83.78945311931406,24.52258146444927]],[[83.78945311931406,24.52258146444927],[83.75642396966899,24.509542738543207]],[[83.75642396966899,24.509542738543207],[83.72456399346268,24.50408466723369],[83.69036567037885,24.51469758366886],[83.60793894294603,24.512271774197963],[83.57900190033665,24.51591048840431],[83.55035715108694,24.525007273920167],[83.50592856041393,24.525916952471754]],[[83.50592856041393,24.525916952471754],[83.50125186665888,24.54077503548099],[83.52521992215352,24.54805246389368],[83.53281954950549,24.583833153589396],[83.52521992215352,24.60202672462112],[83.54246523037529,24.61445899815946],[83.54684963077065,24.62658804551394],[83.52872744246982,24.628710628800974],[83.5322349627861,24.640839676155455],[83.50534397369455,24.650239687855176],[83.50739002721238,24.66722035415145],[83.52112781511785,24.677530044402758],[83.49774434634259,24.704517174766476],[83.48868325219217,24.704213948582613],[83.49043701235031,24.733626888417227],[83.4749454642867,24.733020436049504]],[[83.4749454642867,24.733020436049504],[83.47056106389134,24.733626888417227]],[[83.47056106389134,24.733626888417227],[83.46120767638124,24.731807531314054],[83.44220860800132,24.755459173655293],[83.41940972594544,24.773652744687013],[83.39427249701203,24.785175339673767],[83.40362588452214,24.80943343438273],[83.3983646040477,24.831568945804655],[83.37644260207088,24.861588338006992],[83.36212022744604,24.86886576641968],[83.37205820167553,24.87887223048713],[83.35948958720881,24.90131096809292],[83.36416628096387,24.90798194413788],[83.36533545440264,24.95346587171718],[83.34662867938242,24.961652978681457],[83.35422830673438,24.990156239964485],[83.35218225321654,25.008653037180068],[83.3279219043622,25.01380788230572],[83.3247066774056,25.036549846095372],[83.34633638602273,25.08627894024874],[83.34838243954056,25.1105370349577],[83.36212022744604,25.108414451670665],[83.36592004112202,25.12600157033466],[83.36182793408635,25.147227403205004],[83.35159766649717,25.156627414904726],[83.3565666536119,25.17664034303962],[83.34370574578551,25.179369378694375],[83.35802812041037,25.19695649735837],[83.36855068135924,25.194227461703615],[83.39368791029264,25.203930699587197],[83.4176559657873,25.247292043879465],[83.4369473275269,25.242440424937673],[83.44805447519515,25.25729850794691],[83.4655920767766,25.24850494861491],[83.48868325219217,25.280343697920422],[83.50651314713332,25.28095015028815],[83.555033844842,25.309756637755036],[83.57783272689788,25.308240506835727],[83.5965395019181,25.324614720764277],[83.6283994781244,25.32673730405131],[83.63833745235388,25.341292160876687],[83.64710625314461,25.338259899038068],[83.65850569417256,25.36585348176951],[83.66844366840205,25.361911541379303],[83.69475007077422,25.36736961268882],[83.68451980318504,25.37980188622716],[83.7046880450037,25.394356743052537],[83.71228767235567,25.384350278985092],[83.72631775362083,25.397995457258883],[83.79062229275281,25.396782552523433],[83.80786760097457,25.409214826061774],[83.8137134681684,25.422556778151705],[83.80114485370169,25.42831807564508],[83.84674261781346,25.434989051690046],[83.84177363069871,25.448331003779973],[83.81400576152808,25.451666491802456],[83.8230668556785,25.466524574811693],[83.8420659240584,25.461066503502177],[83.85960352563986,25.47167941993735],[83.87977176745852,25.501395585955827],[83.88123323425698,25.518376252252096],[83.90110918271596,25.523531097377752],[83.92946163860597,25.559918239441192],[83.95284510738124,25.565376310750707],[84.0083808457225,25.605705393204357],[84.03673330161251,25.620866702397457],[84.0849617059615,25.635724785406694],[84.0881769329181,25.650886094599795],[84.07823895868862,25.693640986524336],[84.10279160090265,25.71850553360102],[84.15657357908576,25.729118450036193],[84.20275592991692,25.701524867304748],[84.20801721039135,25.670595796550824],[84.2255548119728,25.66240868958655],[84.29395145814046,25.659679653931793],[84.29044393782416,25.672718379837857],[84.32698060778552,25.67029257036696],[84.3339956484181,25.73518297371343],[84.33984151561192,25.74276362830998],[84.39683872075163,25.74246040212612],[84.38953138675936,25.732453938058672],[84.40210000122607,25.72729909293302],[84.41028421529741,25.697886153098406],[84.43191392391454,25.693337760340473],[84.43249851063392,25.710015200452887],[84.46348160676115,25.708802295717437],[84.4748810477891,25.68393774864075],[84.49767992984498,25.689395819950267],[84.4968030497659,25.676357094044203],[84.53275513300788,25.682724843905305],[84.53626265332417,25.71365391465923],[84.54415457403582,25.724873283462124],[84.53977017364046,25.69121517705344],[84.56052300217851,25.68242161772144],[84.56695345609171,25.699402284017715],[84.5640305224948,25.73487974752957],[84.60378241941275,25.737608783184328],[84.63885762257566,25.726692640565297],[84.63067340850432,25.745795890148603],[84.6087514065275,25.75913784223853],[84.6183970873973,25.77581528235094],[84.62921194170586,25.770660437225285],[84.62950423506555,25.790673365360178],[84.59559820534142,25.81796372190776],[84.55526172170407,25.83949278096196],[84.55263108146686,25.828273412159067],[84.5353857732451,25.832518578733136],[84.53480118652571,25.853744411603476],[84.54912356115057,25.86041538764844],[84.53713953340323,25.8758799230254],[84.51492523806674,25.87072507789975],[84.493880116169,25.88740251801216],[84.43191392391454,25.89043477985078],[84.41671466921062,25.929550957568978],[84.3947926672338,25.93622193361394],[84.36000975743059,25.957447766484282],[84.32230391403047,25.945925171497525],[84.30008961869396,25.946228397681388],[84.24923057410776,25.980796182641654],[84.21035555726888,25.99838330130565],[84.20100216975877,25.98746715868662],[84.18112622129979,25.99656394420248],[84.17498806074629,25.989286515789793],[84.17586494082535,26.023247848382336],[84.1454664314175,26.04477690743654],[84.12471360287945,26.072673716351844],[84.09986866730574,26.094202775406046],[84.05777842351026,26.09753826342853],[84.05134796959706,26.129073786550176],[84.02708762074272,26.142718964823967],[84.03673330161251,26.160609309671823],[84.01188836603879,26.175770618864924],[84.0180265265923,26.196996451735266],[84.02942596762024,26.195177094632093],[84.03322578129622,26.21731260605402],[84.01714964651322,26.222770677363535],[84.02036487346982,26.2382352127405],[84.0402408219288,26.23671908182119],[84.05836301022964,26.223073903547398],[84.08262335908398,26.222467451179675],[84.10133013410419,26.237931986556635],[84.11945232240502,26.239448117475945],[84.12179066928255,26.259461045610838],[84.15043541853225,26.255519105220632],[84.16241944627957,26.242783605498428],[84.17703411426412,26.271286866781455],[84.18054163458041,26.301306258983796],[84.19077190216959,26.314648211073724],[84.17615723418504,26.335570817760203],[84.18054163458041,26.37165473363978],[84.12412901616007,26.38499668572971],[84.07063933133665,26.387422495200603],[84.06420887742345,26.399551542555084],[84.04520980904354,26.405312840048463],[84.02562615394426,26.429267708573562],[84.02007258011014,26.445945148685972],[83.99961204493178,26.445035470134385],[83.9925970042992,26.43229997041218],[83.95547574761845,26.4353322322508],[83.91133945030514,26.44746127960528],[83.9160161440602,26.504164575987478],[83.91133945030514,26.515383944790372],[83.93969190619515,26.522054920835334],[83.95489116089908,26.50750006400996],[83.97476710935805,26.50901619492927],[83.98353591014877,26.529332349248023],[84.00984231252096,26.522358147019197],[84.05690154343118,26.54085494423478],[84.05865530358932,26.5590485152665],[84.09402280011192,26.607867930868284],[84.08963839971655,26.63819054925448],[84.11536021536935,26.63455183504814],[84.16125027284082,26.635764739783585],[84.15774275252453,26.625151823348418],[84.21123243734795,26.621816335325935],[84.24016947995734,26.607261478500558],[84.26822964248765,26.60483566902966],[84.28138284367375,26.59695178824925],[84.30418172572963,26.60422921666194],[84.30622777924748,26.6133260021778],[84.33458023513748,26.612719549810073],[84.36000975743059,26.61787439493573],[84.37988570588956,26.613022775993937],[84.38806991996091,26.61939052585504],[84.4237297098432,26.624848597164554],[84.41408402897339,26.640313132541518],[84.41145338873618,26.668816393824546],[84.34627196952512,26.67882285789199],[84.33253418161965,26.68610028630468],[84.32785748786459,26.713693869036124],[84.30739695268623,26.750687463467287],[84.28810559094664,26.748564880180254],[84.25156892098528,26.728248725861498],[84.23403131940384,26.754326177673633],[84.24484617371239,26.764332641741078],[84.26179918857446,26.805874628930173],[84.25215350770466,26.8192165810201],[84.2606300151357,26.8280101403521],[84.25507644130158,26.855906949267403],[84.2381234264395,26.867126318070298],[84.21883206469991,26.868339222805744],[84.18609520841453,26.850448877957888],[84.18434144825639,26.83316498547775],[84.16008109940205,26.836803699684097],[84.14108203102214,26.852874687428784],[84.15043541853225,26.884713436734295],[84.13991285758338,26.882590853447258],[84.11009893489492,26.898055388824222],[84.10220701418326,26.87501019885071],[84.08583858604058,26.875919877402296],[84.06157823718624,26.88895860330836],[84.05193255631643,26.906242495788497],[84.05719383679087,26.928984459578146],[84.03468724809467,26.939900602197177],[84.0563169567118,26.959003851780484],[84.0592398903087,26.987810339247375],[84.0402408219288,27.008732945933854],[84.05047108951798,27.04178459997481],[84.0341026613753,27.04178459997481],[84.00458103204652,27.05815881390336],[84.030595141059,27.092423372679768],[84.02153404690858,27.10182338437949],[83.96482913512857,27.083023360980047],[83.9507990538634,27.08666207518639],[83.94816841362618,27.10788790805673],[83.9636599616898,27.128810514743208],[83.9607370280929,27.13790730025907],[83.99493535117672,27.17853960889658],[83.98879719062322,27.19733963229602],[83.97038270896269,27.213410620040708],[83.97418252263867,27.22008159608567],[83.95810638785568,27.23524290527877],[83.91192403702452,27.24888808355256],[83.9060781698307,27.273752630629247],[83.92887705188659,27.28952039219007],[83.93355374564165,27.313172034531306],[83.91806219757802,27.32712043898896],[83.88240240769575,27.312868808347446],[83.86048040571893,27.30892686795724],[83.83943528382119,27.32408817715034],[83.85960352563986,27.332275284114612],[83.86661856627244,27.345010783836816]],[[83.86661856627244,27.345010783836816],[83.88590992801204,27.370785009465088],[83.87918718073914,27.38594631865819],[83.86515709947399,27.393223747070877],[83.83505088342582,27.428094758215007],[83.85638829868326,27.44507542451128],[83.8742181936244,27.434765734259972],[83.91543155734081,27.439920579385625],[83.93589209251917,27.448714138717623],[83.95021446714402,27.441133484121075],[83.97038270896269,27.444165745959694],[83.98382820350847,27.43749476991473],[84.00107351173023,27.444772198327417],[84.02562615394426,27.435372186627696],[84.06333199734438,27.453565757659415],[84.07005474461727,27.480856114206997],[84.08788463955841,27.48601095933265],[84.10162242746388,27.498443232870994],[84.10191472082357,27.513907768247954],[84.1171139755275,27.52088197047678],[84.13406699038956,27.51178518496092],[84.15423523220824,27.518759387189746],[84.1489739517338,27.49389484011306],[84.1551121122873,27.486617411700376],[84.18989502209051,27.469939971587962],[84.21094014398825,27.46751416211707],[84.21853977134022,27.439617353201765],[84.22701627877126,27.448410912533763],[84.25507644130158,27.44962381726921],[84.26033772177601,27.43446250807611],[84.27466009640086,27.425062496376388],[84.27729073663808,27.39686246127722],[84.29424375150015,27.38443018773888],[84.30359713901025,27.391404389967704],[84.3404261023313,27.375333402223017],[84.38280863948647,27.374726949855294],[84.39333120043534,27.36926887854578],[84.42431429656257,27.37108823564895],[84.46026637980455,27.362901128684676],[84.47225040755187,27.35441079553654],[84.4874496622558,27.359868866846057],[84.52690926581406,27.35168175988178],[84.56636886937233,27.349255950410885],[84.62628900810896,27.33652045068868],[84.67597887925639,27.256468738149113],[84.69147042732001,27.223417084108153],[84.68591685348588,27.181268644551334],[84.67773263941454,27.17126218048389],[84.68796290700372,27.16246862115189],[84.67860951949362,27.123352443433692],[84.67831722613391,27.102429836747213],[84.6505493569633,27.0730168969126],[84.64616495656793,27.046636218916603],[84.70170069490919,27.029049100252607],[84.76308230044427,27.00024261278572],[84.77740467506912,27.018132957633576],[84.79289622313273,26.99751357713096],[84.80546483759944,27.001455517521165],[84.816279691908,27.019345862369025],[84.8291405997344,27.020861993288335],[84.8577853489841,27.00842971974999],[84.85515470874688,26.99599744621165],[84.90104476621835,26.973255482421997],[84.93202786234558,26.971739351502688],[84.96593389206971,26.960519982699793],[84.97937938661549,26.945358673506696],[84.97148746590383,26.920190900246148],[85.001593681952,26.91564250748822],[85.001593681952,26.89926829355967],[85.0109470694621,26.89441667461788],[85.05362189997697,26.88895860330836],[85.06005235389017,26.881681174895675],[85.03286907143892,26.874403746482987],[85.02731549760479,26.855906949267403],[85.06706739452275,26.849842425590165],[85.08723563634142,26.85408759216423],[85.08723563634142,26.86500373478326],[85.10535782464225,26.871068258460504],[85.1930458325495,26.869552127541194],[85.19392271262858,26.834681116397064],[85.17930804464403,26.81466818826217],[85.19421500598827,26.7801004033019],[85.21350636772786,26.75826811806384],[85.23630524978375,26.762816510821768],[85.25851954512025,26.75553908240908],[85.30791712290801,26.752203594386597],[85.3368541655174,26.741287451767565],[85.36169910109112,26.763119737005628],[85.37222166203999,26.757661665696112],[85.40934291872074,26.791016545920932],[85.43769537461074,26.789197188817763],[85.45464838947281,26.781010081853488],[85.47540121801086,26.789197188817763],[85.48007791176592,26.802235914723827],[85.4964463399086,26.79677784341431],[85.50755348757686,26.815577866813758],[85.5224604489211,26.812848831159],[85.54496703761728,26.83741015205182],[85.56747362631347,26.840745640074303],[85.5762424271042,26.859545663473746],[85.58822645485154,26.84832629467085],[85.60956387010896,26.85681662781899],[85.6244708314532,26.87379729411526],[85.6370394459199,26.87228116319595],[85.64317760647342,26.853177913612644],[85.67796051627661,26.84468758046451],[85.7264812139853,26.816790771549204],[85.73583460149541,26.79495848631114],[85.72998873430159,26.74826165399639],[85.73554230813572,26.738255189928946],[85.72735809406437,26.724003559287432],[85.72414286710777,26.680945441179027],[85.74226505540861,26.644861525299447],[85.76886375114047,26.63182279939338],[85.80218519414524,26.625151823348418],[85.8062773011809,26.6133260021778],[85.83024535667555,26.602409859558765],[85.83053765003524,26.613022775993937],[85.85216735865237,26.608474383236008],[85.85684405240741,26.591493716939734],[85.84749066489731,26.572087241172564],[85.8574286391268,26.569054979333945],[85.88344274813929,26.582700157607736],[85.90185722979982,26.602106633374905],[85.92874821889137,26.616055037832556],[85.94453206031467,26.615751811648696],[85.9568083814217,26.64971314424124],[85.9758074498016,26.659416382124824],[86.01468246664048,26.65608089410234],[86.03017401470409,26.66639058435365],[86.07197196513988,26.65911315594096],[86.07664865889494,26.650319596608963],[86.12692311676176,26.628184085187037],[86.13949173122847,26.6284873113709],[86.14358383826414,26.60422921666194],[86.17632069454952,26.61787439493573],[86.19444288285035,26.614538906913246],[86.19853498988601,26.59695178824925],[86.2216261653016,26.589977586020424],[86.25640907510481,26.6133260021778],[86.29645326538245,26.613022775993937],[86.31077564000731,26.619693752038902],[86.34555854981052,26.61666149020028],[86.34322020293298,26.605745347581248],[86.39641759439672,26.594525978778353],[86.39817135455488,26.585429193262495],[86.45487626633489,26.569054979333945],[86.50105861716605,26.542067848970227],[86.53817987384679,26.541461396602504],[86.57296278365,26.497796826126375],[86.61797596104239,26.485971004955758],[86.63551356262383,26.46686775537245],[86.69718746151861,26.449280636708455],[86.70274103535273,26.438667720273283],[86.7351855982784,26.42441608963177],[86.75535384009709,26.44685482723756],[86.77289144167854,26.458377422224313],[86.81790461907093,26.441699982111903],[86.84274955464466,26.439880625008733],[86.8661330234199,26.455345160385694],[86.89682382618746,26.461409684062936],[86.89623923946807,26.486880683507344],[86.93189902935035,26.488396814426654],[86.93306820278912,26.511745230584026],[86.96375900555665,26.522054920835334],[87.01607951694132,26.53388074200595],[87.04618573298947,26.57299691972415],[87.04560114627009,26.587248550365665],[87.07249213536166,26.586338871814082],[87.07833800255547,26.536913003844575],[87.09236808382063,26.45200967236321],[87.13036622058044,26.422596732528596],[87.15754950303169,26.405616066232326],[87.19087094603644,26.40470638768074],[87.18765571907984,26.41410639938046],[87.21279294801326,26.41289349464501],[87.21805422848769,26.404403161496877],[87.2306228429544,26.413803173196598],[87.26569804611731,26.408041875703223],[87.26686721955606,26.373777316926816],[87.29054298169103,26.37438376929454],[87.30311159615773,26.366499888514127],[87.3136341571066,26.371957959823643],[87.34110973291754,26.348306317482407],[87.3583550411393,26.360435364836885],[87.35572440090209,26.385603138097434],[87.3650777884122,26.402887030577567],[87.38875355054715,26.41865479213839],[87.42879774082479,26.421080601609287],[87.44399699552872,26.432603196596045],[87.47848761197224,26.439880625008733],[87.51794721553051,26.430480613309008],[87.5498071917368,26.41865479213839],[87.55536076557092,26.4050096138646],[87.58663615505785,26.393790245061705],[87.59043596873383,26.382570876258814],[87.60943503711374,26.3810547453395],[87.61411173086879,26.390757983223086],[87.65269445434798,26.392880566510122],[87.65152528090923,26.405616066232326],[87.67870856336047,26.416228982667494],[87.67900085672017,26.435635458434664],[87.71524523332182,26.42744835147039],[87.73570576850018,26.40773864951936],[87.74038246225524,26.41865479213839],[87.76668886462741,26.408951554254806],[87.78013435917319,26.434422553699214],[87.77691913221659,26.451403219995488],[87.7959182005965,26.46838388629176],[87.83099340375941,26.449887089076178],[87.82953193696095,26.440183851192593],[87.85057705885869,26.435635458434664],[87.8628533799657,26.448067731973005],[87.86022273972848,26.462925814982245],[87.88711372882004,26.47596454088831],[87.8914981292154,26.486274231139618],[87.91137407767438,26.458377422224313],[87.90055922336583,26.44897741052459],[87.92452727886047,26.44685482723756],[87.91780453158759,26.433209648963768],[87.93475754644965,26.418048339770667],[87.96749440273503,26.397732185451915],[87.99321621838783,26.393183792693982],[87.99233933830875,26.372564412191366],[88.01016923324988,26.35497729352737],[88.03121435514763,26.355583745895093],[88.03326040866547,26.377112804949295],[88.0613205711958,26.398641864003498],[88.09844182787653,26.434422553699214],[88.09668806771839,26.45352580328252],[88.1086720954657,26.46535162445314],[88.10750292202694,26.4896097191621],[88.09961100131528,26.508712968745407],[88.112179615782,26.538732360947744]],[[76.84134766610292,30.75994406649072],[76.83608638562849,30.736292424149486],[76.84953188017427,30.710518198521214],[76.83287115867188,30.682014937238186]],[[76.83287115867188,30.682014937238186],[76.80744163637878,30.665337497125776],[76.74606003084371,30.693537532224944],[76.72823013590256,30.709608519969628],[76.72939930934132,30.724769829162728],[76.70367749368853,30.75630535228438],[76.74459856404525,30.77328601858065],[76.7589209386701,30.790873137244645],[76.77265872657557,30.795421530002578],[76.79048862151672,30.781776351728787],[76.7942884351927,30.77025375674203],[76.80948768989661,30.782079577912647],[76.81679502388889,30.773892470948375],[76.80451870278188,30.7657053639841],[76.81474897037106,30.759034387939135],[76.84134766610292,30.75994406649072]],[[83.94641465346804,23.622909376930703],[83.95606033433783,23.624728734033873]],[[83.95606033433783,23.624728734033873],[83.99990433829146,23.63352229336587],[84.01422671291631,23.632612614814285],[84.00925772580158,23.620786793643667],[84.02971826097993,23.597741603670155],[84.03001055433963,23.544677021494305],[84.01598047307446,23.50010277246659],[84.00458103204652,23.493735022605488],[83.98645884374568,23.461289820932254],[83.97681316287589,23.4561349758066],[83.98675113710537,23.427328488339707],[83.97505940271775,23.393670381931027],[83.97418252263867,23.37487035853158],[83.98207444335033,23.36547034683186],[84.01364212619694,23.35364452566124],[84.02796450082178,23.37608326326703],[84.05456319655366,23.37183809669296],[84.05573236999241,23.354857430396688],[84.07736207860954,23.33090256187159],[84.06713181102036,23.309070276633527],[84.07093162469634,23.29299928888884],[84.05748613015056,23.24175406381616],[84.06333199734438,23.19748304097231],[84.05105567623737,23.18565721980169],[84.03614871489313,23.155031375231626],[84.04316375552571,23.13592812564832],[84.06011677038778,23.125618435397012],[84.07385455829325,23.10833454291688],[84.09489968019099,23.110760352387775],[84.11945232240502,23.088321614781986],[84.13348240367019,23.086502257678816],[84.13786680406554,23.06466997244075],[84.13172864351203,23.031921544583653],[84.15131229861132,22.98946987884297],[84.1551121122873,22.965211784134013],[84.17498806074629,22.9724892125467],[84.17557264746566,22.9964440810718],[84.183756861537,23.02191508051621],[84.19691006272309,23.025250568538688],[84.20392510335567,23.00554086658766],[84.22409334517434,22.977947283856217],[84.2445538803527,22.981889224246423],[84.25799937489847,22.97279243873056],[84.27845991007683,22.990379557394558],[84.28547495070941,22.962785974663117],[84.31382740659943,22.96915372452422],[84.33867234217315,22.980676319510973],[84.35065636992049,22.975218248201458],[84.37754735901204,22.976734379120767],[84.38485469300431,22.953689189147255],[84.39596184067256,22.940347237057328],[84.39333120043534,22.918514951819265],[84.37783965237173,22.903353642626165],[84.38397781292524,22.877579416997893],[84.37667047893297,22.866360048195],[84.33633399529563,22.861205203069346],[84.32727290114522,22.851198739001898],[84.32464226090799,22.819056763512528],[84.31704263355604,22.800863192480804],[84.29716668509705,22.789037371310187],[84.29219769798232,22.765082502785088],[84.26121460185507,22.764779276601228],[84.23227755924569,22.736882467685923],[84.23929259987827,22.690488861555036],[84.22760086549064,22.670779159604006],[84.20860179711073,22.667140445397663],[84.15686587244545,22.636211374643736],[84.08730005283903,22.63833395793077],[84.05514778327303,22.59618551837395],[84.02825679418147,22.589211316145125],[84.01218065939848,22.57162419748113],[84.00633479220467,22.54160480527879],[84.00955001916127,22.522804781879344]],[[84.00955001916127,22.522804781879344],[84.00136580508992,22.53068866265976],[83.98090526991156,22.510978960708727],[83.98762801718445,22.500669270457422],[84.02007258011014,22.48732731836749],[84.0308874344187,22.472772461542114],[84.04579439576293,22.470953104438944],[84.04842503600014,22.44002403368502],[84.0308874344187,22.424256272124197],[83.99990433829146,22.371494916132207],[83.97389022927898,22.35997232114545],[83.92244659797339,22.361791678248622],[83.90403211631286,22.34177875011373],[83.8680800330709,22.3460239166878],[83.84995784477006,22.3284367980238],[83.8294973095917,22.31782388158863],[83.82774354943355,22.2981141796376],[83.80494466737767,22.292049655960362],[83.78565330563808,22.2765851205834],[83.7783459716458,22.25960445428713],[83.752624155993,22.243533466542438],[83.70001135124866,22.247778633116507],[83.66464385472607,22.226856026430028],[83.65295212033843,22.226856026430028],[83.62635342460656,22.198655991330863],[83.61320022342048,22.159843039796527],[83.5643872323521,22.102230064862745],[83.60735435622665,22.067965506086338],[83.59069363472427,22.057352589651167],[83.54538816397219,22.05765581583503],[83.54100376357684,22.024604161794073],[83.55561843156137,22.00913962641711],[83.54158835029622,21.97881700803091],[83.5421729370156,21.966081508308704],[83.56497181907149,21.946371806357675],[83.56058741867612,21.934849211370917],[83.59478574175995,21.92878468769368],[83.60764664958634,21.913623378500578],[83.57870960697696,21.87450720078238],[83.59127822144366,21.855403951199072],[83.58075566049479,21.83235876122556],[83.5646795257118,21.837210380167352],[83.53837312333961,21.834481344512596],[83.54363440381405,21.796578071529844],[83.51323589440621,21.80324904757481],[83.49803663970228,21.81719745203246],[83.49131389242939,21.79718452389757],[83.47436087756732,21.78535870272695],[83.48312967835804,21.77656514339495],[83.48108362484021,21.752307048685992],[83.49131389242939,21.74442316790558],[83.46354602325876,21.697119883223106],[83.43899338104472,21.696816657039243],[83.42700935329741,21.6780166336398],[83.44805447519515,21.658003705504907],[83.49014471899062,21.642539170127947],[83.49160618578908,21.628590765670292],[83.47699151780454,21.629803670405742],[83.47026877053165,21.6085778375354],[83.44834676855484,21.621010111073744],[83.45477722246804,21.6476940152536],[83.44834676855484,21.65224240801153],[83.42057889938421,21.639203682105464],[83.38784204309883,21.615552039764225],[83.37527342863213,21.600087504387265],[83.3694275614383,21.575526183494443],[83.37293508175459,21.55278421970479],[83.36153564072666,21.538229362879413],[83.34282886570644,21.494868018587148],[83.34925931961963,21.488500268726046],[83.35744353369098,21.447261507720814],[83.37731948214996,21.439377626940402],[83.3887189231779,21.412996948944407],[83.40099524428491,21.4026872586931],[83.4012875376446,21.364480759526487],[83.40976404507565,21.351745259804282],[83.38199617590502,21.343254926656144],[83.32646043756375,21.361448497687867],[83.28846230080394,21.378429163984137],[83.27735515313569,21.378429163984137],[83.27326304610001,21.348712997965663],[83.26215589843177,21.335371045875732],[83.26595571210774,21.305351653673394],[83.2799857933729,21.29959035618002],[83.27501680625817,21.271996773448574],[83.24958728396506,21.279880654228986],[83.2320496823836,21.270480642529265],[83.22152712143473,21.254409654784578],[83.22620381518979,21.227119298237],[83.21480437416184,21.20498378681507],[83.21860418783783,21.194674096563766],[83.2069124534502,21.17769343026749],[83.19989741281762,21.143125645307222],[83.1686220233307,21.13493853834295],[83.14114644751976,21.108861086530815],[83.1271163662546,21.10461591995675],[83.07859566854592,21.111590122185575],[83.04790486577838,21.122506264804606],[83.01779864973022,21.1488869428006],[82.98710784696267,21.16071276397122],[82.97249317897814,21.15919663305191],[82.96343208482772,21.17890633500294],[82.94969429692225,21.166474061464598],[82.92923376174389,21.161622442522805],[82.9096501066446,21.166170835280735],[82.88655893122903,21.15222243082308],[82.84739162103045,21.166474061464598],[82.80296303035745,21.153738561742394],[82.79624028308456,21.1425191929395],[82.76496489359764,21.161622442522805],[82.72842822363629,21.161925668706665],[82.70153723454472,21.155861145029426],[82.69189155367492,21.16101599015508],[82.66938496497873,21.153738561742394],[82.64337085596624,21.152525657006944],[82.64132480244841,21.139486931100876],[82.65506259035388,21.127964336114122],[82.64687837628253,21.12008045533371],[82.65243195011666,21.10491914614061],[82.63314058837706,21.080054599063928],[82.61677216023438,21.07429330157055],[82.62963306806077,21.03972551661028],[82.61180317311963,21.009099672040215],[82.58929658442344,20.98999642245691],[82.56035954181404,20.94481572106147],[82.49050142884792,20.902970507688515],[82.49196289564638,20.87628660350866],[82.4849478550138,20.850209151696525],[82.46711796007266,20.83898978289363],[82.46097979951915,20.824738152252117],[82.44402678465708,20.83292525921639],[82.42298166275934,20.82989299737777],[82.41304368852985,20.84050591381294],[82.40865928813449,20.86567368707349],[82.39024480647397,20.873254341670037],[82.37533784512974,20.867189817992795],[82.3633538173824,20.873254341670037],[82.366569044339,20.88598984139224],[82.3540004298723,20.886899519943828],[82.3414318154056,20.843841401835423],[82.34610850916064,20.79350585531433],[82.34260098884437,20.761970332192682],[82.35312354979322,20.732254166174204],[82.3507852029157,20.702234773971867],[82.35867712362736,20.68161539346925],[82.3732917916119,20.664634727172977],[82.37504555177004,20.63309920405133],[82.3633538173824,20.6070217522392],[82.34610850916064,20.597924966723337],[82.34990832283663,20.57882171714003],[82.33149384117611,20.557595884269688],[82.34961602947693,20.541524896525004],[82.35633877674982,20.526666813515767],[82.38790645959644,20.5136280876097],[82.3955060869484,20.45662156504364],[82.4048594744585,20.45601511267592],[82.41742808892522,20.477240945546257],[82.42678147643532,20.461169957801573],[82.42532000963686,20.44236993440213],[82.43671945066481,20.429937660863786],[82.43175046355007,20.414169899302962],[82.41742808892522,20.406892470890273],[82.4180126756446,20.381421471445865],[82.40544406117789,20.359892412391662],[82.40135195414221,20.33957625807291],[82.42999670339192,20.313802032444638],[82.43555027722604,20.282872961690714],[82.41245910181047,20.267711652497614],[82.42152019596088,20.245879367259548],[82.41187451509109,20.244060010156375],[82.4212279026012,20.20676318954135],[82.41333598188955,20.183414773383973],[82.39082939319334,20.164917976168393],[82.38644499279799,20.14915021460757],[82.39842902054531,20.12367921516316],[82.40222883422129,20.093659822960824],[82.39842902054531,20.06424688312621],[82.40339800766006,20.053633966691038],[82.44899577177183,20.039988788417247],[82.48348638821535,20.034833943291595],[82.4975164694805,20.023311348304837],[82.53171479256434,20.015427467524425],[82.55129844766363,20.016943598443735],[82.58345071722962,20.003904872537667],[82.58988117114282,19.99511131320567],[82.6220334407088,19.99207905136705],[82.63109453485923,20.00269196780222],[82.65798552395079,20.004511324905394],[82.7149827290905,19.995414539389532],[82.71702878260834,19.952053195097264],[82.70796768845791,19.912027338827478],[82.71702878260834,19.87564019676404],[82.72521299667967,19.876246649131765],[82.70621392829977,19.832278852471774],[82.65330883019573,19.830762721552464],[82.62641784110417,19.791646543834265],[82.58608135746684,19.781336853582957],[82.5869582375459,19.802562686453296],[82.57935861019395,19.80741430539509],[82.58169695707147,19.837433697597426],[82.60508042584674,19.865633732696594],[82.5743896230792,19.87685310149949],[82.55188303438301,19.874124065844732],[82.53756065975816,19.887162791750796],[82.53054561912558,19.87806600623494],[82.50511609683247,19.90020151765686],[82.48319409485566,19.90565958896638],[82.4659487866339,19.89959506528914],[82.4498726518509,19.908085398437272],[82.42152019596088,19.90141442239231],[82.39638296702748,19.886859565566937],[82.37563013848943,19.859569209019355],[82.34698538923972,19.835007888126533],[82.33266301461487,19.8456208045617],[82.32564797398229,19.864117601777284],[82.30577202552331,19.888375696486243],[82.3028490919264,19.903840231863207],[82.2771272762736,19.94993061181023],[82.26923535556196,19.976311289806226],[82.23825225943473,20.00269196780222],[82.21808401761606,19.995414539389532],[82.21194585706255,19.985104849138224],[82.18593174805007,19.982679039667328],[82.17336313358336,20.00269196780222],[82.13916481049952,20.0172468246276],[82.12367326243591,20.0148210151567],[82.09064411279086,20.037259752762488],[82.08392136551797,20.048479121565386],[82.06550688385744,20.05424041905876],[82.031893147493,20.01451778897284],[82.02224746662318,20.02391780067256],[82.02020141310535,20.045446859726763],[81.99418730409288,20.056363002345797],[81.98103410290678,20.07971141850317],[81.9518047669377,20.1057888703153],[81.94157449934852,20.10336306084441],[81.90182260243056,20.05242106195559],[81.8813620672522,20.050298478668555],[81.86762427934673,20.027556514878903],[81.85447107816064,19.974491932703053],[81.84482539729085,19.954175778384297],[81.85651713167849,19.942956409581406],[81.85330190472189,19.91930476724017],[81.86587051918859,19.903840231863207],[81.90562241610654,19.88291762517673],[81.96788090172069,19.859265982835492],[81.96495796812378,19.840465959436045],[81.98775685017966,19.800440103166263],[82.00704821191927,19.80316913882102],[82.0599533100233,19.796194936592194],[82.06755293737527,19.788007829627922],[82.06492229713805,19.758291663609445],[82.05410744282949,19.747981973358137],[82.05147680259228,19.718872259707382],[82.04533864203877,19.708865795639937],[82.05439973618918,19.67429801067967],[82.05907642994424,19.629420535468093],[82.04270800180154,19.58848500064672],[82.05176909595197,19.569988203431137],[82.0538151494698,19.543910751619006],[82.03013938733484,19.507220383371703],[82.06755293737527,19.509039740474876],[82.07866008504352,19.521168787829353],[82.09970520694127,19.515104264152114],[82.09882832686219,19.49933650259129],[82.10964318117075,19.479020348272535],[82.104674194056,19.466588074734197],[82.1271807827522,19.42959448030303],[82.1783321206981,19.435052551612547],[82.1911930285245,19.418071885316273],[82.18183964101439,19.38259442180442],[82.17424001366243,19.37167827918539],[82.15231801168562,19.375923445759454],[82.15027195816778,19.35378793433753],[82.1879778015679,19.338020172776705],[82.17628606718027,19.29647818558761],[82.16634809295078,19.28738140007175],[82.15874846559882,19.264336210098236],[82.15962534567788,19.229465198954106],[82.168978733188,19.214303889761005],[82.16371745271356,19.202478068590388],[82.18125505429501,19.19034902123591],[82.18622404140976,19.167607057446258],[82.17277854686398,19.156690914827223],[82.17599377382058,19.140013474714813],[82.16780955974923,19.132736046302128],[82.17774753397872,19.119090868028337],[82.18417798789191,19.131219915382815],[82.20931521682533,19.122123129866957],[82.20785375002689,19.09847148752572],[82.2201300711339,19.096955356606408],[82.20200788283306,19.06663273822021],[82.23036033872307,19.02751656050201],[82.24760564694483,18.917142229576243],[82.22188383129205,18.91865836049555],[82.19353137540203,18.903497051302452],[82.18067046757562,18.90198092038314],[82.1783321206981,18.884090575535282],[82.16634809295078,18.87620669475487],[82.17307084022367,18.83709051703667],[82.16225598591511,18.803129184444128],[82.16927102654769,18.797671113134612],[82.15348718512438,18.780083994470615],[82.13887251713984,18.777051732631996],[82.13711875698169,18.76461945909365],[82.12191950227776,18.76734849474841],[82.08947493935209,18.76280010199048],[82.09473621982652,18.75370331647462],[82.08684429911487,18.718832305330487],[82.04183112172248,18.725503281375453],[82.0058790384805,18.707309710343733],[81.98424932986339,18.701851639034217],[81.96320420796565,18.68699355602498],[81.96875778179977,18.674561282486636],[81.95560458061368,18.662432235132158],[81.95560458061368,18.6357483309523],[81.92374460440737,18.64272253318113],[81.90123801571119,18.660612878028985],[81.89656132195613,18.627864450171888],[81.90796076298408,18.62634831925258],[81.93777468567254,18.603303129279066],[81.96261962124626,18.59359989139548],[81.95385082045553,18.581774070224863],[81.9550199938943,18.566006308664036],[81.90883764306314,18.564186951560867],[81.90503782938717,18.535380464093976],[81.89071545476232,18.536290142645562],[81.87113179966302,18.524161095291085],[81.85710171839786,18.50748365517867],[81.85242502464281,18.488683631779228],[81.77029059056969,18.41833515712324],[81.7533375757076,18.352535075225187],[81.66623415451974,18.346470551547945],[81.65746535372901,18.33798021839981],[81.66857250139726,18.32281890920671],[81.62414391072426,18.307960826197473],[81.60163732202807,18.308264052381332],[81.57591550637527,18.28036724346603],[81.55633185127598,18.269147874663133],[81.5361636094573,18.266115612824514],[81.53411755593947,18.243676875218725],[81.51307243404173,18.19091551922674],[81.53090232898288,18.164534841230743],[81.52008747467431,18.13633480613158],[81.5171645410774,18.099644437884272],[81.48998125862616,18.057192772143594],[81.4823816312742,18.03596693927325],[81.48588915159048,17.977444285787886],[81.4633825628943,17.954095869630514],[81.45286000194542,17.929534548737692],[81.4566598156214,17.910734525338246],[81.44584496131284,17.883444168790664],[81.42012314566004,17.892844180490385],[81.4022932507189,17.892540954306526],[81.39849343704293,17.867069954862117],[81.40667765111426,17.854334455139913],[81.39147839641035,17.828257003327778],[81.39352444992818,17.814308598870127]],[[81.39352444992818,17.814308598870127],[81.33448119127063,17.820069896363506],[81.3067133221,17.817340860708747],[81.26257702478668,17.819766670179643],[81.20031853917253,17.854334455139913],[81.16787397624684,17.85979252644943],[81.09743127656135,17.818250539260333],[81.08193972849773,17.79368921836751],[81.06440212691628,17.790050504161165],[81.04072636478132,17.797024706389994],[81.02085041632235,17.823708610569852],[81.012666202251,17.845540895807915],[81.00272822802151,17.921044215589554],[80.99279025379202,17.929837774921552],[80.9808062260447,17.999883023393675],[80.97057595845553,18.038089522560288],[80.97408347877182,18.05021856991477],[80.952161476795,18.087515390529795],[80.95800734398881,18.10479928300993],[80.95742275726943,18.129663830086614],[80.9808062260447,18.14997998440537],[80.98168310612377,18.17454130529819],[80.96239174438418,18.173328400562742],[80.920009207229,18.144825139279714],[80.87002704272187,18.139063841786335],[80.86388888216837,18.149373532037643],[80.85716613489548,18.2063800546037],[80.875580616556,18.213354256832528],[80.86710410912497,18.23215428023197],[80.83232119932175,18.23973493482852],[80.82501386532948,18.231244601680388],[80.82676762548762,18.198192947639427],[80.80601479694957,18.172418722011155],[80.7703550070673,18.169083233988673],[80.74258713789666,18.17787679332067],[80.7411256710982,18.224876851819282],[80.7922770090441,18.249438172712104],[80.79607682272008,18.260051089147275],[80.75252511212615,18.307960826197473],[80.75223281876646,18.32281890920671],[80.73411063046562,18.35587056324767],[80.73206457694779,18.377702848485733],[80.72358806951675,18.392864157678833],[80.73644897734316,18.409541597791247],[80.72095742927954,18.411360954894416],[80.69874313394303,18.425006133168207],[80.70663505465468,18.441683573280617],[80.68822057299417,18.45896746576075],[80.6584066503057,18.477767489160193],[80.64437656904053,18.499296548214396],[80.64028446200487,18.524161095291085],[80.62157768698465,18.53143852370377],[80.60871677915826,18.550238547103213],[80.53944325291152,18.591174081924585],[80.51810583765409,18.6205870217592],[80.49092255520284,18.633019295297544],[80.45760111219809,18.63119993819437],[80.40060390705837,18.607851522036995],[80.38891217267073,18.598451510337274],[80.3742975046862,18.609367652956305],[80.34916027575278,18.591174081924585],[80.32665368705659,18.62634831925258],[80.303562511641,18.69032904404746],[80.27491776239131,18.722471019536833]],[[80.27491776239131,18.722471019536833],[80.24802677329974,18.753096864106894],[80.26176456120521,18.77038075658703],[80.27900986942697,18.766742042380685],[80.3067777385976,18.797974339318472],[80.32606910033721,18.800400148789368],[80.35354467614815,18.81556145798247],[80.35588302302567,18.828296957704673],[80.34302211519928,18.860438933194047],[80.29859352452627,18.911684158266723],[80.27754840262853,18.92896805074686],[80.27141024207502,18.944735812307684],[80.27491776239131,18.99143264462243],[80.30239333820225,19.032671405627667],[80.29596288428905,19.050258524291664],[80.32285387338061,19.06845209532338],[80.32723827377596,19.09210373766462],[80.33863771480391,19.104839237386823],[80.32811515385504,19.128187653544195],[80.33191496753102,19.145471546024332],[80.34769880895432,19.162755438504465],[80.38832758595136,19.18458772374253],[80.3932965730661,19.19944580675177],[80.38423547891568,19.22097486580597],[80.39563491994363,19.247052317618103],[80.42632572271117,19.25402651984693],[80.45263212508334,19.27373622179796],[80.47776935401676,19.33256210146719],[80.48829191496563,19.341355660799188],[80.521028771251,19.35196857723436],[80.53885866619214,19.378046029046487],[80.56662653536277,19.401091219020003],[80.58007202990855,19.40200089757159],[80.5911791775768,19.380775064701247],[80.59293293773494,19.356820196176148],[80.61134741939547,19.315581435170916],[80.62508520730094,19.30860723294209],[80.66512939757858,19.32831693489312],[80.69143579995077,19.32407176831905],[80.69085121323138,19.291020114278094],[80.70780422809345,19.2861684953363],[80.75661721916183,19.29071688809423],[80.78993866216658,19.325891125422224],[80.84635128058692,19.359246005647044],[80.8501510942629,19.370162148266076],[80.82004487821473,19.386839588378486],[80.81595277117907,19.401091219020003],[80.795199942641,19.430504158854617],[80.84255146691093,19.44627192041544],[80.87499602983661,19.447484825150887],[80.89954867205064,19.469620336572817],[80.89721032517312,19.503278442981497],[80.88639547086456,19.522988144932526],[80.859504481773,19.52783976387432],[80.84810504074505,19.537239775574044],[80.84079770675278,19.559678513179833],[80.82705991884731,19.56907852487955],[80.79256930240379,19.5639236797539],[80.7735702340239,19.57180756053431],[80.77152418050605,19.58848500064672],[80.72826476327181,19.611833416804096],[80.66922150461426,19.612136642987956],[80.66337563742044,19.628510856916506],[80.67302131829024,19.695523843550006],[80.64057675536455,19.72160129536214],[80.58913312405896,19.74131099731317],[80.57773368303103,19.75768521124172],[80.55727314785267,19.767691675309166],[80.54587370682472,19.783762663053853],[80.55142728065884,19.81408528144005],[80.52482858492698,19.831672400104047],[80.48303063449119,19.830762721552464],[80.4666622063485,19.81408528144005],[80.48186146105243,19.80620140065964],[80.48916879504469,19.792252996201988],[80.48507668800903,19.775272329905718],[80.45935487235623,19.795891710408334],[80.42457196255302,19.79983365079854],[80.40177308049714,19.79740784132764],[80.40440372073435,19.818936900381843],[80.43860204381818,19.813175602888467],[80.46724679306789,19.830762721552464],[80.48215375441211,19.859872435203215],[80.50466034310831,19.871395030189973],[80.49676842239666,19.896259577266655],[80.46812367314695,19.906266041334103],[80.45146295164457,19.896259577266655],[80.4096650012088,19.912330565011345],[80.41317252152507,19.935072528800994],[80.43217158990498,19.939924147742786],[80.45058607156551,19.955388683119747],[80.47133890010355,19.949020933258645],[80.47689247393768,19.93628543353644],[80.50875245014399,19.927491874204442],[80.5274592251642,19.93355639788168],[80.54090471970997,19.95569190930361],[80.53944325291152,19.96964031376126],[80.55113498729915,19.984195170586638],[80.53944325291152,20.006633908192427],[80.553181040817,20.068188823516415],[80.54207389314874,20.087898525467445],[80.54733517362317,20.112156620176407],[80.53067445212079,20.12671147700178],[80.51050621030213,20.13125986975971],[80.504952636468,20.141266333827154],[80.45818569891746,20.147027631320533],[80.45117065828488,20.132776000679023],[80.43392535006312,20.132472774495156],[80.40060390705837,20.146117952768947],[80.39154281290796,20.160672809594324],[80.40148078713744,20.18371799956784],[80.42018756215765,20.18978252324508],[80.4190183887189,20.204337380070456],[80.40498830745373,20.214950296505624],[80.3897890527498,20.243756783972515],[80.42661801607085,20.25376324803996],[80.4634469793919,20.271047140520096],[80.50144511615171,20.276808438013475],[80.5178135442944,20.27165359288782],[80.54908893378132,20.308950413502846],[80.62362374050248,20.328053663086152],[80.60930136587763,20.378389209607246],[80.59293293773494,20.39415697116807],[80.59673275141093,20.414776351670685],[80.6104705393164,20.435092505989438],[80.60170173852568,20.44843445807937],[80.6101782459567,20.464202219640192],[80.61690099322959,20.533944241928452],[80.61690099322959,20.558202336637414],[80.62654667409939,20.569118479256446],[80.61982392682651,20.592163669229958],[80.62917731433662,20.605505621319885],[80.58562560374267,20.615815311571197],[80.56604194864339,20.611570144997128],[80.55815002793173,20.600654002378093],[80.52629005172544,20.586402371736582],[80.50699868998583,20.588524955023615],[80.4885842083253,20.618544347225953],[80.49647612903696,20.641286311015605],[80.52570546500606,20.663421822437527],[80.58533331038299,20.680402488733804],[80.58182579006669,20.69980896450097],[80.56691882872246,20.713150916590898],[80.56136525488833,20.74862838010275],[80.55230416073792,20.766821951134474],[80.55025810722009,20.79320262913047],[80.56282672168679,20.82109943804577],[80.55727314785267,20.846873663674042],[80.55668856113329,20.89023500796631],[80.54499682674565,20.927228602397477],[80.54879664042163,20.93511248317789],[80.5175212509347,20.929957638052233],[80.46578532626943,20.929047959500647],[80.44561708445076,20.972409303792915],[80.44474020437168,20.99302868429553],[80.43041782974683,21.010312576775664],[80.45204753836396,21.031841635829867],[80.45526276532055,21.050338433045447],[80.44883231140736,21.081267503799374],[80.44006351061664,21.097944943911784],[80.46403156611129,21.173448263693423],[80.48156916769274,21.172235358957977],[80.50232199623079,21.184061180128595],[80.51605978413626,21.184061180128595],[80.5274592251642,21.204074108263484],[80.54879664042163,21.199828941689418],[80.57861056311009,21.217416060353415],[80.6101782459567,21.228028976788586],[80.6455457424793,21.255622559520027],[80.66162187726229,21.290190344480294],[80.67974406556313,21.298983903812292],[80.67974406556313,21.31202262971836],[80.66337563742044,21.331429105485526]],[[80.66337563742044,21.331429105485526],[80.69114350659108,21.373274318858485],[80.7060504679353,21.414513079863717],[80.70458900113685,21.427855031953648],[80.72504953631521,21.446048602985364],[80.73703356406253,21.47242928098136],[80.7288493499912,21.496080923322594],[80.73761815078191,21.539139041431],[80.72037284256015,21.556119707727273],[80.72621870975398,21.568551981265614],[80.71657302888417,21.585229421378024],[80.71628073552449,21.604332670961334],[80.7285570566315,21.617371396867398],[80.72592641639429,21.643752074863393],[80.7192036691214,21.646481110518152],[80.71423468200665,21.671648883778698],[80.73235687030748,21.701061823613312],[80.7253418296749,21.711977966232347],[80.74697153829203,21.756552215260058],[80.76918583362853,21.75806834617937],[80.78964636880688,21.739571548963788],[80.81829111805659,21.74775865592806],[80.81858341141628,21.76413286985661],[80.83875165323495,21.80476517849412],[80.84459752042876,21.829932951754664],[80.83875165323495,21.846307165683214],[80.84752045402567,21.852674915544313],[80.84664357394661,21.875416879333965],[80.83232119932175,21.88663624813686],[80.83144431924268,21.908468533374922],[80.84284376027063,21.92787500914209],[80.84050541339309,21.946371806357675],[80.82530615868917,21.956681496608983],[80.85044338762259,21.958197627528293],[80.86622722904589,22.00004284090125],[80.875580616556,22.010958983520283],[80.87587290991569,22.03339772112607],[80.88610317750486,22.060384851489786],[80.89837949861189,22.065842922799305],[80.90510224588478,22.1010171601273],[80.91796315371117,22.118907504975155],[80.95771505062912,22.112842981297916],[80.97262201197336,22.08191391054399],[80.96911449165707,22.0619009824091],[80.98577521315944,22.04825580413531],[81.01149702881224,22.06978486318951],[81.00448198817966,22.080701005808542],[81.01091244209286,22.094346184082333],[80.99746694754708,22.10890104090771],[80.97934475924625,22.11163007656247],[80.9936671338711,22.130733326145773],[81.02289646984019,22.132552683248946],[81.02611169679679,22.16499788492218],[81.01880436280452,22.183797908321623],[81.0322498573503,22.188649527263415],[81.02289646984019,22.213817300523964],[81.02669628351616,22.228978609717064],[81.05592561948525,22.2438366927263],[81.09187770272723,22.246565728381057],[81.10386173047455,22.277191572951125],[81.12110703869631,22.294172239247395],[81.11643034494125,22.329346476575388],[81.12286079885445,22.343598107216902],[81.10824613086992,22.382714284935098],[81.1120459445459,22.43214015290461],[81.11730722502033,22.440630486052743],[81.15530536178014,22.455185342878117],[81.17781195047633,22.48732731836749],[81.19418037861902,22.488540223102937],[81.2014877126113,22.461553092739223],[81.23071704858037,22.45124340248791],[81.26286931814637,22.471862782990527],[81.26754601190143,22.49308861586087],[81.2874219603604,22.498243460986522],[81.31109772249536,22.481262794690252],[81.32308175024268,22.489146675470664],[81.32220487016362,22.51552735346666],[81.33009679087526,22.52371446043093],[81.35523401980868,22.513707996363486],[81.36897180771415,22.514920901098932],[81.38592482257621,22.504914437031488],[81.39030922297158,22.462159545106946],[81.40375471751736,22.440933712236607],[81.42129231909881,22.448211140649292],[81.4247998394151,22.47337891390984],[81.43912221403995,22.480049889954806],[81.44964477498883,22.46579825931329],[81.44526037459346,22.493695068228597],[81.48705832502925,22.49308861586087],[81.50050381957503,22.519166067673005],[81.51921059459524,22.52310800806321],[81.52271811491153,22.536449960153135],[81.53528672937824,22.539482221991754],[81.5496091040031,22.529778984108173],[81.56451606534732,22.53735963870472],[81.57036193254115,22.550701590794652],[81.6162519900126,22.536146733969275],[81.62911289783901,22.543727388565827],[81.63086665799715,22.56404354288458],[81.645189032622,22.561920959597543],[81.65688076700962,22.575869364055198],[81.64752737949952,22.586179054306506],[81.64869655293829,22.607101660992985],[81.6638958076422,22.631662981885807],[81.68581780961902,22.64864364818208],[81.70627834479738,22.64561138634346],[81.72147759950131,22.655314624227042],[81.73024640029203,22.675934004729662],[81.7442764815572,22.66865657631697],[81.74778400187348,22.647733969630494],[81.75626050930452,22.64591461252732],[81.7732135241666,22.675934004729662],[81.75392216242699,22.725966325066892],[81.76999829721,22.73506311058275],[81.77145976400844,22.746282479385645],[81.7916280058271,22.766295407520538],[81.78169003159762,22.78509543091998],[81.78344379175577,22.799650287745358],[81.76824453705184,22.833914846521765],[81.77672104448288,22.850592286634175],[81.77672104448288,22.873031024239964],[81.80331974021475,22.879702000284926],[81.83897953009703,22.882431035939685],[81.8685011594258,22.893347178558717],[81.86733198598704,22.91457301142906],[81.88194665397158,22.912753654325886],[81.90883764306314,22.932463356276916],[81.92140625752985,22.947624665470016],[81.94771265990202,22.956721450985878],[81.94478972630512,23.00887635461014],[81.9257906579252,23.04041187773179],[81.9456666063842,23.07710224597909],[81.97664970251142,23.0786183768984],[81.98746455681999,23.084986126759503],[82.00967885215648,23.077708698346818],[82.03569296116896,23.081044186369297],[82.06901440417373,23.115308745145704],[82.12338096907622,23.103179697791226],[82.136826463622,23.113489388042535],[82.14033398393829,23.13107650670653],[82.15845617223913,23.141082970773976],[82.15904075895851,23.15988299417342],[82.14471838433366,23.16443138693135],[82.14822590464995,23.19748304097231],[82.15407177184376,23.208702409775203],[82.14997966480809,23.226895980806923],[82.17745524061903,23.269347646547605],[82.19703889571832,23.283902503372982],[82.1976234824377,23.3108896337367],[82.19177761524388,23.3260509429298],[82.16751726638954,23.331205788055453],[82.14530297105304,23.36092195407393],[82.12601160931344,23.35364452566124],[82.11198152804828,23.362134858809377],[82.11285840812735,23.381844560760406],[82.10233584717848,23.397612322321233],[82.06433771041867,23.392457477195578],[82.0567380830667,23.37759939418634],[82.02224746662318,23.386999405886062],[82.03072397405423,23.409134917307988],[82.02341664006195,23.422476869397915],[82.00704821191927,23.411863952962747],[81.99506418417194,23.41853492900771],[81.98658767674091,23.410347822043438],[81.97811116930987,23.42278009558178],[81.97898804938895,23.446431737923014],[81.9547277005346,23.47432854683832],[81.95648146069274,23.49555437970866],[81.9421590860679,23.50434793904066],[81.92403689776707,23.53072861703665],[81.91146828330037,23.533760878875274],[81.88691564108633,23.517083438762864],[81.83488742306136,23.509806010350175],[81.8176421148396,23.52132860533693],[81.81851899491866,23.532547974139824],[81.80507350037288,23.54740605714906],[81.76386013665648,23.551044771355407],[81.74836858859287,23.566206080548508],[81.72673887997574,23.55468348556175],[81.71387797214935,23.5319415217721],[81.70072477096326,23.521935057704653],[81.66214204748407,23.530122164668928],[81.65512700685149,23.501012451018177],[81.6387585787088,23.490096308399142],[81.62472849744364,23.493431796421625],[81.61274446969631,23.50919955798245],[81.61420593649477,23.543464116758855],[81.6098215360994,23.551954449906994],[81.58468430716599,23.55316735464244],[81.57825385325279,23.58925127052202],[81.61040612281879,23.598348056037878],[81.60865236266065,23.612296460495532],[81.61712887009168,23.63139971007884],[81.62092868376766,23.659296518994143],[81.65074260645612,23.65869006662642],[81.65717306036932,23.681735256599932],[81.68084882250429,23.691741720667377],[81.69487890376945,23.71963852958268],[81.67967964906552,23.738135326798265],[81.68611010297872,23.747232112314123],[81.64723508613983,23.769367623736052],[81.65015801973674,23.802722503960872],[81.63349729823436,23.833954800898656],[81.61712887009168,23.833954800898656],[81.60602172242342,23.862154835997824],[81.6226824439258,23.87064516914596],[81.60777548258157,23.88125808558113],[81.61537510993352,23.901271013716023],[81.63700481855065,23.905516180290093],[81.66944938147634,23.923709751321812],[81.68727927641748,23.905516180290093],[81.69020221001439,23.887929061626096],[81.70510917135863,23.88398712123589],[81.71037045183306,23.8615483836301],[81.72878493349359,23.85881934797534],[81.7346308006874,23.839109646024312],[81.78022856479917,23.812425741844457],[81.81939587499774,23.807877349086525],[81.83927182345673,23.819703170257142],[81.86060923871415,23.822735432095765],[81.86996262622426,23.833045122347073],[81.90182260243056,23.842445134046795],[81.92432919112676,23.871251621513686],[81.95852751421059,23.851238693378793]],[[81.95852751421059,23.851238693378793],[81.97021924859823,23.85548385995286]],[[81.97021924859823,23.85548385995286],[82.00850967871772,23.8615483836301],[82.01932453302628,23.85063224101107],[82.04300029516124,23.840929003127485],[82.03978506820464,23.827587051037554],[82.05323056275041,23.81909671788942],[82.0856751256761,23.815458003683077],[82.12513472923438,23.821522527360315],[82.14179545073675,23.816670908418523],[82.17745524061903,23.82334188446349],[82.18037817421595,23.836380610369552],[82.21165356370287,23.851541919562653],[82.20697686994781,23.830619312876177],[82.2391291395138,23.806361218167215],[82.26309719500844,23.82061284880873],[82.30518743880393,23.806967670534938],[82.3189252267094,23.80999993237356],[82.33587824157146,23.80241927777701],[82.37621472520881,23.809696706189698],[82.39609067366779,23.799993468306113],[82.45338017216719,23.809696706189698],[82.47121006710833,23.809696706189698],[82.49956252299835,23.784528932929152],[82.52382287185269,23.78301280200984],[82.5521753277427,23.793019266077287],[82.54866780742641,23.809090253821974],[82.53522231288062,23.823038658279625],[82.55597514141868,23.825767693934385],[82.5936809848188,23.82182575354418],[82.61355693327778,23.835167705634106],[82.63723269541273,23.837896741288866],[82.64833984308099,23.856999990872172],[82.65973928410892,23.85548385995286],[82.66792349818027,23.86912903822665],[82.65389341691511,23.887625835442233],[82.66236992434615,23.90521295410623],[82.69013779351678,23.91158070396733],[82.70972144861607,23.923709751321812],[82.75590379944722,23.921283941850916],[82.76145737328135,23.934929120124707],[82.78250249517909,23.937354929595603],[82.80442449715589,23.960400119569115],[82.81553164482415,23.961916250488425]],[[82.81553164482415,23.961916250488425],[82.82839255265054,23.964038833775458],[82.85674500854056,23.945845262743738],[82.87340573004293,23.921587168034776],[82.89795837225697,23.90369682318692],[82.93303357541987,23.889748418729265],[82.94647906996565,23.87489033572003],[82.96138603130989,23.87185807388141],[82.99178454071773,23.878832276110234],[83.0441050521024,23.882167764132717],[83.06865769431643,23.874587109536165],[83.09437950996922,23.877316145190925],[83.13500828696624,23.889445192545406],[83.15283818190738,23.909154894496435],[83.19726677258039,23.92037426329933],[83.21889648119752,23.95949044101753],[83.22386546831227,23.98860015466828],[83.24461829685032,24.00072920202276],[83.2548485644395,24.01437438029655],[83.26654029882712,24.010735666090206],[83.28553936720704,24.023774391996273],[83.2864162472861,24.046213129602062],[83.30190779534972,24.07744542653985],[83.3311371313188,24.100490616513362]],[[83.3311371313188,24.100490616513362],[83.35335142665531,24.096245449939293],[83.39105727005543,24.098974485594052],[83.40830257827719,24.081084140746192],[83.43314751385091,24.083206724033225],[83.44103943456257,24.054097010382474],[83.45536180918742,24.041967963027993],[83.48663719867433,24.038026022637787],[83.51732800144188,24.02498729673172],[83.52405074871477,24.010129213722482],[83.51528194792404,24.00072920202276],[83.5199586416791,23.966464643246354],[83.54655733741096,23.933109763021534],[83.54480357725282,23.91430973962209],[83.55707989835983,23.892477454384025],[83.57783272689788,23.89005164491313],[83.5804633671351,23.8767096928232],[83.56877163274747,23.862761288365547],[83.63746057227482,23.846993526804724],[83.6570442273741,23.84790320535631],[83.66289009456791,23.831832217611623],[83.67984310942998,23.820006396441006],[83.68948879029978,23.825767693934385],[83.70614951180217,23.816367682234663],[83.70322657820526,23.807574122902665],[83.71842583290918,23.78938055187094],[83.71988729970764,23.77239988557467],[83.7368403145697,23.754812766910675],[83.73947095480692,23.704780446573444],[83.72222564658516,23.68264493515152],[83.75963919662559,23.648986828742835],[83.75057810247517,23.6404964955947],[83.75525479623022,23.62685131732091],[83.7722078110923,23.621696472195254],[83.78214578532179,23.59986418695719],[83.8137134681684,23.582580294477054],[83.81839016192345,23.58925127052202],[83.94261483979206,23.563477044893748],[83.93706126595794,23.594102889463812],[83.94641465346804,23.622909376930703]],[[82.4563031057641,22.176217253725074],[82.4563031057641,22.176217253725074]],[[73.20667973834723,20.12216308424385],[73.20931037858445,20.09760176335103],[73.1882652566867,20.0778920614],[73.18914213676578,20.062427526023036],[73.17160453518433,20.051814609587865],[73.1531900535238,20.073343668642067],[73.12659135779194,20.08547271599655],[73.10729999605235,20.079104966135446],[73.08830092767244,20.093963049144683],[73.04767215067541,20.096995310983303],[73.04884132411418,20.068188823516415],[73.02107345494355,20.084866263628825],[72.99944374632642,20.110943715440957],[73.0067510803187,20.13550503633378],[73.0000283330458,20.140659881459435],[72.99359787913261,20.118221143853646],[72.9745988107527,20.113975977279576],[72.96232248964569,20.13125986975971],[72.97518339747208,20.157943773939564],[72.97547569083177,20.177047023522874],[72.96553771660228,20.180382511545353],[72.95969184940847,20.21282771321859]],[[72.95969184940847,20.21282771321859],[72.96378395644413,20.226169665308518],[72.95472286229372,20.237692260295276],[72.93017022007969,20.24739549817886],[72.91146344505948,20.274989080910302],[72.93075480679907,20.2925761995743],[72.94010819430918,20.2925761995743],[72.96378395644413,20.272260045255543],[72.97898321114806,20.27802134274892],[72.97986009122714,20.2925761995743],[73.0356881229281,20.29287942575816],[73.03744188308623,20.316834294283257],[73.0450415104382,20.325627853615256],[73.08070130032047,20.327143984534565],[73.09736202182286,20.36080209094325],[73.11168439644771,20.33654399623429],[73.10291559565698,20.305311699296503],[73.12425301091442,20.305614925480363],[73.13185263826638,20.317743972834844],[73.16751242814865,20.312589127709188],[73.1692661883068,20.286511675897057],[73.15143629336566,20.291969747206572],[73.13711391874081,20.2813568307714],[73.12688365115163,20.260737450268785],[73.11460733004462,20.257098736062442],[73.09180844798873,20.229201927147137],[73.06667121905532,20.230111605698724],[73.05381031122891,20.20342770151887],[73.06287140537934,20.196453499290044],[73.06199452530026,20.163705071432943],[73.07631689992512,20.157337321571845],[73.08917780775151,20.172801856948805],[73.09502367494532,20.160369583410464],[73.11606879684307,20.164008297616807],[73.14237519921525,20.176137344971288],[73.13156034490669,20.20221479678342],[73.20024928443404,20.197363177841627],[73.21954064617363,20.18432445193556],[73.2081412051457,20.168253464190876],[73.18943443012547,20.161885714329774],[73.18621920316887,20.140053429091708],[73.20667973834723,20.12216308424385]],[[72.8018534351754,20.374144043033176],[72.8150066363615,20.40901505417731],[72.82289855707315,20.41265376838365],[72.81939103675685,20.430240887047646],[72.82552919731037,20.4505570413664],[72.84452826569027,20.4745119098915]],[[72.84452826569027,20.4745119098915],[72.88252640245008,20.462686088720883],[72.89334125675865,20.44540219624075],[72.87346530829967,20.4441892915053],[72.86148128055234,20.428421529944476],[72.86878861454461,20.415686030222272],[72.89597189699586,20.421447327715647],[72.90035629739123,20.405376339970964],[72.88632621612606,20.393247292616483],[72.89567960363617,20.38051179289428],[72.88077264229193,20.369595650275247],[72.84160533209337,20.375356947768623],[72.82319085043284,20.36868597172366],[72.8018534351754,20.374144043033176]],[[71.01331036722712,20.739531594586893],[71.01331036722712,20.739531594586893]],[[70.92474547924078,20.738015463667583],[70.93848326714625,20.732557392358068],[70.96215902928121,20.735286428012827],[70.97998892422235,20.720428345003587],[70.99723423244411,20.716183178429517],[70.97735828398514,20.703447678707313],[70.95543628200832,20.703750904891177],[70.92503777260048,20.71193801185545],[70.9180227319679,20.70162832160414],[70.899023663588,20.698899285949384],[70.87447102137396,20.708905750016832],[70.88236294208562,20.728615451967862],[70.92474547924078,20.738015463667583]],[[70.9913883652503,20.73164771380648],[71.00541844651546,20.74650579681572],[71.01301807386743,20.739834820770753]],[[71.01301807386743,20.739834820770753],[70.9913883652503,20.73164771380648]],[[71.14542696580737,20.75711871325089],[71.15068824628182,20.77228002244399]],[[71.15068824628182,20.77228002244399],[71.14542696580737,20.75711871325089]],[[74.11921960730206,14.753543498967046],[74.11921960730206,14.753543498967046]],[[74.11863502058267,15.652609134117892],[74.13558803544474,15.64927364609541],[74.16627883821228,15.654125265037202],[74.16832489173012,15.672318836068921],[74.18323185307435,15.683234978687954],[74.18937001362787,15.667163990943267],[74.20456926833178,15.663222050553061],[74.20632302848993,15.651093003198582],[74.22210686991323,15.655034943588788],[74.22473751015045,15.668680121862577],[74.24870556564511,15.656551074508098],[74.24578263204819,15.625925229938035],[74.26098188675212,15.619254253893072],[74.2586435398746,15.592267123529352],[74.24782868556603,15.568009028820391],[74.26098188675212,15.565583219349495],[74.27647343481573,15.543750934111431],[74.27559655473667,15.515247672828403],[74.25075161916294,15.499176685083716],[74.24987473908386,15.49189925667103],[74.27618114145605,15.445505650540142],[74.26916610082347,15.426402400956835],[74.28348847544831,15.383647509032293],[74.29956461023131,15.383041056664569],[74.3220711989275,15.369699104574641],[74.31710221181277,15.332099057775752],[74.33551669347328,15.295408689528449],[74.32791706612133,15.285402225461002],[74.29605708991502,15.288434487299623],[74.27676572817542,15.283886094541693],[74.2615664734715,15.26084090456818],[74.25104391252263,15.259931226016594],[74.25718207307614,15.244466690639632],[74.29605708991502,15.23051828618198],[74.315933038374,15.18655048952199],[74.30482589070574,15.164414978100062],[74.28348847544831,15.14561495470062],[74.2869959957646,15.122569764727107],[74.2776426082545,15.096492312914974],[74.28115012857079,15.071930992022152],[74.29634938327472,15.042518052187537],[74.255428312918,14.993395410401892],[74.26770463402501,14.97793087502493],[74.25572060627769,14.960040530177071],[74.23759841797686,14.960040530177071],[74.23526007109932,14.949124387558038],[74.21830705623725,14.943969542432384],[74.20544614841086,14.923956614297493],[74.1975542276992,14.940330828226042],[74.18001662611775,14.956098589786865],[74.16540195813322,14.95367278031597],[74.15926379757971,14.939421149674455],[74.17066323860764,14.915769507333218],[74.16306361125568,14.911827566943012],[74.12944987489124,14.92213725719432],[74.10606640611597,14.913646924046185],[74.08794421781514,14.896059805382189]],[[74.08794421781514,14.896059805382189],[74.07625248342751,14.907885626552806],[74.06543762911895,14.90545981708191],[74.04234645370336,14.915163054965495],[74.04234645370336,14.940937280593765],[74.05462277481038,14.962163113464106],[74.03708517322893,14.980356684495826],[74.04556168065997,14.98702766054079],[74.01750151812965,15.007950267227269],[74.00434831694355,15.008859945778854],[73.98388778176519,15.025840612075127],[73.9835954884055,15.055253551909741],[73.96956540714035,15.056163230461326],[73.96255036650777,15.069505182551255],[73.9134450820797,15.084666491744356],[73.92279846958981,15.099221348569731],[73.91607572231692,15.107105229350143],[73.93975148445188,15.119840729072347],[73.93829001765343,15.131666550242967],[73.9581659661124,15.144402049965171],[73.95465844579611,15.170782727961164],[73.94735111180384,15.168963370857993],[73.94705881844415,15.145008502332894],[73.93975148445188,15.177150477822266],[73.90175334769206,15.308447415434516],[73.87924675899588,15.363331354713539],[73.86726273124854,15.369395878390778],[73.8430023823942,15.360299092874918],[73.80938864602976,15.38000879482595],[73.78775893741263,15.412453996499183],[73.81552680658326,15.400324949144704],[73.8430023823942,15.410634639396012],[73.84797136950895,15.400324949144704],[73.85995539725627,15.406995925189667],[73.88041593243463,15.399415270593117],[73.90029188089362,15.407905603741254],[73.9137373754394,15.403357210983323],[73.94062836453095,15.40760237755739],[73.9263059899061,15.41518303215394],[73.93682855085497,15.430647567530904],[73.92805975006425,15.43458950792111],[73.90818380160526,15.416699163073252],[73.86433979765164,15.432163698450214],[73.84797136950895,15.451873400401244],[73.80441965891501,15.455512114607588],[73.7857128838948,15.461576638284829],[73.80821947259099,15.464608900123448],[73.8079271792313,15.483712149706754],[73.8336489948841,15.505241208760957],[73.81377304642513,15.506454113496405],[73.80558883235378,15.4937186137742],[73.78805123077233,15.498873458899855],[73.77752866982345,15.490383125751718],[73.76496005535675,15.499783137451441],[73.75005309401251,15.55860901712067],[73.74245346666055,15.565279993165634],[73.73076173227292,15.600757456677488],[73.75239144089005,15.611370373112658],[73.74713016041561,15.632596205982999],[73.73222319907137,15.61470586113514],[73.72462357171942,15.624105872834862],[73.70153239630383,15.690815633284505],[73.68954836855652,15.7171963112805],[73.6997786361457,15.721441477854567],[73.67581058065105,15.72811245389953]],[[73.67581058065105,15.72811245389953],[73.72783879867602,15.719318894567532],[73.73953053306364,15.732660846657462],[73.76671381551489,15.732660846657462],[73.77752866982345,15.725383418244773],[73.81143469954759,15.742060858357183],[73.824295607374,15.739938275070148],[73.83014147456781,15.76298346504366],[73.85674017029967,15.799673833290964],[73.8783698789168,15.772383476743384],[73.87164713164391,15.754493131895526],[73.90029188089362,15.74448666782808],[73.93712084421466,15.743576989276493],[73.95085863212013,15.713254370890292],[73.94910487196198,15.699002740248778],[73.96313495322714,15.689299502365195],[73.9678116469822,15.662009145817613],[73.96108889970931,15.646544610440651],[73.96810394034189,15.63108007506369],[73.99090282239777,15.613189730215831],[74.02013215836686,15.606821980354729],[74.03153159939481,15.622892968099414],[74.07303725647091,15.628351039408932],[74.11863502058267,15.652609134117892]],[[71.7037072828169,20.999699660340493],[71.7037072828169,20.999699660340493]],[[71.71043003008978,20.999699660340493],[71.71043003008978,20.999699660340493]],[[72.64752254125864,21.07611265867372],[72.64752254125864,21.07611265867372]],[[72.67938251746494,21.09885462246337],[72.67938251746494,21.09885462246337]],[[72.67207518347267,21.115228836391918],[72.67207518347267,21.115228836391918]],[[72.70218139952082,21.122506264804606],[72.70218139952082,21.122506264804606]],[[72.67645958386804,21.155557918845567],[72.71036561359217,21.140699835836326],[72.6969201190464,21.11886755059826],[72.68990507841382,21.090364289315232],[72.67733646394711,21.102493336669713],[72.6647678494804,21.148583716616738],[72.67645958386804,21.155557918845567]],[[72.10298001215459,21.27442258291947],[72.10298001215459,21.27442258291947]],[[72.58789469588172,21.339312986265938],[72.58789469588172,21.339312986265938]],[[72.58321800212666,21.365390438078073],[72.58321800212666,21.365390438078073]],[[72.60046331034842,21.387222723316135],[72.60046331034842,21.387222723316135]],[[72.62823117951905,21.417242115518476],[72.62823117951905,21.417242115518476]],[[72.63583080687101,21.417545341702336],[72.63583080687101,21.417545341702336]],[[72.67587499714865,21.44695828153695],[72.67587499714865,21.44695828153695]],[[72.6934125987301,21.461816364546188],[72.69282801201072,21.461209912178468]],[[72.69282801201072,21.461209912178468],[72.6934125987301,21.461816364546188]],[[72.65804510220751,21.470609923878186],[72.6583373955672,21.47091315006205]],[[72.6583373955672,21.47091315006205],[72.65804510220751,21.470609923878186]],[[72.6711983033936,21.514577720538178],[72.6711983033936,21.51488094672204]],[[72.6711983033936,21.51488094672204],[72.67149059675329,21.515184172905904]],[[72.67149059675329,21.515184172905904],[72.6711983033936,21.51488094672204]],[[72.6711983033936,21.51488094672204],[72.6711983033936,21.514577720538178]],[[72.6744135303502,21.520642244215416],[72.6744135303502,21.520642244215416]],[[72.67470582370989,21.521248696583143],[72.67470582370989,21.520945470399283]],[[72.67470582370989,21.521248696583143],[72.67470582370989,21.521248696583143]],[[72.69575094560763,21.527313220260382],[72.6937048920898,21.527313220260382]],[[72.6937048920898,21.527313220260382],[72.69575094560763,21.527313220260382]],[[72.70656579991619,21.532468065386038],[72.7062735065565,21.532468065386038]],[[72.70656579991619,21.532468065386038],[72.70656579991619,21.532468065386038]],[[72.68552067801845,21.540655172350313],[72.68522838465876,21.540958398534173]],[[72.68522838465876,21.540958398534173],[72.68552067801845,21.540655172350313]],[[72.35318312804996,21.613429456477192],[72.36516715579728,21.59766169491637],[72.3549368882081,21.58159070717168],[72.34616808741738,21.603119766225884],[72.35318312804996,21.613429456477192]],[[72.5846794689251,21.628893991854156],[72.5846794689251,21.628893991854156]],[[72.60923211113914,21.628893991854156],[72.60923211113914,21.628893991854156]],[[72.61186275137636,21.632229479876635],[72.61186275137636,21.632229479876635]],[[72.61712403185079,21.63859722973774],[72.61712403185079,21.63859722973774]],[[72.59578661659336,21.6389004559216],[72.61157045801667,21.63556496789912],[72.59841725683057,21.617371396867398],[72.58789469588172,21.630106896589602],[72.59578661659336,21.6389004559216]],[[72.61946237872831,21.639506908289327],[72.61946237872831,21.639506908289327]],[[72.59666349667243,21.641326265392497],[72.59666349667243,21.641326265392497]],[[72.74894833707137,21.644055301047253],[72.74865604371168,21.643752074863393]],[[72.74865604371168,21.643752074863393],[72.74894833707137,21.644055301047253]],[[72.75011751051012,21.64799724143746],[72.74894833707137,21.644055301047253]],[[72.74894833707137,21.644055301047253],[72.75011751051012,21.64799724143746]],[[72.70568891983712,21.651635955643805],[72.70568891983712,21.651635955643805]],[[72.82026791683593,21.65861015787263],[72.81997562347624,21.65861015787263]],[[72.82026791683593,21.65861015787263],[72.82026791683593,21.65861015787263]],[[72.82114479691501,21.659216610240357],[72.82085250355532,21.659216610240357]],[[72.82114479691501,21.659216610240357],[72.82114479691501,21.659216610240357]],[[72.82172938363439,21.659519836424217],[72.82114479691501,21.659216610240357]],[[72.82114479691501,21.659216610240357],[72.82172938363439,21.659519836424217]],[[72.82202167699408,21.65982306260808],[72.82172938363439,21.65982306260808]],[[72.82202167699408,21.65982306260808],[72.82202167699408,21.65982306260808]],[[72.72264193469918,21.665887586285322],[72.7509943905892,21.654668217482424],[72.74544081675508,21.64617788433429],[72.72176505462012,21.64314562249567],[72.71036561359217,21.65982306260808],[72.72264193469918,21.665887586285322]],[[72.26315677326518,21.740784453699234],[72.26315677326518,21.740784453699234]],[[72.26198759982641,21.74321026317013],[72.26169530646672,21.743513489353994]],[[72.26169530646672,21.743513489353994],[72.26198759982641,21.74321026317013]],[[72.26169530646672,21.743513489353994],[72.26140301310703,21.744119941721717]],[[72.26140301310703,21.744119941721717],[72.26169530646672,21.743513489353994]],[[72.26052613302797,21.746242525008753],[72.26140301310703,21.744119941721717]],[[72.26140301310703,21.744119941721717],[72.26052613302797,21.746242525008753]],[[72.27426392093344,21.749578013031233],[72.28274042836446,21.734719930021996],[72.28537106860168,21.709248930577587],[72.26754117366053,21.73653928712517],[72.27426392093344,21.749578013031233]],[[72.25584943927291,21.756552215260058],[72.25848007951012,21.751397370134406]],[[72.25848007951012,21.751397370134406],[72.25584943927291,21.756552215260058]],[[72.54405069192808,21.74897156066351],[72.54405069192808,21.757461893811644]],[[72.54405069192808,21.757461893811644],[72.54405069192808,21.74897156066351]],[[72.25555714591322,21.757765119995508],[72.25584943927291,21.75685544144392]],[[72.25584943927291,21.75685544144392],[72.25555714591322,21.757765119995508]],[[72.25526485255352,21.75806834617937],[72.25526485255352,21.75837157236323]],[[72.25526485255352,21.75806834617937],[72.25526485255352,21.75806834617937]],[[72.25497255919383,21.75867479854709],[72.25497255919383,21.758978024730958]],[[72.25497255919383,21.75867479854709],[72.25497255919383,21.75867479854709]],[[72.25468026583414,21.758978024730958],[72.25438797247445,21.75988770328254]],[[72.25438797247445,21.75988770328254],[72.25468026583414,21.758978024730958]],[[72.54755821224437,21.769590941166125],[72.54785050560406,21.76989416734999]],[[72.54785050560406,21.76989416734999],[72.54755821224437,21.769590941166125]],[[72.2497112787194,21.77353288155633],[72.2497112787194,21.773836107740195]],[[72.2497112787194,21.77353288155633],[72.2497112787194,21.77353288155633]],[[72.24941898535971,21.774139333924055],[72.24941898535971,21.774442560107918]],[[72.24941898535971,21.774139333924055],[72.24941898535971,21.774139333924055]],[[72.24912669200002,21.77474578629178],[72.24912669200002,21.77504901247564]],[[72.24912669200002,21.77474578629178],[72.24912669200002,21.77474578629178]],[[72.55457325287695,21.79748775008143],[72.55457325287695,21.79748775008143]],[[72.55603471967541,21.80082323810391],[72.55603471967541,21.80021678573619]],[[72.55603471967541,21.80082323810391],[72.55603471967541,21.80082323810391]],[[72.55749618647386,21.80324904757481],[72.55749618647386,21.802945821390946]],[[72.55749618647386,21.80324904757481],[72.55749618647386,21.80324904757481]],[[72.55778847983355,21.80355227375867],[72.55749618647386,21.80355227375867]],[[72.55778847983355,21.80355227375867],[72.55778847983355,21.80355227375867]],[[72.55895765327232,21.805068404677982],[72.55895765327232,21.805068404677982]],[[72.55924994663201,21.805371630861842],[72.55924994663201,21.805371630861842]],[[72.56012682671108,21.80597808322957],[72.56480352046613,21.81386196400998]],[[72.56480352046613,21.81386196400998],[72.56012682671108,21.80597808322957]],[[72.56480352046613,21.81416519019384],[72.56480352046613,21.81386196400998]],[[72.56480352046613,21.81416519019384],[72.56480352046613,21.81416519019384]],[[72.3552291815678,21.943036318335192],[72.36049046204224,21.924539521119613],[72.34762955421583,21.929997592429125],[72.3552291815678,21.943036318335192]],[[72.21405148883711,22.005500912210763],[72.21405148883711,22.005500912210763]],[[72.56158829350953,22.176823706092797],[72.56158829350953,22.176520479908937]],[[72.56158829350953,22.176823706092797],[72.56158829350953,22.176823706092797]],[[72.56392664038705,22.18015919411528],[72.56363434702737,22.18015919411528]],[[72.56392664038705,22.18015919411528],[72.56392664038705,22.18015919411528]],[[72.56451122710644,22.181068872666867],[72.56421893374674,22.180765646483003]],[[72.56421893374674,22.180765646483003],[72.56451122710644,22.181068872666867]],[[72.56626498726459,22.183797908321623],[72.56626498726459,22.183797908321623]],[[72.56714186734366,22.185010813057072],[72.56714186734366,22.185010813057072]],[[72.56743416070334,22.185314039240936],[72.56743416070334,22.185314039240936]],[[72.56772645406303,22.18592049160866],[72.56772645406303,22.18592049160866]],[[72.56831104078242,22.186830170160246],[72.56831104078242,22.186830170160246]],[[72.5688956275018,22.18773984871183],[72.5688956275018,22.18773984871183]],[[72.5691879208615,22.188043074895695],[72.5691879208615,22.188043074895695]],[[72.57298773453748,22.1919850152859],[72.57298773453748,22.1919850152859]],[[72.57357232125686,22.19259146765362],[72.57357232125686,22.19259146765362]],[[72.47273111216352,22.208056003030585],[72.47273111216352,22.208056003030585]],[[72.38416622417719,22.215636657627137],[72.38416622417719,22.215636657627137]],[[72.37072072963142,22.235043133394303],[72.37072072963142,22.235043133394303]],[[69.31040925366824,22.306301286601872],[69.31040925366824,22.306301286601872]],[[69.45304841319737,22.357849737858416],[69.45304841319737,22.357849737858416]],[[69.18413852228178,22.367552975742],[69.18413852228178,22.367552975742]],[[69.19553796330973,22.374527177970826],[69.19553796330973,22.374527177970826]],[[69.21307556489118,22.384836868222134],[69.21307556489118,22.384836868222134]],[[69.20109153714385,22.386352999141444],[69.20109153714385,22.386352999141444]],[[69.33554648260164,22.389082034796203],[69.33350042908381,22.372707820867653],[69.32268557477525,22.380288475464205],[69.33554648260164,22.389082034796203]],[[69.48315462924553,22.39878527267979],[69.48315462924553,22.39878527267979]],[[69.2800107442604,22.41788852226309],[69.2800107442604,22.41788852226309]],[[69.27942615754101,22.420011105550127],[69.27942615754101,22.420011105550127]],[[69.14204827848631,22.457611152349017],[69.14204827848631,22.457611152349017]],[[69.62754754893281,22.45943050945219],[69.6436236837158,22.44881759301702],[69.65473083138406,22.42334659357261],[69.63280882940724,22.4066691534602],[69.59218005241021,22.428198212514403],[69.59305693248929,22.445178878810673],[69.62754754893281,22.45943050945219]],[[69.30222503959689,22.473985366277564],[69.3247316282931,22.469436973519635],[69.3215164013365,22.451546628671775],[69.29287165208679,22.458824057084463],[69.30222503959689,22.473985366277564]],[[69.13678699801187,22.477624080483906],[69.15052478591734,22.470043425887358],[69.14438662536384,22.462159545106946],[69.1230492101064,22.468527294968048],[69.10814224876216,22.460643414187636],[69.10843454212186,22.43729499803026],[69.09031235382103,22.42789498633054],[69.09352758077763,22.461553092739223],[69.13678699801187,22.477624080483906]],[[69.08914318038227,22.490662806389974],[69.08914318038227,22.490662806389974]],[[69.3247316282931,22.527353174637277],[69.35045344394588,22.52644349608569],[69.36360664513197,22.513707996363486],[69.35016115058619,22.5040047584799],[69.31567053414267,22.519772520040725],[69.3247316282931,22.527353174637277]],[[69.94497813755707,22.53250801976293],[69.94497813755707,22.53250801976293]],[[69.40511230220807,22.53250801976293],[69.40511230220807,22.53250801976293]],[[69.95725445866408,22.535843507785415],[69.95725445866408,22.535843507785415]],[[69.96046968562068,22.543727388565827],[69.96046968562068,22.543727388565827]],[[69.95199317818965,22.551308043162376],[69.95374693834779,22.53735963870472],[69.93825539028418,22.539482221991754],[69.95199317818965,22.551308043162376]],[[69.91867173518489,22.553127400265545],[69.93240952309036,22.544637067117414],[69.94147061724078,22.517953162937555],[69.89382679961116,22.5127983178119],[69.86927415739714,22.522501555695484],[69.86518205036147,22.530991888843623],[69.89499597304993,22.522804781879344],[69.89996496016468,22.545243519485133],[69.91867173518489,22.553127400265545]],[[70.02418963803329,22.553127400265545],[70.02418963803329,22.553127400265545]],[[70.01132873020688,22.553733852633272],[70.01132873020688,22.553733852633272]],[[70.02360505131391,22.558585471575064],[70.02360505131391,22.558585471575064]],[[70.0396811860969,22.567985483274786],[70.0396811860969,22.567985483274786]],[[70.04465017321165,22.572230649848855],[70.04465017321165,22.572230649848855]],[[70.18173575890665,22.58375324483561],[70.18173575890665,22.58375324483561]],[[70.00899038332936,22.59315325653533],[70.02272817123483,22.5886048637774],[70.02769715834958,22.568895161826372],[70.00694432981153,22.553733852633272],[69.9628080324982,22.545546745668997],[69.9566698719447,22.560708054862097],[69.96660784617418,22.578598399709954],[70.00899038332936,22.59315325653533]],[[70.19050455969737,22.599824232580296],[70.19050455969737,22.599824232580296]],[[69.94848565787336,22.6061919824414],[69.94848565787336,22.6061919824414]],[[70.21593408199048,22.646824291078907],[70.21593408199048,22.646824291078907]],[[70.23581003044946,22.68472756406166],[70.23581003044946,22.68472756406166]],[[70.24253277772235,22.68472756406166],[70.24253277772235,22.68472756406166]],[[70.24691717811771,22.691701766290485],[70.24691717811771,22.691701766290485]],[[70.2439942445208,22.720205027573513],[70.2439942445208,22.720205027573513]],[[69.64274680363673,22.764779276601228],[69.66583797905231,22.750527645959714],[69.63222424268785,22.76326314568192],[69.64274680363673,22.764779276601228]],[[69.63660864308322,22.77994058579433],[69.63660864308322,22.77994058579433]],[[69.81695364601248,22.852714869921208],[69.81578447257371,22.852108417553485]],[[69.81578447257371,22.852108417553485],[69.81695364601248,22.852714869921208]],[[69.82133804640783,22.854231000840517],[69.82075345968846,22.853927774656658]],[[69.82075345968846,22.853927774656658],[69.82133804640783,22.854231000840517]],[[69.82279951320629,22.854837453208244],[69.82279951320629,22.854837453208244]],[[70.4550300502176,22.995837628704074],[70.45093794318193,22.98583116463663],[70.43427722167955,22.982495676614146],[70.4550300502176,22.995837628704074]],[[70.44158455567181,23.04950866324765],[70.41469356658025,23.022521532883932],[70.42083172713376,23.038289294444755],[70.44158455567181,23.04950866324765]],[[70.44859959630439,23.051934472718546],[70.42901594120511,23.004934414219935],[70.41381668650118,22.989773105026835],[70.4103091661849,22.998566664358833],[70.41849338025624,23.024644116170965],[70.44859959630439,23.051934472718546]],[[70.45356858341914,23.052844151270133],[70.45356858341914,23.052844151270133]],[[70.45912215725326,23.057695770211925],[70.45912215725326,23.057695770211925]],[[70.45210711662068,23.060728032050545],[70.45210711662068,23.060728032050545]],[[70.46964471820213,23.061334484418268],[70.46964471820213,23.061334484418268]],[[70.48250562602854,23.065276424808474],[70.44626124942687,23.025250568538688],[70.4646757310874,23.056179639292615],[70.48250562602854,23.065276424808474]],[[68.6089051904102,23.231141147380992],[68.6089051904102,23.231141147380992]],[[68.59429052242567,23.262070218134916],[68.59429052242567,23.262070218134916]],[[68.65859506155765,23.271167003650778],[68.65859506155765,23.271167003650778]],[[68.62878113886919,23.290270253234084],[68.62878113886919,23.290270253234084]],[[68.55833843918369,23.313618669391456],[68.56330742629844,23.303308979140148],[68.6121204173668,23.2957283245436],[68.61475105760402,23.271470229834637],[68.57178393372946,23.260554087215606],[68.56915329349225,23.2502443969643],[68.541970011041,23.265102479973535],[68.5387547840844,23.279657336798913],[68.5577538524643,23.274199265489397],[68.56827641341317,23.284812181924565],[68.55336945206894,23.296334776911323],[68.55833843918369,23.313618669391456]],[[68.64251892677466,23.31392189557532],[68.64251892677466,23.31392189557532]],[[68.63258095254515,23.317560609781662],[68.63258095254515,23.317560609781662]],[[68.63988828653743,23.31847028833325],[68.63988828653743,23.31847028833325]],[[68.58844465523184,23.31907674070097],[68.60539767009391,23.31270899083987],[68.61621252440247,23.29724445546291],[68.59838262946133,23.3020960744047],[68.58844465523184,23.31907674070097]],[[68.63170407246609,23.321199323988008],[68.63170407246609,23.321199323988008]],[[68.62702737871103,23.32180577635573],[68.62702737871103,23.32180577635573]],[[68.62673508535134,23.3260509429298],[68.62673508535134,23.3260509429298]],[[68.541970011041,23.34151547830676],[68.541970011041,23.34151547830676]],[[68.55015422511234,23.34151547830676],[68.55015422511234,23.34151547830676]],[[68.55366174542863,23.341818704490624],[68.55366174542863,23.341818704490624]],[[68.50601792779902,23.342425156858347],[68.52764763641615,23.33696708554883],[68.5358318504875,23.316650931230075],[68.50280270084242,23.324231585826627],[68.50601792779902,23.342425156858347]],[[68.52501699617893,23.343941287777657],[68.52501699617893,23.343941287777657]],[[68.5641843063775,23.34454774014538],[68.5641843063775,23.34454774014538]],[[68.6314117791064,23.35182516855807],[68.6314117791064,23.35182516855807]],[[68.47328107151365,23.35667678749986],[68.47328107151365,23.35667678749986]],[[68.57353769388762,23.360315501706207],[68.57353769388762,23.360315501706207]],[[68.59779804274196,23.36092195407393],[68.59779804274196,23.36092195407393]],[[68.58902924195122,23.374263906163858],[68.61065895056835,23.35182516855807],[68.61650481776216,23.333934823710212],[68.59107529546907,23.34151547830676],[68.56827641341317,23.372747775244548],[68.58902924195122,23.374263906163858]],[[68.54080083760223,23.37759939418634],[68.54080083760223,23.37759939418634]],[[68.50280270084242,23.38336069167972],[68.50280270084242,23.38336069167972]],[[68.50514104771995,23.38366391786358],[68.50514104771995,23.38366391786358]],[[68.57938356108143,23.385483274966752],[68.57938356108143,23.385483274966752]],[[68.53612414384718,23.385483274966752],[68.53612414384718,23.385483274966752]],[[68.53524726376811,23.387605858253785],[68.53524726376811,23.387605858253785]],[[68.55395403878832,23.403980072182335],[68.55395403878832,23.403980072182335]],[[68.53729331728594,23.40458652455006],[68.5548309188674,23.397005869953507],[68.5673995333341,23.375173584715444],[68.55570779894647,23.360315501706207],[68.5484004649542,23.39276070337944],[68.53729331728594,23.40458652455006]],[[68.46100475040663,23.405192976917782],[68.46100475040663,23.405192976917782]],[[68.52355552938047,23.40458652455006],[68.52355552938047,23.40458652455006]],[[68.47094272463612,23.405799429285505],[68.47094272463612,23.405799429285505]],[[68.42972936091971,23.407012334020955],[68.42972936091971,23.407012334020955]],[[68.46305080392447,23.409134917307988],[68.46305080392447,23.409134917307988]],[[68.40897653238166,23.40943814349185],[68.40897653238166,23.40943814349185]],[[68.558046145824,23.40943814349185],[68.558046145824,23.40943814349185]],[[68.41453010621579,23.40974136967571],[68.41453010621579,23.40974136967571]],[[68.46071245704694,23.412773631514334],[68.46071245704694,23.412773631514334]],[[68.54956963839297,23.413683310065917],[68.54956963839297,23.413683310065917]],[[68.40079231831032,23.420960738478605],[68.40079231831032,23.420960738478605]],[[68.40196149174908,23.423083321765642],[68.40196149174908,23.423083321765642]],[[68.39991543823125,23.428541393075157],[68.39991543823125,23.428541393075157]],[[68.50192582076335,23.4321801072815],[68.50192582076335,23.4321801072815]],[[68.51683278210758,23.432786559649223],[68.51683278210758,23.432786559649223]],[[68.5007566473246,23.436122047671706],[68.5007566473246,23.436122047671706]],[[68.50134123404398,23.443702702268258],[68.50134123404398,23.443702702268258]],[[68.50134123404398,23.453405940151843],[68.50134123404398,23.453405940151843]],[[68.5068948078781,23.456438201990462],[68.52384782274017,23.442489797532808],[68.50426416764088,23.429754297810604],[68.5068948078781,23.456438201990462]],[[68.4078073589429,23.45795433290977],[68.4078073589429,23.45795433290977]],[[68.49900288716644,23.475844677757628],[68.49900288716644,23.475844677757628]],[[68.47298877815396,23.48039307051556],[68.48555739262066,23.47554145157377],[68.49461848677109,23.45310271396798],[68.48204987230437,23.402767167446886],[68.46626603088107,23.41095427441116],[68.4618816304857,23.453405940151843],[68.44083650858796,23.44430915463598],[68.41862221325147,23.4233865479495],[68.41219175933826,23.443399476084394],[68.4525282429756,23.46098659474839],[68.46042016368725,23.477360808676938],[68.47298877815396,23.48039307051556]],[[68.49841830044706,23.488883403663696],[68.49841830044706,23.488883403663696]],[[68.50747939459748,23.49221889168618],[68.50747939459748,23.49221889168618]],[[68.51157150163316,23.49221889168618],[68.51157150163316,23.49221889168618]],[[68.48672656605943,23.49555437970866],[68.48672656605943,23.49555437970866]],[[68.46655832424076,23.497980189179557],[68.47123501799581,23.48039307051556],[68.45954328360818,23.479483391963974],[68.46655832424076,23.497980189179557]],[[68.43732898827167,23.500405998650454],[68.43732898827167,23.500405998650454]],[[68.48058840550593,23.501315677202037],[68.48643427269974,23.4864575941928],[68.47415795159272,23.48069629669942],[68.48058840550593,23.501315677202037]],[[68.46801979103921,23.52405764099169],[68.46801979103921,23.52405764099169]],[[68.47503483167179,23.52890925993348],[68.47503483167179,23.52890925993348]],[[68.47357336487335,23.537096366897753],[68.47357336487335,23.537096366897753]],[[68.48234216566406,23.550438318987684],[68.48234216566406,23.550438318987684]],[[68.47971152542685,23.554986711745613],[68.48000381878654,23.54528347386203],[68.45954328360818,23.531031843220514],[68.45749723009034,23.542554438207272],[68.47971152542685,23.554986711745613]],[[68.22337024897797,23.5862190086834],[68.22337024897797,23.5862190086834]],[[68.25523022518428,23.590160949073606],[68.25523022518428,23.590160949073606]],[[68.21635520834539,23.591070627625193],[68.21635520834539,23.591070627625193]],[[68.48204987230437,23.59683192511857],[68.48555739262066,23.574999639880506],[68.46743520431983,23.552257676090854],[68.44639008242208,23.540431854920236],[68.43265229451661,23.50768342706314],[68.4300216542794,23.542857664391132],[68.44200568202673,23.563477044893748],[68.4683120843989,23.57833512790299],[68.46801979103921,23.591677079992916],[68.48204987230437,23.59683192511857]],[[68.45837411016942,23.600470639324914],[68.46626603088107,23.597741603670155],[68.46246621720509,23.577425449351402],[68.45223594961591,23.573180282777333],[68.45837411016942,23.600470639324914]],[[68.4808806988656,23.606535163002153],[68.4808806988656,23.606535163002153]],[[68.45632805665159,23.624728734033873],[68.46480456408261,23.622909376930703],[68.46655832424076,23.601077091692638],[68.45486658985313,23.60441257971512],[68.43849816171044,23.588948044338157],[68.43469834803446,23.616238400885738],[68.45632805665159,23.624728734033873]],[[68.48468051254159,23.628064222056356],[68.49052637973541,23.603502901163534],[68.4779577652687,23.60471580589898],[68.48000381878654,23.591070627625193],[68.46743520431983,23.59349643709609],[68.46948125783767,23.616238400885738],[68.48468051254159,23.628064222056356]],[[68.4779577652687,23.72236756523744],[68.4779577652687,23.72236756523744]],[[68.4496053093787,23.732374029304886],[68.4496053093787,23.732374029304886]],[[68.46743520431983,23.739954683901438],[68.48672656605943,23.728128862730816],[68.46305080392447,23.727522410363093],[68.46743520431983,23.739954683901438]],[[68.48672656605943,23.746019207578676],[68.48672656605943,23.746019207578676]],[[68.21664750170508,23.779374087803497],[68.22366254233766,23.762090195323363],[68.21489374154694,23.759664385852467],[68.21664750170508,23.779374087803497]],[[68.34934868700473,23.799993468306113],[68.34934868700473,23.799993468306113]],[[68.35840978115515,23.80514831343177],[68.37974719641258,23.790290230422528],[68.39786938471342,23.784832159113012],[68.42534496052436,23.796961206467493],[68.42563725388405,23.781799897274393],[68.41540698629485,23.74783856468185],[68.41832991989178,23.723580469972887],[68.39056205072114,23.65444490005235],[68.34817951356597,23.616238400885738],[68.35139474052257,23.60471580589898],[68.33034961862482,23.588948044338157],[68.28913625490841,23.578941580270712],[68.27422929356418,23.59379966327995],[68.28416726779368,23.6013803178765],[68.27276782676573,23.618664210356634],[68.26867571973006,23.607141615369876],[68.23944638376098,23.601077091692638],[68.24879977127108,23.59379966327995],[68.21986272866168,23.591373853809053],[68.22366254233766,23.603806127347397],[68.1970638466058,23.59713515130243],[68.18624899229724,23.624425507850013],[68.20144824700117,23.64504488835263],[68.26955259980913,23.64959328111056],[68.28124433419676,23.669909435429314],[68.31193513696431,23.7011417323671],[68.31778100415812,23.71751594629565],[68.3376569526171,23.729038541282403],[68.3408721795737,23.750264374152746],[68.33473401902019,23.75875470730088],[68.35840978115515,23.80514831343177]],[[68.60510537673422,23.809696706189698],[68.60510537673422,23.809696706189698]],[[68.59662886930319,23.812728968028317],[68.59662886930319,23.812728968028317]],[[68.30784302992863,23.823645110647348],[68.32245769791317,23.804845087247905],[68.31398119048214,23.780890218722806],[68.32391916471163,23.733890160224195],[68.29644358890069,23.726309505627647],[68.28416726779368,23.710844970250683],[68.26750654629129,23.70447722038958],[68.25727627870211,23.71599981537634],[68.26604507949284,23.72964499365013],[68.26458361269438,23.75390308835909],[68.27335241348511,23.792716039893424],[68.29819734905884,23.80363218251246],[68.29001313498749,23.816670908418523],[68.30784302992863,23.823645110647348]],[[68.49783371372769,23.830619312876177],[68.51975571570449,23.817883813153973],[68.52297094266109,23.80363218251246],[68.51244838171222,23.788774099503218],[68.52209406258203,23.775128921229427],[68.51683278210758,23.75450954072681],[68.49491078013077,23.737225648246678],[68.48760344613851,23.74935469560116],[68.46977355119736,23.75723857638157],[68.47678859182994,23.74056113626916],[68.43732898827167,23.73934823153371],[68.45662035001128,23.77391601649398],[68.44755925586085,23.806057991983355],[68.45749723009034,23.817277360786246],[68.49783371372769,23.830619312876177]],[[68.70711575926633,23.851238693378793],[68.70711575926633,23.851238693378793]],[[68.69922383855467,23.853058050481962],[68.69922383855467,23.853058050481962]],[[68.53320121025027,23.873677430984582],[68.53320121025027,23.873677430984582]],[[68.39582333119557,23.87822582374251],[68.42446808044528,23.864883871652584],[68.43937504178952,23.839109646024312],[68.42651413396311,23.81030315855742],[68.40020773159094,23.789683778054805],[68.37711655617537,23.796961206467493],[68.36805546202494,23.80999993237356],[68.34934868700473,23.809393480005834],[68.33005732526513,23.78725796858391],[68.3247960447907,23.79514184936432],[68.3467180467675,23.818187039337833],[68.34291823309154,23.836380610369552],[68.37390132921877,23.859729026526928],[68.3788703163335,23.87489033572003],[68.39582333119557,23.87822582374251]],[[68.2482151845517,23.880348407029544],[68.25172270486799,23.862458062181688],[68.23301592984777,23.842445134046795],[68.215770621626,23.848812883907897],[68.21693979506477,23.86761290730734],[68.2482151845517,23.880348407029544]],[[68.449313016019,23.93856783433105],[68.45837411016942,23.930380727366774],[68.45135906953684,23.913703287254364],[68.45194365625622,23.883683895052027],[68.4270987206825,23.86458064546872],[68.39260810423897,23.880348407029544],[68.3756550893769,23.87519356190389],[68.37243986242031,23.859425800343065],[68.3499332737241,23.846387074437],[68.35694831435669,23.87216130006527],[68.35460996747916,23.901877466083747],[68.38617765032578,23.906122632657816],[68.41277634605764,23.91612909672526],[68.42739101404219,23.933412989205397],[68.449313016019,23.93856783433105]],[[68.5355395571278,23.945845262743738],[68.55833843918369,23.923103298954086],[68.58873694859153,23.916735549092984],[68.57207622708916,23.908548442128712],[68.54927734503327,23.875800014271615],[68.5323243301712,23.87610324045548],[68.5223863559417,23.859729026526928],[68.49052637973541,23.86730968112348],[68.48672656605943,23.890961323464715],[68.51390984851068,23.90400004937078],[68.53203203681151,23.920071037115466],[68.52530928953863,23.940690417618082],[68.5355395571278,23.945845262743738]],[[68.52560158289832,23.94948397695008],[68.52560158289832,23.94948397695008]],[[68.497541420368,23.96737432179794],[68.497541420368,23.95221301260484],[68.51654048874789,23.942509774721255],[68.51858654226574,23.924316203689536],[68.48029611214623,23.890354871096992],[68.4718196047152,23.8615483836301],[68.44346714882518,23.848509657724033],[68.42826789412126,23.86185160981396],[68.45311282969499,23.87974195466182],[68.45135906953684,23.919767810931607],[68.46071245704694,23.933412989205397],[68.44872842929962,23.94008396525036],[68.42826789412126,23.936445251044017],[68.44375944218487,23.968284000349527],[68.497541420368,23.96737432179794]],[[68.35840978115515,23.97495497639449],[68.40108461167002,23.964948512327044],[68.43411376131507,23.96737432179794],[68.41277634605764,23.927045239344295],[68.38705453040485,23.91430973962209],[68.35051786044349,23.908548442128712],[68.34233364637215,23.889748418729265],[68.34730263348689,23.859425800343065],[68.33619548581864,23.83880641984045],[68.3376569526171,23.819399944073282],[68.32011935103564,23.807574122902665],[68.31456577720152,23.82394833683121],[68.29235148186501,23.820006396441006],[68.29556670882161,23.804238634880182],[68.27335241348511,23.79665798028363],[68.26195297245717,23.76027083822019],[68.26575278613315,23.745715981394813],[68.25523022518428,23.711148196434547],[68.26721425293161,23.695683661057583],[68.25581481190366,23.679612673312896],[68.2385695036819,23.680825578048346],[68.2067095274756,23.7075094822282],[68.19238715285074,23.733890160224195],[68.21255539466941,23.763606326242673],[68.22600088921519,23.762696647691087],[68.20934016771281,23.810909610925144],[68.2160629149857,23.836380610369552],[68.23447739664623,23.836077384185693],[68.24383078415633,23.853058050481962],[68.25055353142922,23.84790320535631],[68.26195297245717,23.88732260925837],[68.27861369395954,23.90248391845147],[68.2771522271611,23.914916191989814],[68.28913625490841,23.92189039421864],[68.31953476431626,23.914916191989814],[68.34233364637215,23.9246194298734],[68.3467180467675,23.96161302430456],[68.35840978115515,23.97495497639449]],[[72.6583373955672,21.47091315006205],[72.66681390299824,21.48455832833584],[72.6711983033936,21.514577720538178]],[[72.67149059675329,21.515184172905904],[72.6744135303502,21.520642244215416]],[[72.6744135303502,21.520642244215416],[72.67470582370989,21.520945470399283]],[[72.67470582370989,21.521248696583143],[72.6937048920898,21.527313220260382]],[[72.69575094560763,21.527313220260382],[72.70656579991619,21.532468065386038]],[[72.7062735065565,21.532468065386038],[72.68552067801845,21.540655172350313]],[[72.68522838465876,21.540958398534173],[72.66096803580442,21.527313220260382],[72.64167667406483,21.526403541708795],[72.61273963145543,21.557332612462723],[72.60806293770038,21.58310683809099],[72.62063155216708,21.59614556399706],[72.62823117951905,21.616764944499675],[72.64781483461833,21.617068170683538],[72.67265977019206,21.62798431330257],[72.70568891983712,21.651635955643805]],[[72.70568891983712,21.651635955643805],[72.72030358782166,21.6389004559216],[72.74865604371168,21.643752074863393]],[[72.75011751051012,21.64799724143746],[72.7925000476653,21.64617788433429],[72.81997562347624,21.65861015787263]],[[72.82026791683593,21.65861015787263],[72.82085250355532,21.659216610240357]],[[72.82172938363439,21.659519836424217],[72.82172938363439,21.65982306260808]],[[72.82202167699408,21.65982306260808],[72.83312882466232,21.672861788514147],[72.79980738165757,21.661945645895113],[72.76180924489776,21.6692230743078],[72.74660999019383,21.68590051442021],[72.73287220228836,21.688326323891108],[72.71182708039063,21.678623086007526],[72.66944454323546,21.683171478765452],[72.6554144619703,21.677410181272077],[72.59724808339182,21.68074566929456],[72.5627574669483,21.66164241971125],[72.54668133216529,21.65861015787263],[72.52388245010941,21.680139216926833],[72.5209595165125,21.714707001887103],[72.54405069192808,21.74897156066351]],[[72.54405069192808,21.757461893811644],[72.54755821224437,21.769590941166125]],[[72.54785050560406,21.76989416734999],[72.55457325287695,21.79748775008143]],[[72.55457325287695,21.79748775008143],[72.55603471967541,21.80021678573619]],[[72.55603471967541,21.80082323810391],[72.55749618647386,21.802945821390946]],[[72.55749618647386,21.80324904757481],[72.55749618647386,21.80355227375867]],[[72.55778847983355,21.80355227375867],[72.55895765327232,21.805068404677982]],[[72.55895765327232,21.805068404677982],[72.55924994663201,21.805371630861842]],[[72.55924994663201,21.805371630861842],[72.56012682671108,21.80597808322957]],[[72.56480352046613,21.81416519019384],[72.61186275137636,21.86116524869245],[72.62881576623843,21.90907498574265],[72.60777064434069,21.92817823532595],[72.62940035295782,21.955468591873533],[72.58584864236387,21.919384675993957],[72.58204882868789,21.886333021953],[72.54668133216529,21.877539462621],[72.51832887627529,21.87814591498872],[72.50751402196673,21.897855616939754],[72.50225274149228,21.9533460085865],[72.50722172860704,21.994281543407872],[72.51832887627529,22.029455780735866],[72.52622079698693,22.076759065418337],[72.54726591888468,22.149836575729083],[72.56158829350953,22.176520479908937]],[[72.56158829350953,22.176823706092797],[72.56363434702737,22.18015919411528]],[[72.56392664038705,22.18015919411528],[72.56421893374674,22.180765646483003]],[[72.56451122710644,22.181068872666867],[72.56626498726459,22.183797908321623]],[[72.56626498726459,22.183797908321623],[72.56714186734366,22.185010813057072]],[[72.56714186734366,22.185010813057072],[72.56743416070334,22.185314039240936]],[[72.56743416070334,22.185314039240936],[72.56772645406303,22.18592049160866]],[[72.56772645406303,22.18592049160866],[72.56831104078242,22.186830170160246]],[[72.56831104078242,22.186830170160246],[72.5688956275018,22.18773984871183]],[[72.5688956275018,22.18773984871183],[72.5688956275018,22.18773984871183]],[[72.5688956275018,22.18773984871183],[72.5691879208615,22.188043074895695]],[[72.5691879208615,22.188043074895695],[72.57298773453748,22.1919850152859]],[[72.57298773453748,22.1919850152859],[72.57357232125686,22.19259146765362]],[[72.57357232125686,22.19259146765362],[72.59140221619799,22.208056003030585],[72.6136165115345,22.21745601473031],[72.639630620547,22.21806246709803],[72.65892198228659,22.212301169604654],[72.70130451944176,22.184101134505486],[72.75976319137993,22.175004348989624],[72.77467015272416,22.194714050940657],[72.7989305015785,22.237772169049062],[72.8182218633181,22.247778633116507],[72.86878861454461,22.22382376459141],[72.89918712395246,22.232010871555683],[72.91964765913082,22.260817359022575],[72.91526325873545,22.278101251502708],[72.90970968490133,22.25930122810326],[72.89626419035555,22.246565728381057],[72.86674256102678,22.24262378799085],[72.85271247976162,22.28173996570905],[72.8150066363615,22.2677915612514],[72.76151695153807,22.232314097739547],[72.68785902489597,22.238378621416786],[72.6583373955672,22.26930769217071],[72.65395299517184,22.280223834789744],[72.62764659279966,22.28416577517995],[72.59724808339182,22.274159311112502],[72.5595422399917,22.245959276013338],[72.56100370679015,22.2589980019194],[72.54083546497148,22.243533466542438],[72.53323583761951,22.246262502197197],[72.53762023801488,22.274462537296365],[72.5241747434691,22.266578656515954],[72.5241747434691,22.244746371277888],[72.50722172860704,22.231101193004097],[72.48763807350775,22.197443086595413],[72.47360799224259,22.20108180080176],[72.49114559382404,22.230191514452514],[72.49319164734187,22.247778633116507],[72.47068505864569,22.24262378799085],[72.43414838868432,22.301752893843947],[72.38971979801131,22.316610976853184],[72.40199611911834,22.327527119472215],[72.41222638670752,22.358759416410003],[72.39381190504699,22.382714284935098],[72.37627430346554,22.385140094405998],[72.36195192884068,22.376043308890136],[72.38416622417719,22.373011047051516],[72.40404217263617,22.353301345100483],[72.37890494370275,22.336017452620354],[72.37627430346554,22.30539160805029],[72.38767374449348,22.298720632005324],[72.41105721326875,22.299327084373047],[72.41631849374318,22.28446900136381],[72.41310326678658,22.249294764035817],[72.41661078710287,22.227462478797754],[72.40024235896018,22.19956566988245],[72.37568971674615,22.232010871555683],[72.38358163745781,22.245656049829474],[72.3774434769043,22.261120585206434],[72.35844440852439,22.26809478743526],[72.37072072963142,22.24262378799085],[72.36019816868254,22.225036669326858],[72.36399798235851,22.201688253169483],[72.3809509972206,22.194714050940657],[72.39147355816947,22.18015919411528],[72.3870891577741,22.159843039796527],[72.37715118354461,22.158326908877214],[72.37072072963142,22.17257853951873],[72.35376771476933,22.180462420299143],[72.35581376828718,22.146501087706596],[72.35026019445306,22.126791385755567],[72.32804589911655,22.14528818297115],[72.3163541647289,22.146501087706596],[72.3195693916855,22.171668860967145],[72.30963141745602,22.148623670993633],[72.32366149872118,22.13012687377805],[72.31138517761417,22.11223652893019],[72.31518499129015,22.102230064862745],[72.28770941547921,22.00186219800442],[72.27630997445127,21.929997592429125],[72.26666429358147,21.937275020841817],[72.26140301310703,21.98093959131794],[72.25175733223723,21.987307341179047],[72.26081842638764,22.019449316668418],[72.24444999824496,22.034307399677658],[72.24181935800775,22.050681613606205],[72.28683253540014,22.07433325594744],[72.29413986939241,22.063113887144546],[72.30173949674437,22.106778457620678],[72.27455621429311,22.090707469875987],[72.27660226781096,22.07888164870537],[72.23801954433176,22.05917194675434],[72.23071221033949,22.048862256503032],[72.23275826385733,22.017629959565248],[72.20791332828361,22.010958983520283],[72.19592930053628,22.0227848046909],[72.19739076733474,22.008229947865523],[72.21638983571464,21.999436388533525],[72.2301276236201,22.008533174049386],[72.2301276236201,21.994584769591732],[72.21522066227588,21.95637827042512],[72.18745279310525,21.94394599688678],[72.19329866029906,21.93697179465795],[72.22018964939062,21.947887937276985],[72.25555714591322,21.892094319446375],[72.26023383966827,21.784449024175366],[72.27017181389776,21.757158667627785],[72.26315677326518,21.740784453699234]],[[72.26315677326518,21.740784453699234],[72.26198759982641,21.74321026317013]],[[72.26052613302797,21.746242525008753],[72.25848007951012,21.751397370134406]],[[72.25584943927291,21.756552215260058],[72.25584943927291,21.75685544144392]],[[72.25555714591322,21.757765119995508],[72.25526485255352,21.75806834617937]],[[72.25526485255352,21.75837157236323],[72.25497255919383,21.75867479854709]],[[72.25497255919383,21.758978024730958],[72.25468026583414,21.758978024730958]],[[72.25438797247445,21.75988770328254],[72.2497112787194,21.77353288155633]],[[72.2497112787194,21.773836107740195],[72.24941898535971,21.774139333924055]],[[72.24941898535971,21.774442560107918],[72.24912669200002,21.77474578629178]],[[72.24912669200002,21.77504901247564],[72.24444999824496,21.764739322224333],[72.25964925294889,21.7235005612191],[72.28507877524198,21.678623086007526],[72.28537106860168,21.664977907733736],[72.30290867018313,21.64314562249567],[72.30583160378004,21.627377860934843],[72.26841805373961,21.57219069547196],[72.26520282678301,21.5415648509019],[72.25438797247445,21.503055125551423],[72.23538890409455,21.456964745604395],[72.21405148883711,21.42694535340206],[72.1792685790339,21.397229187383584],[72.1666999645672,21.376609806880964],[72.12753265436862,21.3332484625887],[72.1091181727081,21.300803260915465],[72.11057963950655,21.28655163027395],[72.09742643832047,21.27715161857423],[72.09742643832047,21.264719345035886],[72.08456553049407,21.24955803584279],[72.08865763752974,21.22893865534017],[72.11087193286625,21.219235417456588],[72.11379486646315,21.196493453666935],[72.08719617073129,21.190428929989693],[72.05942830156066,21.174964394612733],[72.04656739373426,21.158893406868046],[72.01821493784425,21.154345014110117],[72.0036002698597,21.141609514387913],[71.97875533428598,21.13493853834295],[71.97670928076815,21.120990133885297],[71.95361810535258,21.119474002965987],[71.89895924709037,21.109164312714675],[71.8790832986314,21.089454610763646],[71.84926937594294,21.07641588485758],[71.80396390519086,21.063680385135378],[71.79636427783889,21.053067468700206],[71.80688683878776,21.037906159507106],[71.77736520945899,21.03820938569097],[71.78145731649467,21.02971905254283],[71.76070448795662,21.020015814659246],[71.71919883088052,21.02153194557856],[71.67944693396255,21.00182224362753],[71.63852586360584,20.98999642245691],[71.6367721034477,20.97362220852836],[71.5338848408365,20.94329959014216],[71.51780870605351,20.9493641138194],[71.50640926502557,20.931776995155403],[71.51663953261475,20.92358988819113],[71.49325606383948,20.917828590697752],[71.47834910249526,20.891447912701757],[71.46256526107194,20.880834996266586],[71.44853517980678,20.881441448634313],[71.43742803213853,20.868402722728245],[71.38803045435078,20.866280139441212],[71.38452293403449,20.85718335392535],[71.32167986170096,20.845357532754733],[71.23428414715339,20.805331676484947],[71.21060838501843,20.80260264083019],[71.20388563774554,20.789260688740264],[71.160918513871,20.78107358177599],[71.15068824628182,20.77228002244399]],[[71.14542696580737,20.75711871325089],[71.09427562786148,20.758331617986336],[71.0776149063591,20.750144511022064],[71.08053783995601,20.738015463667583],[71.05043162390785,20.731041261438754],[71.01331036722712,20.739531594586893]],[[71.01331036722712,20.739531594586893],[71.01301807386743,20.739834820770753]],[[70.9913883652503,20.73164771380648],[70.9913883652503,20.745899344447995],[70.9402370273044,20.73316384472579],[70.92503777260048,20.73892514221917],[70.88820880927943,20.733770297093514],[70.87388643465458,20.72709932104855],[70.86804056746077,20.703750904891177],[70.84494939204518,20.70738961909752],[70.83822664477229,20.690105726617386],[70.82244280334899,20.691015405168972],[70.79292117402021,20.71193801185545],[70.7648610114899,20.721641249739037],[70.74381588959216,20.719821892635863],[70.70347940595481,20.738015463667583],[70.67161942974852,20.761060653641096],[70.58539288863972,20.78168003414371],[70.54184117804577,20.80138973609474],[70.51027349519916,20.821402664229634],[70.48864378658205,20.8280736402746],[70.47519829203627,20.841112366180667],[70.46292197092924,20.841112366180667],[70.42463154080974,20.863551103786456],[70.3939407380422,20.894176948356517],[70.32057510475981,20.927228602397477],[70.25831661914566,20.972712529976775],[70.16010605028953,21.05337069488407],[70.13292276783828,21.0794481466962],[70.07066428222413,21.13251272887205],[70.02857403842864,21.178603108819075],[70.0078212098906,21.197706358402385],[69.77924780261236,21.45544861468509],[69.7012054755749,21.541261624718036],[69.67139155288643,21.56642939797858],[69.6021180266397,21.63738432500229],[69.58487271841794,21.63738432500229],[69.53138303359452,21.681655347846146],[69.47409353509511,21.738055418044475],[69.43434163817716,21.76564900077592],[69.40072790181272,21.796578071529844],[69.37471379280022,21.827507142283768],[69.33203896228535,21.854191046463626],[69.28234909113792,21.896339486020445],[69.21482932504932,21.960320210815325],[69.10872683548155,22.07281712502813],[69.08592795342567,22.101623612495022],[69.05786779089534,22.12557848102012],[69.01636213381924,22.175004348989624],[68.98128693065634,22.211391491053067],[68.95264218140665,22.24838508548423],[68.95790346188107,22.257785097183955],[68.9441656739756,22.283559322812224],[68.93598145990426,22.31206258409525],[68.94299650053684,22.333288416965594],[68.95176530132757,22.332075512230148],[68.95907263531984,22.351785214181177],[68.9567342884423,22.366643297190414],[68.98450215761294,22.41424980805675],[69.01840818733707,22.446998235913846],[69.07978979287216,22.47914021140322],[69.08505107334659,22.471862782990527],[69.07482080575741,22.454275664326534],[69.04413000298987,22.431230474353022],[69.0686826452039,22.39605623702503],[69.08271272646907,22.392417522818683],[69.11018830228001,22.41000464148268],[69.1294796640196,22.398482046495925],[69.16630862734065,22.41273367713744],[69.17069302773601,22.42213368883716],[69.19436878987096,22.42334659357261],[69.19816860354695,22.38756590387689],[69.17887724180736,22.376043308890136],[69.1680623874988,22.32661744092063],[69.15870899998869,22.31630775066932],[69.1680623874988,22.295991596350568],[69.20255300394231,22.266578656515954],[69.22359812584006,22.257785097183955],[69.28381055793636,22.272036727825466],[69.29754834584183,22.28750126320243],[69.31303989390545,22.28750126320243],[69.3340850158032,22.30417870331484],[69.33437730916289,22.330559381310835],[69.36652957872887,22.3220690481627],[69.42469595730736,22.317217429220907],[69.45480217335552,22.335714226436487],[69.46327868078654,22.330559381310835],[69.48870820307965,22.338140035907387],[69.49016966987811,22.355727154571383],[69.52027588592627,22.37937879691262],[69.51793753904875,22.410914320034266],[69.50215369762543,22.42668208159509],[69.52290652616348,22.42668208159509],[69.55330503557133,22.39878527267979],[69.557397142607,22.375436856522413],[69.55067439533411,22.371798142316067],[69.56558135667835,22.35694005930683],[69.57405786410938,22.36785620192586],[69.60913306727228,22.349359404710277],[69.61410205438703,22.33753358353966],[69.62024021494054,22.368462654293587],[69.64333139035611,22.356030380755243],[69.65473083138406,22.359062642593862],[69.66028440521818,22.387869130060754],[69.67168384624613,22.39454010610572],[69.69915942205706,22.39575301084117],[69.69243667478418,22.421224010285577],[69.70208235565397,22.43395951000778],[69.6883445677485,22.44457242644295],[69.70354382245243,22.446998235913846],[69.73072710490368,22.4736821400937],[69.74095737249286,22.457307926165154],[69.73511150529903,22.4433595217075],[69.75527974711771,22.426075629227366],[69.76171020103091,22.43274660527233],[69.78830889676277,22.405759474908614],[69.80584649834422,22.40394011780544],[69.8289376737598,22.44305629552364],[69.82104575304815,22.45124340248791],[69.84092170150713,22.456095021429704],[69.86050535660641,22.446695009729986],[69.90961064103448,22.46792084260032],[69.91282586799107,22.489146675470664],[69.92305613558025,22.503095079928315],[69.94497813755707,22.514920901098932],[69.94585501763613,22.528566079372723],[69.97946875400059,22.543727388565827],[70.02857403842864,22.549488686059203],[70.04026577281628,22.558888697758924],[70.06452612167062,22.546759650404447],[70.08557124356837,22.544940293301273],[70.16302898388643,22.55161126934624],[70.18787391946016,22.58526937575492],[70.1992733604881,22.617411351244293],[70.21973389566647,22.62954039859877],[70.2346408570107,22.65955979080111],[70.24282507108204,22.66259205263973],[70.25305533867122,22.69291467102593],[70.23873296404636,22.696250159048414],[70.26270101954101,22.737488920053647],[70.27439275392865,22.73354697966344],[70.30332979653805,22.75750184818854],[70.30040686294113,22.770843800278467],[70.30917566373186,22.796011573539012],[70.33723582626219,22.824514834822043],[70.34132793329786,22.848469703347142],[70.3848796438918,22.909721392487267],[70.41235521970273,22.920031082738575],[70.4231700740113,22.932463356276916],[70.43106199472294,22.959147260456774],[70.45386087677883,22.984618259901183],[70.4708138916409,23.010695711713314],[70.49361277369678,23.075282888875922],[70.43661556855707,23.06194093678599],[70.39627908491974,23.02555379472255],[70.39335615132282,22.96308920084698],[70.38546423061118,22.946108534550707],[70.34512774697383,22.930340772989883],[70.30596043677527,22.94671498691843],[70.28725366175505,22.945502082182983],[70.2507169917937,22.973398891098288],[70.22937957653626,22.97703760530463],[70.22937957653626,22.9661214626856],[70.20015024056718,22.982495676614146],[70.2249951761409,22.961573069927667],[70.20862674799821,22.951869832044085],[70.17618218507252,22.95126337967636],[70.16507503740428,22.943379498895947],[70.1197695666522,22.96460533176629],[70.13409194127705,22.98583116463663],[70.1291229541623,22.99219891449773],[70.11275452601961,22.973398891098288],[70.11070847250177,22.960966617559944],[70.13935322175148,22.94065046324119],[70.1355534080755,22.927308511151264],[70.10778553890486,22.909721392487267],[70.05458814744114,22.904263321177748],[70.03208155874493,22.895469761845753],[70.0238973446736,22.90153428552299],[69.98969902158977,22.89971492841982],[69.94790107115398,22.892740726190993],[69.90142642696313,22.865147143459552],[69.86576663708085,22.8727277980561],[69.82279951320629,22.854837453208244]],[[69.82279951320629,22.854837453208244],[69.82133804640783,22.854231000840517]],[[69.82133804640783,22.854231000840517],[69.82133804640783,22.854231000840517]],[[69.82075345968846,22.853927774656658],[69.81695364601248,22.852714869921208]],[[69.81578447257371,22.852108417553485],[69.80146209794886,22.850592286634175],[69.77574028229607,22.83027613231542],[69.75264910688048,22.81996644206411],[69.74651094632698,22.794495442619702],[69.70851280956717,22.738701824789096],[69.67840659351901,22.753863133982193],[69.64128533683828,22.766598633704398],[69.60913306727228,22.76690185988826],[69.61585581454517,22.757198622004676],[69.58019602466288,22.762353467130332],[69.55213586213257,22.7881276927586],[69.5480437550969,22.7793341334266],[69.53284450039297,22.786005109471567],[69.48549297612306,22.787218014207017],[69.49484636363316,22.779030907242742],[69.47380124173542,22.773572835933226],[69.44603337256478,22.777514776323432],[69.40160478189178,22.80905029944508],[69.36068371153506,22.82269547771887],[69.35249949746373,22.817540632593214],[69.31888576109927,22.832398715602455],[69.30076357279845,22.832398715602455],[69.2668575430743,22.823908382454317],[69.22330583248036,22.836037429808798],[69.19729172346788,22.838463239279694],[69.16367798710343,22.85908261978231],[69.12889507730021,22.87394070279155],[69.10054262141021,22.896076214213476],[69.06780576512483,22.91608914234837],[69.0046703994316,22.94944402257319],[68.97281042322531,22.962785974663117],[68.92575119231508,22.992502140681594],[68.8164334757907,23.0570893178442],[68.78866560662007,23.071644174669576],[68.7623592042479,23.0786183768984],[68.72903776124313,23.107424864365292],[68.68051706353447,23.139566839854666],[68.65888735491734,23.149876530105974],[68.63082719238702,23.17352817244721],[68.64602644709095,23.16746364876997],[68.63638076622114,23.18414108888238],[68.62644279199165,23.18565721980169],[68.58435254819616,23.224166945152167],[68.59896721618071,23.240541159080713],[68.60101326969856,23.218708873842647],[68.61942775135907,23.219921778578097],[68.60539767009391,23.243573420919333],[68.64251892677466,23.24569600420637],[68.64690332717001,23.256308920641537],[68.67116367602435,23.272379908386224],[68.6378422330196,23.268437967996018],[68.6314117791064,23.29603155072746],[68.65801047483826,23.295121872175873],[68.69454714479961,23.307554145714217],[68.6501185541266,23.304218657691735],[68.64456498029249,23.322715454907318],[68.63667305958083,23.316650931230075],[68.63696535294052,23.346367097248553],[68.62147380487691,23.35364452566124],[68.5963365759435,23.382451013128133],[68.60101326969856,23.360012275522344],[68.58113732123957,23.38972844154082],[68.5638920130178,23.393670381931027],[68.56038449270152,23.419444607559296],[68.54781587823481,23.416109119536813],[68.53524726376811,23.43187688109764],[68.51595590202851,23.47554145157377],[68.51800195554635,23.4561349758066],[68.5007566473246,23.476451130125355],[68.50251040748273,23.500405998650454],[68.49198784653386,23.500405998650454],[68.49900288716644,23.51526408165969],[68.48526509926097,23.548012509516788],[68.4940339000517,23.54861896188451],[68.48643427269974,23.595922246566985],[68.49315701997263,23.606838389186017],[68.48935720629665,23.63503842428518],[68.5007566473246,23.65717393570711],[68.51741736882697,23.6620255546489],[68.52793992977584,23.688406232644894],[68.54635441143635,23.696896565793033],[68.55833843918369,23.719335303398818],[68.59545969586442,23.732374029304886],[68.60393620329546,23.748445017049573],[68.63082719238702,23.759057933484744],[68.65099543420568,23.793928944628874],[68.69045503776395,23.822735432095765],[68.71734602685551,23.825767693934385],[68.7427755491486,23.83698706273728],[68.72582253428654,23.846387074437],[68.7462830694649,23.866400002571893],[68.71617685341674,23.85730321705603],[68.67174826274373,23.8615483836301],[68.64690332717001,23.839716098392035],[68.62702737871103,23.83547093181797],[68.60013638961948,23.839716098392035],[68.57529145404575,23.822432205911902],[68.56447659973719,23.79787088501908],[68.53524726376811,23.756935350197708],[68.51537131530912,23.784832159113012],[68.525893876258,23.802116051593146],[68.5191711289851,23.82667737248597],[68.53437038368904,23.827890277221417],[68.55073881183172,23.8400193245759],[68.57178393372946,23.880045180845684],[68.61241271072649,23.902787144635333],[68.63871911309867,23.89793552569354],[68.64222663341496,23.905516180290093],[68.61767399120093,23.90824521594485],[68.60773601697144,23.93553557249243],[68.58727548179309,23.940690417618082],[68.58844465523184,23.922496846586363],[68.55863073254338,23.924012977505672],[68.53729331728594,23.947361393663048],[68.54956963839297,23.9676775479818],[68.74832912298274,23.967980774165664],[68.75329811009748,23.969496905084974],[68.76966653824017,24.27272308894698],[68.76323608432698,24.29425214800118],[68.80591091484183,24.312748945216764],[68.82754062345896,24.31669088560697],[68.8421552914435,24.281213422095117],[68.8421552914435,24.25665210120229],[68.85092409223422,24.22117463769044],[68.85881601294588,24.212987530726163],[68.87839966804516,24.214806887829337],[68.9026600168995,24.27454244605015],[68.94328879389653,24.302136028781593],[68.96901060954933,24.271813410395392],[68.98216381073541,24.23330368504492],[69.00525498615099,24.22329722097747],[69.0400378959542,24.245129506215537],[69.09206611397917,24.27241986276312],[69.09791198117298,24.272116636579256],[69.19290732307252,24.23785207780285],[69.30865549351009,24.28060696972739],[69.37500608615991,24.270297279476083],[69.44983318624077,24.27909083880808],[69.48432380268429,24.267871470005186],[69.5635353031605,24.282729553014427],[69.58779565201485,24.291219886162562],[69.60416408015753,24.281213422095117],[69.7301425181843,24.17174876972093],[69.81169236553804,24.172051995904795],[70.0174668907604,24.16992941261776],[70.03851201265813,24.178116519582034],[70.06394153495124,24.196613316797617],[70.08878647052497,24.246645637134847],[70.10807783226456,24.293645695633458],[70.18758162610047,24.31032313574587],[70.21973389566647,24.322148956916486],[70.24604029803864,24.324574766387382],[70.30391438325742,24.348226408728618],[70.37231102942509,24.353684480038137],[70.42989282128418,24.381581288953438],[70.54242576476516,24.409478097868742],[70.57370115425208,24.421607145223224],[70.59971526326457,24.409174871684883],[70.58013160816527,24.36641997976034],[70.55996336634661,24.352471575302687],[70.57750096792806,24.303955385884766],[70.58159307496373,24.27241986276312],[70.57428574097146,24.255135970282982],[70.64472844065696,24.22451012571292],[70.72189388761534,24.21662624493251],[70.73446250208204,24.220264959138852],[70.78298319979072,24.22117463769044],[70.83384224437694,24.228755292286987],[70.86014864674911,24.24573595858326],[70.87885542176933,24.246342410950984],[70.90720787765933,24.263323077247257],[70.88353211552437,24.271510184211532],[70.87388643465458,24.2972844098398],[70.89434696983294,24.30941345719428],[70.94900582809512,24.352471575302687],[70.98788084493401,24.3667232059442],[71.00249551291856,24.35277480148655],[71.03669383600239,24.353381253854273],[71.05744666454044,24.363084491737858],[71.08316848019322,24.389465169733853],[71.11152093608324,24.39643937196268],[71.12408955054994,24.41948456193619],[71.10889029584602,24.436768454416324],[71.08433765363199,24.438587811519497],[71.02850962193104,24.4361620020486],[70.99986487268133,24.445865239932186],[70.99723423244411,24.472852370295904],[71.00541844651546,24.528949214310373],[70.9881731382937,24.547446011525956],[70.99343441876813,24.5726137847865],[70.99080377853092,24.6053622126436],[71.01067972698989,24.636594509581386],[71.0364015426427,24.64508484272952],[71.07556885284126,24.66752358033531],[71.09778314817777,24.686626829918616]],[[71.09778314817777,24.686626829918616],[71.11005946928478,24.674497782564135],[71.16237998066944,24.654484854429246],[71.18810179632224,24.648420330752003],[71.28894300541559,24.61294286724015],[71.31788004802497,24.648117104568144],[71.34827855743282,24.659033247187175],[71.35909341174138,24.632046116823457],[71.37224661292747,24.626284819330078],[71.41404456336326,24.642962259442488],[71.44327389933235,24.663581639945104],[71.46607278138823,24.667826806519173],[71.48039515601309,24.678439722954344],[71.52920814708146,24.683291341896133],[71.54353052170632,24.674801008748],[71.57539049791261,24.680865532425237],[71.58474388542272,24.669646163622346],[71.60900423427707,24.674801008748],[71.63735669016707,24.65660743771628],[71.65401741166946,24.63720096194911],[71.67857005388348,24.64356871181021],[71.70896856329134,24.658123568635588],[71.7384901926201,24.657820342451725],[71.77736520945899,24.672375199277102],[71.80221014503272,24.669342937438483],[71.81039435910405,24.64933000930359],[71.80454849191024,24.62537514077849],[71.83962369507314,24.618097712365802],[71.85131542946077,24.607484795930635],[71.86183799040964,24.62658804551394],[71.85569982985614,24.652665497326073],[71.86417633728718,24.67540746111572],[71.88697521934306,24.66903971125462],[71.90538970100359,24.672678425460965],[71.91912748890906,24.665097770864413],[71.91211244827647,24.64933000930359],[71.92789628969977,24.62992353353642],[71.96092543934483,24.640839676155455],[71.98693954835733,24.659639699554898],[71.98752413507671,24.680259080057514],[72.00096962962249,24.688749413205652],[72.03458336598693,24.698149424905374],[72.04627510037457,24.708459115156682],[72.07930425001963,24.699665555824684],[72.08631929065221,24.677226818218895],[72.07638131642273,24.671162294541656],[72.07871966330025,24.65539453298083],[72.11028734614686,24.6356848310298],[72.14477796259038,24.636594509581386],[72.15559281689895,24.618097712365802],[72.17985316575329,24.6117299625047],[72.21054396852082,24.62234287893987],[72.2242817564263,24.635078378662076],[72.2432808248062,24.622949331307595],[72.269002640459,24.624162236043045],[72.30933912409633,24.610820283953114],[72.33476864638943,24.624768688410768],[72.34821414093521,24.619917069468976],[72.33652240654757,24.595355748576154],[72.30846224401726,24.58716864161188],[72.2947244561118,24.60202672462112],[72.27104869397684,24.601117046069533],[72.24503458496434,24.582317022670086],[72.2657874135024,24.551994404283885],[72.28595565532106,24.55714924940954],[72.28917088227766,24.54047180929713],[72.33126112607314,24.545929880606646],[72.32921507255531,24.560484737432024],[72.35230624797089,24.55411698757092],[72.3806587038609,24.502265310130518],[72.41573390702379,24.509542738543207],[72.43707132228123,24.505600798153],[72.44262489611536,24.494684655533966],[72.43122545508741,24.461936227676873],[72.4508091101867,24.439497490071084],[72.45899332425805,24.40856841931716],[72.50225274149228,24.411297454971915],[72.50459108836982,24.41948456193619],[72.4952377008597,24.45162653742556],[72.50634484852796,24.44859427558694],[72.5086831954055,24.46587816806708],[72.5370356512955,24.506207250520724],[72.5691879208615,24.48922658422445],[72.58351029548635,24.473458822663627],[72.65366070181214,24.45738783491894],[72.68815131825566,24.461026549125286],[72.68873590497505,24.420091014303914],[72.70188910616113,24.39219420538861],[72.72761092181393,24.36187158700241],[72.81062223596614,24.358536098979926],[72.8246523172313,24.365510301208754],[72.86352733407017,24.366116753576478],[72.89626419035555,24.351865122934964],[72.91964765913082,24.326394123490555],[72.97342963731394,24.35883932516379],[72.9874597185791,24.363994170289445],[72.98336761154343,24.375213539092336],[72.95910726268909,24.384007098424334],[72.95998414276816,24.39219420538861],[72.98658283850003,24.4210006928555],[72.97693715763023,24.451020085057838],[73.00908942719622,24.48255560817949],[73.01815052134664,24.464968489515492],[73.04737985731572,24.46527171569935],[73.09093156790966,24.494684655533966],[73.10350018237637,24.456781382551217],[73.10262330229729,24.420091014303914],[73.0929776214275,24.417058752465294],[73.08128588703985,24.394316788675642],[73.10759228941204,24.386736134079094],[73.12366842419503,24.368542563047374],[73.1663432547099,24.350348992015654],[73.18680378988826,24.355503837141306],[73.20755661842631,24.374910312908476],[73.22801715360467,24.364297396473305],[73.21281789890074,24.35004576583179],[73.20755661842631,24.333671551903244],[73.18943443012547,24.343071563602965],[73.18125021605412,24.30880700482656],[73.1695584816665,24.300619897862283],[73.14120602577648,24.30759410009111],[73.13506786522298,24.279697291175804],[73.11226898316708,24.26241339869567],[73.09677743510348,24.237548851618985],[73.10729999605235,24.230877875574024],[73.08771634095305,24.220568185322715],[73.07865524680264,24.184787495627],[73.11226898316708,24.152645520137625],[73.11928402379966,24.13991002041542],[73.14295978593462,24.122322901751424],[73.16780472150835,24.11080030676467],[73.19352653716115,24.110497080580807],[73.21983293953332,24.097761580858602],[73.19644947075805,24.044696998682753],[73.22538651336745,24.02771633238648],[73.24175494151014,24.010129213722482],[73.2712765708389,24.027413106202616],[73.28706041226222,24.026806653834893],[73.30313654704521,24.05076152235999],[73.3227202021445,24.061677664979022],[73.33090441621584,24.08199381929778],[73.33148900293523,24.114439020971012],[73.35721081858802,24.113226116235566],[73.37007172641441,24.12747774687708],[73.36597961937875,24.08714866442343],[73.39316290183,24.07168412904647],[73.41040821005176,24.050155069992268],[73.40719298309516,23.997393714000278],[73.41800783740372,23.973742071659043],[73.41654637060526,23.922496846586363],[73.39228602175092,23.9158258705414],[73.38264034088112,23.904909727922366],[73.35574935178957,23.85396772903355],[73.36861025961596,23.821219301176452],[73.35691852522832,23.790896682790255],[73.37182548657256,23.765728909529706],[73.38585556783772,23.768457945184466],[73.3960858354269,23.78301280200984],[73.41654637060526,23.77846440925191],[73.4282381049929,23.761180516771777],[73.4469448800131,23.751477278888192],[73.45103698704878,23.738741779165988],[73.46915917534962,23.724793374708337],[73.47529733590312,23.707812708412064],[73.498096217959,23.70569012512503],[73.50657272539004,23.695986887241446],[73.50715731210943,23.67233524490021],[73.49663475116056,23.64959328111056],[73.50774189882881,23.644135209801043],[73.49751163123963,23.634431971917458],[73.50949565898695,23.615631948518015],[73.52294115353273,23.609567424840773],[73.54924755590491,23.63018680534339],[73.56707745084604,23.652322316765318],[73.61530585519503,23.65019973347828],[73.63868932397031,23.62988357915953],[73.65710380563083,23.621696472195254],[73.64453519116412,23.597438377486295],[73.64628895132226,23.57408996132892],[73.63459721693464,23.561354461606715],[73.63342804349587,23.529818938485068],[73.6547654587533,23.512838272188795],[73.64015079076876,23.49555437970866],[73.6290436431005,23.450980130680946],[73.64950417827886,23.439154309510325],[73.66499572634248,23.450676904497083],[73.69042524863559,23.45765110672591],[73.70065551622477,23.454315618703426],[73.71351642405116,23.417322024272263],[73.72257751820158,23.411257500595024],[73.76116024168077,23.457044654358185],[73.7795747233413,23.433089785833086],[73.82371102065461,23.445218833187567],[73.83306440816472,23.42914784544288],[73.86346291757256,23.393973608114887],[73.87632382539897,23.366380025383446],[73.89181537346258,23.350915490006482],[73.8909384933835,23.335450954629522],[73.9356593774162,23.339696121203588],[73.94413588484724,23.37183809669296],[73.95933513955117,23.379721977473373],[73.9803802614489,23.35788969223531],[73.98388778176519,23.339392895019728],[74.00084079662726,23.334238049894072]],[[74.00084079662726,23.334238049894072],[74.02071674508625,23.33090256187159]],[[74.02071674508625,23.33090256187159],[74.0414695736243,23.29421219362429],[74.07362184319028,23.296334776911323],[74.10372805923845,23.292089610337253],[74.11103539323071,23.275412170224843],[74.13354198192691,23.26267667050264],[74.13675720888351,23.22477339751989],[74.12185024753927,23.204457243201134],[74.12418859441681,23.176863660469692],[74.14289536943701,23.17322494626335],[74.15224875694713,23.155637827599353],[74.18030891947744,23.150179756289837],[74.18673937339065,23.169889458240867],[74.20486156169147,23.18990238637576],[74.23438319102026,23.180502374676035],[74.24344428517067,23.185960445985554],[74.26945839418315,23.15381847049618],[74.28553452896615,23.116521649881154],[74.27998095513202,23.09287000753992],[74.30774882430265,23.077405472162955],[74.32031743876937,23.06042480586668]],[[74.32031743876937,23.06042480586668],[74.3252864258841,23.04041187773179],[74.34662384114154,23.027979604193447],[74.35276200169504,23.000689247645866],[74.36825354975866,22.974915022017598],[74.35480805521289,22.974915022017598],[74.33902421378957,22.962482748479253],[74.37906840406723,22.90759880920023],[74.39777517908743,22.896985892765063],[74.41618966074796,22.91608914234837],[74.44921881039302,22.921547213657885],[74.46061825142097,22.911237523406577],[74.47669438620396,22.856353584127554],[74.4626643049388,22.812689013651426],[74.43665019592632,22.807230942341906],[74.43665019592632,22.783276073816808],[74.40040581932465,22.728392134537785],[74.39426765877114,22.689882409187312],[74.38199133766413,22.667443671581523],[74.38140675094475,22.641366219769388],[74.36094621576639,22.634392017540563],[74.32499413252441,22.641972672137115],[74.3191482653306,22.634392017540563],[74.27501196801728,22.64561138634346],[74.25338225940015,22.633785565172843],[74.25455143283892,22.622566196369945],[74.23350631094118,22.611953279934774],[74.21041513552561,22.56555967380389],[74.19609276090075,22.56828870945865],[74.1882008401891,22.551308043162376],[74.15517169054404,22.53250801976293],[74.1496181167099,22.51552735346666],[74.12974216825093,22.51704348438597],[74.11483520690669,22.537966091072448],[74.1019742990803,22.535843507785415],[74.07420642990967,22.549791912243066],[74.04059269354522,22.54039190054334],[74.03971581346615,22.515224127282796],[74.03065471931573,22.50673379413466],[74.03883893338707,22.489146675470664],[74.05491506817008,22.508856377421694],[74.08151376390194,22.50673379413466],[74.08502128421823,22.47792730666777],[74.07654477678719,22.48429505652887],[74.07420642990967,22.463978902210116],[74.09963595220277,22.466101485497152],[74.10109741900122,22.431533700536882],[74.12652694129433,22.419707879366264],[74.1370495022432,22.452153081039498],[74.15254105030681,22.454882116694257],[74.15721774406187,22.430320795801435],[74.18293955971467,22.442146616972053],[74.17913974603869,22.46276599747467],[74.18732396011002,22.4761079495646],[74.20106174801549,22.464888580761702],[74.20106174801549,22.435172414743228],[74.21509182928065,22.440933712236607],[74.25045932580325,22.431230474353022],[74.26770463402501,22.403030439253854],[74.29079580944058,22.392417522818683],[74.27062756762191,22.391204618083236],[74.25455143283892,22.39817882031206],[74.24198281837221,22.375740082706272],[74.22181457655354,22.376346535074],[74.2235683367117,22.35663683312297],[74.20310780153333,22.365733618638828],[74.20164633473487,22.3460239166878],[74.191123773786,22.347540047607108],[74.18732396011002,22.319946464875663],[74.13032675497031,22.330559381310835],[74.12535776785556,22.35087553562959],[74.11308144674855,22.355727154571383],[74.1081124596338,22.369978785212894],[74.09115944477173,22.360578773513176],[74.06777597599647,22.35845619022614],[74.07186808303214,22.339656166826696],[74.06426845568018,22.329043250391525],[74.05491506817008,22.28416577517995],[74.07420642990967,22.266578656515954],[74.08502128421823,22.238378621416786],[74.07420642990967,22.235649585762026],[74.07157578967245,22.220185050385066],[74.10343576587876,22.218972145649616],[74.11863502058267,22.211088264869204],[74.11863502058267,22.18015919411528],[74.1309113416897,22.159843039796527],[74.12243483425866,22.130430099961913],[74.12828070145247,22.094649410266193],[74.15049499678898,22.103746195782055],[74.16598654485259,22.099501029207985],[74.17650910580146,22.08494617238261],[74.16335590461537,22.080701005808542],[74.15897150422002,22.05886872057048],[74.13354198192691,22.051894518341655],[74.14114160927888,22.041888054274207],[74.12068107410052,22.034307399677658],[74.09320549828958,22.013991245358902],[74.09583613852679,22.00004284090125],[74.1496181167099,21.984881531708147],[74.13909555576103,21.968204091595737],[74.14172619599826,21.952436330034914]],[[74.14172619599826,21.952436330034914],[74.04205416034367,21.921204033097126],[74.01837839820871,21.904526592984716],[73.97482668761478,21.886029795769133],[73.9166603090363,21.855100725015213],[73.8941537203401,21.85328136791204],[73.87427777188113,21.837210380167352],[73.83598734176162,21.837210380167352],[73.8050042456344,21.822049070974252],[73.8079271792313,21.809010345068188],[73.82663395425152,21.809616797435908],[73.83949486207791,21.789300643117155],[73.83744880856008,21.770803845901575],[73.82575707417244,21.761707060385714],[73.84095632887637,21.740784453699234],[73.88480033283,21.709248930577587],[73.8909384933835,21.698939240326276],[73.89269225354165,21.665887586285322],[73.88012363907495,21.643752074863393],[73.85469411678184,21.640719813024774],[73.83949486207791,21.631926253692775],[73.82341872729492,21.63859722973774],[73.79418939132583,21.633442384612085],[73.78162077685913,21.624042372912363],[73.80091213859873,21.601300409122715],[73.81874203353986,21.59705524254864],[73.82780312769029,21.55248099352093],[73.84417155583297,21.509726101596385],[73.85498641014154,21.49456479240329],[73.90438398792928,21.512151911067285],[73.90496857464866,21.518822887112247],[73.92835204342393,21.52246160131859],[73.93390561725806,21.5088164230448],[73.95582761923487,21.51791320856066],[73.95728908603333,21.536713231960107],[73.96898082042097,21.522764827502453],[73.98213402160705,21.521248696583143],[73.97833420793107,21.540655172350313],[73.9999639165482,21.539442267614863],[74.02042445172656,21.551268088785484],[74.04205416034367,21.54823582694686],[74.06426845568018,21.55824229101431],[74.13208051512845,21.554906802991823],[74.15078729014867,21.550661636417757],[74.17709369252084,21.560364874301342],[74.19638505426045,21.52852612499583],[74.223276043352,21.536713231960107],[74.23467548437995,21.548842279314584],[74.25045932580325,21.534893874856934],[74.26653546058624,21.534287422489207],[74.2709198609816,21.54490033892438],[74.30570277078482,21.565822945610858],[74.31096405125925,21.54217130326962],[74.3314245864376,21.53853258906328],[74.32353266572596,21.494261566219425],[74.3033644239073,21.478493804658598],[74.26595087386687,21.47364218571681],[74.24315199181098,21.461513138362328],[74.23058337734427,21.478190578474738],[74.21830705623725,21.473945411900672],[74.21889164295663,21.45908732889143],[74.19609276090075,21.458177650339845],[74.1846933198728,21.465455078752534],[74.16452507805414,21.461816364546188],[74.15575627726341,21.451809900478743],[74.13588032880443,21.460906685994605],[74.11834272722298,21.46030023362688],[74.11746584714392,21.44938409100785],[74.07479101662905,21.45575184086895],[74.06193010880266,21.480616387945634],[74.0414695736243,21.417242115518476],[74.0122402376552,21.417242115518476],[73.97190375401787,21.39359047317724],[73.94998175204105,21.38873885423545],[73.95144321883951,21.343254926656144],[73.94267441804878,21.296254868157533],[73.92776745670456,21.284125820803055],[73.88596950626876,21.261383857013406],[73.85235576990432,21.268964511609955],[73.82604936753214,21.26653870213906],[73.83014147456781,21.24137092887851],[73.81377304642513,21.220751548375894],[73.81494221986388,21.1943708703799],[73.82955688784843,21.19406764419604],[73.81640368666234,21.171022454222527],[73.79009728429017,21.180725692106112],[73.7731442694281,21.16374502580984],[73.73514613266829,21.166170835280735],[73.7412842932218,21.150706299903774],[73.73017714555354,21.137364347813843],[73.715562477569,21.13827402636543],[73.70650138341858,21.149493395168324],[73.6676263665797,21.150099847536048],[73.66470343298279,21.14433855004267],[73.6293359364602,21.131906276504328],[73.63050510989896,21.152525657006944],[73.61267521495782,21.157074049764873],[73.59981430713142,21.17769343026749],[73.5811075321112,21.16708051383232],[73.58169211883059,21.15343533555853],[73.60449100088647,21.153738561742394],[73.62173630910823,21.119474002965987],[73.65067335171763,21.120383681517573],[73.65301169859515,21.10764818179537],[73.67201076697506,21.108557860346956],[73.68662543495961,21.100067527198817],[73.70211698302322,21.111590122185575],[73.72900797211477,21.102493336669713],[73.74596098697684,21.11310625310488],[73.73251549243106,21.09400300352158],[73.73748447954581,21.080661051431647],[73.76379088191798,21.067319099341724],[73.79155875108862,21.067319099341724],[73.81143469954759,21.083693313270267],[73.81260387298636,21.05973844474517],[73.79623544484367,21.044880361735935],[73.81377304642513,21.0251706597849],[73.84738678278957,20.998183529421183],[73.87281630508268,20.98544802969898],[73.90029188089362,20.9821125416765],[73.90906068168434,20.963918970644777],[73.89561518713856,20.960583482622297],[73.89006161330444,20.932080221339266],[73.9105221484828,20.914189876491406],[73.92484452310765,20.885080162840655],[73.92484452310765,20.847480116041766],[73.9388746043728,20.839293009077494],[73.93390561725806,20.808060712139707],[73.93215185709991,20.75984774890565],[73.94092065789064,20.75984774890565],[73.94325900476817,20.741350951690066],[73.91461425551847,20.722550928290623],[73.88246198595247,20.73013158288717],[73.87077025156484,20.720428345003587],[73.85703246365937,20.69344121463987],[73.83598734176162,20.70132509542028],[73.81581909994296,20.69313798845601],[73.81874203353986,20.672821834137252],[73.83481816832287,20.674337965056562],[73.84037174215699,20.655537941657116],[73.8397871554376,20.622789513800022],[73.79915837844058,20.600957228561956],[73.78015931006067,20.60156368092968],[73.7409919998621,20.56669266978555],[73.73046943891323,20.573363645830515],[73.69364047559219,20.577912038588444],[73.6582729790696,20.56214427702762],[73.62699758958267,20.58185397897865],[73.62202860246792,20.61187337118099],[73.61472126847565,20.624912097087055],[73.58344587898874,20.644621799038084],[73.55509342309873,20.647047608508984],[73.53697123479789,20.668879893747047],[73.50978795234664,20.669789572298633],[73.49283493748457,20.652202453634636],[73.4793894429388,20.67524764360815],[73.48932741716828,20.680402488733804],[73.48085090973724,20.706176714362073],[73.46711312183177,20.721338023555173],[73.43905295930145,20.700718643052557],[73.44840634681157,20.69313798845601],[73.43174562530919,20.664634727172977],[73.39520895534783,20.652202453634636],[73.40748527645485,20.62582177563864],[73.41917701084247,20.624305644719332],[73.43203791866888,20.594892704884717],[73.47266669566591,20.583370109897963],[73.47763568278064,20.56366040794693],[73.47354357574497,20.543041027444314],[73.49254264412488,20.54000876560569],[73.46389789487517,20.5136280876097],[73.46769770855116,20.494828064210253],[73.44051442609991,20.466324802927225],[73.42239223779907,20.42872475612834],[73.42122306436032,20.414169899302962],[73.38907079479432,20.39900859010986],[73.38293263424082,20.372627912113867],[73.40602380965639,20.381421471445865],[73.41683866396495,20.337453674785873],[73.41654637060526,20.3204730084896],[73.42765351827352,20.278931021300508],[73.41596178388588,20.276808438013475],[73.41157738349051,20.25679550987858],[73.41362343700835,20.231627736618034],[73.42151535772001,20.212221260850868],[73.41800783740372,20.201305118231836],[73.38907079479432,20.195847046922317],[73.3864401545571,20.209188999012248],[73.36013375218492,20.21161480848314],[73.3387963369275,20.198879308760937],[73.30196737360644,20.207066415725212],[73.28559894546376,20.196150273106177],[73.2812145450684,20.177350249706734],[73.2841374786653,20.15400183354936],[73.2590002497319,20.139446976723985],[73.24993915558147,20.12489211989861],[73.22714027352559,20.1297437388404],[73.20667973834723,20.12216308424385]],[[72.95969184940847,20.21282771321859],[72.91760160561299,20.223743855837622],[72.88895685636328,20.222227724918312],[72.86352733407017,20.226472891492378],[72.86089669383296,20.20888577282838],[72.83897469185615,20.20858254664452],[72.83839010513677,20.18978252324508],[72.82231397035378,20.18432445193556],[72.81734498323902,20.157337321571845],[72.82406773051191,20.14520827421736],[72.80448407541263,20.15400183354936],[72.79045399414747,20.14915021460757],[72.79045399414747,20.125801798450194],[72.77613161952262,20.13095664357585],[72.72936468197207,20.13671794106923]],[[72.72936468197207,20.13671794106923],[72.73550284252559,20.157337321571845],[72.73754889604342,20.19008574942894],[72.76794740545127,20.21707287979266],[72.7448562300357,20.21131158229928],[72.73784118940311,20.24618259344341],[72.74953292379075,20.27316972380713],[72.76034777809932,20.312589127709188],[72.75976319137993,20.334724639131117],[72.77642391288231,20.357769829104626],[72.8018534351754,20.374144043033176]],[[72.84452826569027,20.4745119098915],[72.87288072158029,20.50635065919701],[72.87054237470275,20.535460372847766],[72.88574162940668,20.571544288727342],[72.88281869580977,20.610054014077818],[72.86323504071049,20.67737022689518],[72.84978954616471,20.70981542856842],[72.83751322505769,20.760757427457236],[72.82611378402974,20.780163903224402],[72.81734498323902,20.8192800809426],[72.80448407541263,20.854757544454458],[72.7828543667955,20.899938245849896],[72.78226978007612,20.92965441186837],[72.8021457285351,20.93571893554561],[72.82903671762666,20.955731863680505],[72.80711471564985,20.95360928039347],[72.77408556600477,20.936022161729472],[72.77320868592571,20.919647947800925],[72.75596337770395,20.930564090419956],[72.73754889604342,20.97392543471222],[72.72264193469918,21.0339642191169],[72.72614945501547,21.052461016332483],[72.75508649762487,21.050338433045447],[72.7287800952527,21.066106194606274],[72.6998430526433,21.060951349480618],[72.7062735065565,21.077628789593028],[72.700135346003,21.100370753382677],[72.70890414679371,21.132815955055914],[72.72059588118135,21.143125645307222],[72.69195113193165,21.155557918845567],[72.6711983033936,21.1576805021326],[72.66038344908503,21.1425191929395],[72.65658363540906,21.099461074831094],[72.65044547485554,21.07671911104144],[72.62472365920276,21.091577194050682],[72.62589283264151,21.126751431378672],[72.61946237872831,21.1488869428006],[72.61887779200894,21.22287413166293],[72.64810712797802,21.219538643640448],[72.62209301896554,21.233487048098098],[72.6136165115345,21.228635429156306],[72.59695579003213,21.25016448821051],[72.60455541738409,21.276241940022643],[72.58935616268016,21.277758070941953],[72.59315597635614,21.31202262971836],[72.61595485841202,21.33749362916277],[72.62355448576399,21.3547775216429],[72.62472365920276,21.38024852108731],[72.65073776821524,21.40602274671558],[72.66418326276101,21.42694535340206],[72.68055169090371,21.434222781814746],[72.69282801201072,21.461209912178468]],[[72.6934125987301,21.461816364546188],[72.6457687811005,21.433616329447023],[72.64313814086327,21.44119698404357],[72.65804510220751,21.470609923878186]],[[73.38702474127649,20.824738152252117],[73.38702474127649,20.824738152252117]],[[74.17621681244178,22.39605623702503],[74.17270929212549,22.418798200814678],[74.15897150422002,22.4130369033213],[74.16715571829135,22.39605623702503],[74.17621681244178,22.39605623702503]],[[73.81114240618791,22.547062876588306],[73.81114240618791,22.547062876588306]],[[77.1260413984418,30.564059951715866],[77.12457993164335,30.56284704698042]],[[77.12457993164335,30.56284704698042],[77.13539478595192,30.543743797397113],[77.15059404065583,30.53434378569739],[77.19853015164513,30.521305059791324],[77.21285252626998,30.502201810208017]],[[77.21285252626998,30.502201810208017],[77.21256023291029,30.494621155611465]],[[77.21256023291029,30.494621155611465],[77.21577545986689,30.475821132212022],[77.23974351536154,30.484008239176298],[77.26488074429496,30.47976307260223],[77.2765724786826,30.46217595393823],[77.32363170959282,30.449137228032168],[77.33561573734015,30.457627561180303],[77.3592914994751,30.45732433499644],[77.36981406042398,30.437311406861546],[77.39348982255893,30.441556573435616],[77.4072276104644,30.429427526081135],[77.40839678390316,30.416085573991207],[77.4393798800304,30.436401728309963],[77.45896353512968,30.460963049202785],[77.46948609607855,30.453382394606233],[77.46656316248165,30.435492049758377],[77.4294419058009,30.403653300452866],[77.44814868082112,30.398801681511074],[77.4741627898336,30.400621038614247],[77.50456129924146,30.412446859784865],[77.5060227660399,30.42821462134569],[77.52297578090197,30.443982382906512],[77.53905191568498,30.412446859784865],[77.55600493054705,30.392433931649972],[77.58786490675334,30.379698431927768]],[[77.58786490675334,30.379698431927768],[77.6051102149751,30.366053253653977],[77.5828959196386,30.332091921061433],[77.58348050635799,30.30631769543316],[77.53963650240435,30.27751120796627],[77.53262146177177,30.25507247036048],[77.50894569963681,30.22869179236449],[77.48585452422124,30.18351109096905],[77.45954812184907,30.16380138901802],[77.43616465307379,30.163498162834156],[77.42388833196678,30.144698139434713],[77.43031878587998,30.136207806286578],[77.42125769172956,30.118317461438718],[77.410442837421,30.11376906868079],[77.42710355892338,30.10224647369403],[77.40927366398223,30.090723878707276],[77.38092120809222,30.08678193831707],[77.34409224477118,30.05949158176949],[77.2984944806594,30.052517379540664],[77.2827106392361,30.043420594024802],[77.28534127947331,30.029168963383288],[77.26283469077713,29.983685035803987],[77.2476354360732,29.9764076073913],[77.2441279157569,29.96154952438206],[77.21460628642814,29.926375287054068],[77.20116079188236,29.91727850153821],[77.19151511101255,29.89756879958718],[77.19443804460947,29.868459085936426],[77.17953108326523,29.841471955572707],[77.18099255006368,29.824794515460297],[77.1675470555179,29.812059015738093],[77.1643318285613,29.788407373396858],[77.13013350547747,29.77082025473286],[77.12457993164335,29.743833124369143],[77.1517632140946,29.712297601247492],[77.15439385433181,29.696833065870532],[77.13714854611005,29.69198144692874],[77.13159497227593,29.67530400681633],[77.14094835978604,29.653774947762127],[77.12136470468675,29.64225235277537],[77.1131804906154,29.620116841353443],[77.09710435583241,29.595858746644485],[77.1134727839751,29.572207104303246],[77.12107241132706,29.547949009594287],[77.1009041695084,29.539761902630012],[77.09622747575334,29.528542533827117],[77.10879609022004,29.507013474772915],[77.12574910508212,29.498219915440917],[77.13451790587284,29.480936022960783],[77.12662598516118,29.470323106525612],[77.12896433203872,29.45152308312617],[77.15059404065583,29.43696822630079],[77.1359793726713,29.417258524349762],[77.14474817346202,29.393303655824663],[77.15702449456904,29.387542358331284],[77.12808745195964,29.37177459677046],[77.13481019923253,29.33993584746495],[77.15760908128841,29.33993584746495],[77.16520870864038,29.311735812365786],[77.14036377306665,29.267768015705794],[77.15351697425274,29.24654218283545],[77.15380926761243,29.2325937783778],[77.13802542618913,29.222890540494216],[77.14708652033954,29.2022711599916],[77.15088633401552,29.17680016054719],[77.13744083946975,29.148903351631887],[77.14942486721708,29.12949687586472],[77.13510249259222,29.108271042994378],[77.13510249259222,29.09644522182376],[77.16783934887759,29.072187127114802],[77.17339292271173,29.04338063964791],[77.20232996532111,29.01609028310033],[77.22483655401732,29.000625747723365],[77.20145308524204,28.956354724879514],[77.20116079188236,28.941496641870277],[77.21577545986689,28.93118695161897],[77.20729895243586,28.915722416242005],[77.2318515946499,28.902683690335937],[77.22717490089484,28.89510303573939],[77.19209969773193,28.884490119304218],[77.19706868484668,28.861444929330705]],[[77.19706868484668,28.861444929330705],[77.17485438951017,28.855380405653467],[77.14942486721708,28.83627715607016],[77.1389023062682,28.86023202459526],[77.09359683551612,28.869328810111117],[77.08599720816416,28.879335274178565],[77.07605923393467,28.867812679191807],[77.05998309915168,28.86811590537567],[77.04156861749115,28.83172876331223],[76.98954039946618,28.831425537128368],[76.98077159867546,28.81990294214161],[76.95241914278544,28.815657775567544],[76.9474501556707,28.79837388308741],[76.95651124982112,28.768960943252793],[76.94803474239008,28.75440608642742],[76.9603110634971,28.74136736052135],[76.95124996934668,28.711954420686737],[76.96440317053276,28.70012859951612],[76.9570958365405,28.67192856441695],[76.93283548768616,28.66404468363654],[76.92786650057141,28.648276922075716],[76.94365034199471,28.632509160514893],[76.93342007440553,28.62341237499903],[76.91997457985975,28.632812386698756],[76.90711367203336,28.6276575415731],[76.88753001693408,28.632509160514893],[76.87057700207201,28.5973349231869],[76.85976214776345,28.58490264964856],[76.84456289305952,28.58641878056787],[76.84719353329673,28.551850995607598],[76.86619260167664,28.54275421009174],[76.88899148373253,28.51879934156664],[76.88899148373253,28.5039412585574],[76.90711367203336,28.5127348178894],[76.93225090096678,28.51394772262485],[76.95417290294358,28.508489651315333],[76.97814095843823,28.522438055772984],[77.01526221511898,28.509096103683056],[77.0211080823128,28.51879934156664],[77.00561653424917,28.531534841288845],[77.01584680183835,28.537599364966084],[77.06670584642457,28.508489651315333],[77.08219739448818,28.514857401176435],[77.11727259765108,28.48847672318044],[77.11113443709758,28.471192830700307],[77.12779515859995,28.4369282719239],[77.15205550745429,28.430257295878935],[77.17543897622956,28.402966939331353],[77.2154831665072,28.407818558273146],[77.25026607631041,28.42328309365011],[77.24968148959104,28.448147640726795],[77.23623599504526,28.454818616771757],[77.25231212982825,28.47907671148072],[77.28797191971054,28.49272188975451],[77.30609410801137,28.48574768752568],[77.32480088303159,28.489083175548163],[77.34759976508747,28.503334806189677]],[[77.34759976508747,28.503334806189677],[77.37039864714336,28.492418663570646],[77.38589019520697,28.47058637833258],[77.40781219718379,28.465734759390788],[77.40459697022719,28.457244426242653],[77.43558006635442,28.449057319278378],[77.4458103339436,28.426012129304866],[77.48439305742278,28.407818558273146],[77.47942407030804,28.38871530868984],[77.49579249845073,28.374160451864462],[77.50397671252207,28.352631392810263],[77.47620884335144,28.33565072651399],[77.50543817932052,28.301386167737583],[77.50251524572361,28.275005489741588],[77.48205471054526,28.27561194210931],[77.47708572343052,28.264089347122557],[77.52180660746322,28.248624811745593],[77.54840530319508,28.248624811745593],[77.54519007623848,28.234979633471802],[77.5253141277795,28.22406349085277],[77.5288216480958,28.196166681937466],[77.49871543204763,28.206476372188774],[77.50163836564454,28.179489241825056],[77.51537615355002,28.189798932076364],[77.547528423116,28.185250539318435],[77.5413902625625,28.16463115881582],[77.50836111291744,28.15735373040313],[77.50485359260114,28.140069837922997],[77.50894569963681,28.117024647949485],[77.49959231212671,28.089734291401903],[77.49228497813444,28.102166564940244],[77.48263929726464,28.09792139836618],[77.47825489686927,28.080334279702182],[77.49228497813444,28.055166506441633],[77.48848516445845,28.038489066329223],[77.51596074026939,28.01665678109116],[77.52122202074383,28.00452773373668],[77.5446054895191,27.987547067440406],[77.5188836738663,27.967534139305513],[77.52443724770043,27.9596502585251],[77.54519007623848,27.959953484708965],[77.54548236959818,27.943579270780415],[77.52852935473611,27.92629537830028],[77.52034514066476,27.931753449609797],[77.50134607228486,27.92599215211642],[77.49403873829259,27.9381211994709],[77.47796260350958,27.927205056851868],[77.48380847070341,27.90628245016539],[77.47883948358866,27.888998557685255],[77.45136390777772,27.87292756994057],[77.43119566595905,27.888695331501392],[77.4200885182908,27.88930178386912],[77.4107351307807,27.87626305796305],[77.42154998508926,27.853521094173402],[77.38296726161006,27.85806948693133],[77.36162984635263,27.850792058518643],[77.34818435180685,27.854127546541125],[77.33620032405952,27.8319920351192],[77.32187794943468,27.824411380522648],[77.29790989394002,27.82350170197106],[77.29937136073848,27.81410169027134],[77.28475669275393,27.801062964365272]],[[77.28475669275393,27.801062964365272],[77.27131119820815,27.810462976064997],[77.26166551733836,27.791966178849414],[77.24325103567783,27.780140357678796],[77.2154831665072,27.795604893055756],[77.2026222586808,27.816527499742236],[77.19765327156607,27.792875857401],[77.1774850297474,27.779533905311073],[77.1707622824745,27.78499197662059],[77.18946905749472,27.80318554765231],[77.18099255006368,27.810766202248857],[77.15936284144657,27.810159749881134],[77.15585532113028,27.781050036230383],[77.13510249259222,27.771043572162935],[77.13071809219686,27.782869393333552],[77.10967297029912,27.780140357678796],[77.07401318041684,27.807127488042514],[77.04682989796558,27.814708142639063],[77.03250752334074,27.792875857401],[77.02841541630507,27.77498551255314],[77.04799907140435,27.769527441243625],[77.05852163235322,27.755579036785974],[77.07927446089127,27.753456453498938],[77.08658179488354,27.731927394444735],[77.06173685930982,27.722527382745014],[77.04039944405238,27.74314676324763],[77.00298589401196,27.736779013386528],[76.98749434594835,27.70069509750695],[76.97872554515762,27.651875681905167],[76.94248116855596,27.669766026753024],[76.93225090096678,27.65551439611151],[76.91354412594656,27.650662777169718],[76.89980633804109,27.674617645694816],[76.90506761851553,27.68068216937206],[76.89103753725037,27.697966061852192],[76.90857513883182,27.689172502520194],[76.92289751345666,27.695540252381296],[76.91120577906904,27.71100478775826],[76.89162212396974,27.71919189472253],[76.89892945796201,27.736779013386528],[76.90419073843645,27.78074681004652],[76.91500559274502,27.802275869100722],[76.9088674321915,27.815921047374513],[76.91646705954346,27.83047590419989],[76.93517383456368,27.828959773280577],[76.93838906152028,27.849882379967056],[76.9345892478443,27.888998557685255],[76.94686556895132,27.89081791478843],[76.9474501556707,27.913559878578077],[76.92991255408924,27.91568246186511],[76.9281587939311,27.94752121117062],[76.93371236776522,27.97299221061503],[76.92728191385203,27.9923986863822],[76.93546612792338,28.007256769391436],[76.9407274083978,28.03666970922605],[76.95534207638235,28.066082649060668],[76.97083362444596,28.138553707003684],[76.93020484744893,28.157050504219267],[76.8930835907682,28.18646344405388],[76.9088674321915,28.19950216995995],[76.87525369582706,28.206173146004915],[76.87262305558984,28.219515098094842],[76.84251683954169,28.219515098094842],[76.83287115867188,28.209508634027394],[76.81474897037106,28.210721538762844],[76.81445667701136,28.19525700338588],[76.79925742230743,28.188586027340918],[76.80510328950126,28.165237611183542],[76.8004265957462,28.152198885277475],[76.76388992578484,28.141585968842307],[76.74781379100185,28.12399885017831],[76.71887674839246,28.127334338200793],[76.69900079993347,28.109747219536796],[76.69081658586214,28.092766553240523],[76.65983348973491,28.091856874688936],[76.65574138269923,28.08003105351832],[76.65954119637522,28.03939874488081],[76.66860229052563,28.0139277454364],[76.64551111511005,28.005740638472126],[76.60751297835024,28.00483095992054],[76.57594529550363,27.978450281924548],[76.54642366617486,27.965714782202344],[76.53940862554228,27.974508341534342],[76.54700825289424,28.01180516214937],[76.54700825289424,28.034243899755158],[76.53443963842753,28.04061164961626],[76.51982497044298,28.030301959364948],[76.50053360870339,28.04212778053557],[76.46399693874204,28.041521328167843],[76.46633528561956,28.056985863544806],[76.49234939463204,28.053347149338464],[76.50608718253751,28.059714899199566],[76.47831931336688,28.08154718443763],[76.45698189810946,28.088218160482594],[76.46545840554049,28.105502052962727],[76.5063794758972,28.101863338756385],[76.49819526182587,28.128850469120103],[76.47861160672657,28.133702088061895],[76.47948848680565,28.14977307580658],[76.44558245708151,28.147347266335682],[76.43593677621172,28.14097951647458],[76.40553826680386,28.143102099761617],[76.38537002498519,28.13339886187803],[76.36841701012312,28.138553707003684],[76.36169426285024,28.1615988969772],[76.34444895462848,28.17251503959623],[76.31638879209815,28.178882789457333],[76.28745174948877,28.17403117051554],[76.28657486940969,28.164024706448092],[76.30703540458805,28.157960182770854],[76.34591042142694,28.13006337385555],[76.36403260972777,28.123695623994447],[76.3403568475928,28.101863338756385],[76.31638879209815,28.106714957698173],[76.3055739377896,28.096405267446865],[76.32895740656487,28.089734291401903],[76.34561812806724,28.0682052323477],[76.362863436289,28.069418137083147],[76.34503354134786,28.024843888055432],[76.3248652995292,28.016353554907298],[76.29826660379733,28.025147114239296],[76.29826660379733,28.044553590006466],[76.2801444154965,28.0618374824866],[76.25939158695844,28.066385875244528],[76.2415616920173,28.05183101841915],[76.18544136695665,28.05456005407391],[76.18485678023728,28.044250363822602],[76.20151750173966,28.03060518554881],[76.21233235604822,28.037579387777637],[76.22197803691802,28.02696647134247],[76.20385584861718,28.017263233458884],[76.18222614000005,28.017263233458884],[76.16293477826046,27.99452126966923],[76.16907293881397,27.975418020085925],[76.1874874204745,27.96814059167324],[76.18281072671944,27.93660506855159],[76.17550339272717,27.923869568829385],[76.17754944624501,27.905069545429942],[76.2064864888544,27.89445662899477],[76.1968408079846,27.871714665205122],[76.21379382284667,27.843211403922094],[76.23103913106843,27.836237201693265],[76.21554758300482,27.823804928154924],[76.20180979509935,27.82653396380968],[76.18076467320161,27.802882321468445],[76.13545920244952,27.828656547096717],[76.1299056286154,27.849882379967056],[76.09570730553156,27.86383078442471],[76.08781538481992,27.846546891944573],[76.06764714300125,27.852611415621816],[76.05741687541207,27.843514630105954],[76.01708039177473,27.85806948693133],[76.01298828473907,27.852914641805675],[75.97060574758389,27.860495296402227],[75.98112830853276,27.87323079612443],[75.97499014797924,27.895063081362494],[75.98492812220874,27.90476631924608],[75.96359070695131,27.915076009497387],[75.93640742450006,27.91234697384263],[75.93114614402562,27.928721187771178],[75.94605310536986,27.946914758802897],[75.95219126592336,27.935695390000003],[75.97089804094358,27.932663128161384],[75.97615932141801,27.957830901421932],[75.99457380307854,27.980269639027718],[75.96329841359162,27.984211579417924],[75.96417529367069,27.996643852956268],[75.99691214995606,27.99997934097875],[75.98054372181338,28.0139277454364],[75.98229748197151,28.032727768835844],[76.0179572718538,28.032424542651984],[76.01328057809874,28.05031488749984],[76.04104844726938,28.064263291957495],[76.03929468711124,28.079424601150595],[76.02351084568792,28.084579446276248],[76.00977305778245,28.056379411177083],[75.9925277495607,28.046372947109635],[75.9825897753312,28.052740696970737],[75.99545068315761,28.066385875244528],[75.98492812220874,28.079727827334455],[75.9668059339079,28.079727827334455],[75.94400705185203,28.08912783903418],[75.95043750576522,28.101256886388658],[75.98522041556843,28.12278594544286],[75.99925049683358,28.12399885017831],[76.00275801714987,28.1464375877841],[76.03578716679495,28.16826987302216],[76.07466218363383,28.16341825408037],[76.07320071683537,28.140069837922997],[76.09132290513621,28.13794725463596],[76.100968586006,28.150682754358165],[76.08313869106486,28.167966646838302],[76.07378530355476,28.194650551018157],[76.0533247683764,28.198592491408363],[76.06121668908804,28.2198183242787],[76.04455596758567,28.222850586117325],[76.01941873865226,28.2374054429427],[76.01561892497628,28.248928037929456]],[[76.01561892497628,28.248928037929456],[76.02701836600421,28.27682484684476]],[[76.02701836600421,28.27682484684476],[75.99486609643823,28.291682929853998],[75.97586702805832,28.319882964953166],[75.96300612023192,28.31442489364365],[75.96475988039006,28.33413459559468],[75.93582283778068,28.341108797823505],[75.93056155730623,28.36476044016474],[75.89139424710767,28.3826507850126],[75.84345813611837,28.393566927631632],[75.83644309548579,28.40508952261839],[75.81101357319268,28.410244367744042],[75.79581431848877,28.400541129860457],[75.778569010267,28.40387661788294],[75.77360002315226,28.416915343789007],[75.79347597161123,28.43541214100459],[75.78646093097865,28.45360571203631],[75.74320151374441,28.46876702122941],[75.74495527390255,28.483321878054785],[75.69848062971171,28.495450925409266],[75.67217422733953,28.51728321064733],[75.67392798749768,28.529715484185672],[75.64499094488828,28.543967114827186],[75.63739131753633,28.542450983907877],[75.62745334330683,28.58520587583242],[75.61780766243703,28.602186542128692],[75.593255020223,28.602792994496415],[75.58536309951135,28.613102684747723],[75.56402568425392,28.61098010146069],[75.55730293698103,28.63978658892758],[75.54794954947091,28.64554788642096],[75.53742698852204,28.746825431830867],[75.52456608069565,28.768960943252793],[75.5070284791142,28.784425478629757],[75.52193544045844,28.83324489423154],[75.49679821152502,28.856290084205053],[75.49709050488471,28.89510303573939],[75.47575308962728,28.922999844654694],[75.47779914314512,28.93482566582531],[75.50644389239483,28.938161153847794],[75.51170517286926,28.958174081982687],[75.52544296077473,28.972122486440337],[75.52018168030028,29.007599949952194],[75.48247583690016,29.016999961651916],[75.44360082006129,29.01336124744557],[75.4494466872551,29.038529020706118],[75.43921641966593,29.06157421067963],[75.38952654851848,29.06733550817301],[75.38981884187817,29.10796781681052],[75.40531038994179,29.12555493547451],[75.37023518677888,29.13980656611603],[75.37812710749054,29.167096922663607],[75.39771076258982,29.167703375031333],[75.40998708369685,29.185896946063053],[75.40560268330148,29.210458266955875],[75.3953724157123,29.218342147736287],[75.40852561689839,29.237445397319593],[75.4050180965821,29.258974456373796],[75.3889419617991,29.26109703966083],[75.35942033247032,29.244722825732282],[75.35445134535559,29.22349699286194],[75.32405283594773,29.233200230745524],[75.33252934337877,29.248967992306348],[75.3345753968966,29.275651896486206],[75.32872952970278,29.290813205679306],[75.28605469918791,29.270800277544414],[75.28079341871349,29.251697027961107],[75.24425674875214,29.24927121849021],[75.2325650143645,29.232290552193938],[75.20450485183417,29.241690563893663],[75.18901330377057,29.266251884786485],[75.17322946234725,29.262006718212415],[75.15656874084488,29.243509920996832],[75.12266271112074,29.240477659158213],[75.1171091372866,29.224406671413526],[75.07151137317484,29.23683894495187],[75.07414201341206,29.24441959954842],[75.04900478447864,29.285051908185928],[75.03292864969565,29.289600300943857],[74.99989950005059,29.269587372808967],[74.976808324635,29.280503515428],[74.96190136329076,29.279897063060275],[74.94904045546437,29.302942253033788],[74.95956301641324,29.316587431307575],[74.9449483484287,29.335993907074744],[74.93617954763798,29.362677811254603],[74.89759682415878,29.38481332267653],[74.87947463585795,29.38329719175722],[74.85842951396022,29.401187536605075],[74.81838532368256,29.39694237003101],[74.78477158731812,29.358735870864397],[74.74034299664511,29.352368121003295],[74.71988246146675,29.36752943019639],[74.69737587277055,29.36389071599005],[74.65879314929137,29.371168144402738],[74.65031664186033,29.329929383397506],[74.60442658438886,29.327200347742746],[74.60851869142454,29.353277799554878],[74.58162770233298,29.38541977504425],[74.57870476873607,29.40512947699528],[74.56087487379493,29.42150369092383],[74.54012204525688,29.424232726578587],[74.53778369837936,29.44879404747141],[74.55152148628483,29.465774713767683],[74.58776586288649,29.457587606803408],[74.60150365079195,29.49124571321209],[74.62050271917187,29.519142522127396],[74.62050271917187,29.530665117114154],[74.5807508222539,29.55461998563925],[74.57928935545546,29.58494260402545],[74.58455063592989,29.626484591214545],[74.59507319687876,29.634368471994957],[74.58776586288649,29.654078173945987],[74.6129030918199,29.72078793439563],[74.61465685197804,29.752020231333415],[74.60208823751134,29.76596863579107],[74.5874735695268,29.766271861974932],[74.5807508222539,29.75262668370114],[74.54713708588946,29.753233136068864],[74.53515305814213,29.740800862530524],[74.48137107995902,29.74352989818528],[74.47464833268613,29.787194468661408],[74.47990961316056,29.801749325486785],[74.5009547350583,29.826007420195744],[74.54216809877471,29.838742919917948],[74.56321322067245,29.865123597913943],[74.54333727221348,29.90211719234511],[74.51469252296377,29.90727203747076],[74.52872260422893,29.943052727166478]],[[74.52872260422893,29.943052727166478],[74.53427617806307,29.951239834130753],[74.561751753874,29.928801096524964],[74.58250458241206,29.925465608502485],[74.59536549023845,29.91424623969959],[74.64943976178125,29.903330097080556],[74.65879314929137,29.930317227444274],[74.69094541885735,29.948510798475997],[74.7055600868419,29.970646309897923],[74.73391254273191,29.960943072014338],[74.74735803727769,29.968220500427027],[74.78594076075689,29.97337534555268],[74.81137028304998,29.9915689165844],[74.83153852486865,29.97185921463337],[74.85959868739897,29.95791081017572],[74.88210527609517,29.95791081017572],[74.89175095696497,29.96731082187544],[74.90431957143167,29.951846286498476],[74.89525847728126,29.937897882040826],[74.9259492800488,29.94790434610827],[74.93413349412015,29.940323691511722],[74.95313256250004,29.901207513793523],[74.9800235515916,29.88847201407132],[74.97943896487222,29.879072002371597],[74.99989950005059,29.854813907662635],[75.02415984890492,29.86300101462691],[75.0475433176802,29.880284907107043],[75.06186569230505,29.873310704878218],[75.0756034802105,29.877252645268424],[75.08787980131753,29.910607525493244],[75.09489484195011,29.913336561148004],[75.11301703025094,29.895446216300144],[75.11067868337341,29.86603327646553],[75.09138732163382,29.847536479249946],[75.1141862036897,29.836317110447055],[75.1171091372866,29.824794515460297],[75.10337134938115,29.81751708704761],[75.10015612242454,29.804781587325405],[75.13493903222775,29.803871908773818],[75.14136948614095,29.782949302087342],[75.15159975373012,29.775065421306927],[75.16913735531158,29.782342849719615],[75.15949167444178,29.789620278132304],[75.16562983499529,29.817820313231472],[75.19252082408686,29.836620336630915],[75.21122759910706,29.82813000348278],[75.20801237215046,29.794168670890233],[75.22262704013501,29.784465433006652],[75.24104152179552,29.74989764804638],[75.22671914717068,29.727762136624456],[75.20801237215046,29.728671815176043],[75.1971975178419,29.709871791776596],[75.20772007879077,29.694407256399636],[75.19865898464036,29.678639494838812],[75.16884506195188,29.667420126035918],[75.18316743657674,29.647407197901025],[75.18316743657674,29.628000722133855],[75.20918154558923,29.620420067537307],[75.23110354756604,29.60434907979262],[75.22087327997686,29.580090985083658],[75.23782629483892,29.556439342742422],[75.23314960108388,29.54400706920408],[75.28488552574916,29.55886515221332],[75.30037707381277,29.55947160458104],[75.31440715507793,29.5861555087609],[75.29014680622359,29.601013591770137],[75.29774643357555,29.617387805698687],[75.31733008867484,29.63012330542089],[75.32785264962371,29.668329804587504],[75.34012897073073,29.669845935506814],[75.36058950590909,29.656807209600746],[75.34392878440671,29.685613697067637],[75.37198894693702,29.710478244144323],[75.3889419617991,29.708962113225013],[75.39391094891384,29.731704077014662],[75.40706415009993,29.74625893384004],[75.40735644345962,29.75869120737838],[75.42021735128603,29.772942838019894],[75.45412338101016,29.783555754455065],[75.44593916693881,29.79629125417727],[75.45470796772955,29.805388039693128],[75.516674159984,29.771426707100584],[75.52193544045844,29.757478302642934],[75.54064221547866,29.769910576181275],[75.56694861785083,29.76323960013631],[75.57337907176402,29.741407314898247],[75.60319299445248,29.74625893384004],[75.62365352963084,29.74352989818528],[75.63300691714096,29.75080732659797],[75.63592985073787,29.770517028548998],[75.67685092109458,29.769910576181275],[75.69789604299233,29.748684743310935],[75.7081263105815,29.752323457517278],[75.71660281801255,29.80569126587699],[75.75898535516771,29.809026753899474],[75.78236882394297,29.8223687059894],[75.80662917279732,29.80417513495768],[75.83059722829196,29.812362241921956],[75.85427299042694,29.772639611836034],[75.8744412322456,29.748987969494795],[75.88993278030921,29.743833124369143],[75.90805496861005,29.752323457517278],[75.92471569011242,29.735342791221004],[75.9445916385714,29.729278267543766],[75.97557473469863,29.72806536280832],[76.0147420448972,29.747471838575485],[76.03520258007556,29.752020231333415],[76.05244788829732,29.745349255288453],[76.06940090315939,29.76960734999741],[76.0851847445827,29.777794456961686],[76.08869226489898,29.80235577785451],[76.10535298640137,29.808117075347887],[76.12727498837818,29.792652539970923],[76.15036616379376,29.81327192047354],[76.1778417396047,29.814788051392853],[76.21350152948698,29.841471955572707]],[[76.21350152948698,29.841471955572707],[76.22080886347925,29.83904614610181]],[[76.22080886347925,29.83904614610181],[76.2228549169971,29.84935583635312],[76.23980793185916,29.85087196727243],[76.25325342640494,29.865426824097806],[76.23659270490256,29.881497811842493],[76.19596392790552,29.884833299864976],[76.19333328766831,29.919704311009106],[76.17754944624501,29.92516238231862],[76.19011806071171,29.942749500982618],[76.21525528964513,29.94062691769558],[76.2061941954947,29.962155976749784],[76.21028630253038,29.969433405162473],[76.20093291502027,30.00066570210026],[76.2029789685381,30.014614106557914],[76.22665473067306,30.02613670154467],[76.2094094224513,30.032807677589634],[76.24682297249174,30.08374967647845],[76.26552974751195,30.102549699877894],[76.24243857209638,30.10497550934879],[76.20122520837997,30.13317554444796],[76.22431638379554,30.133478770631818],[76.21905510332111,30.15500782968602],[76.26289910727473,30.1152851996001],[76.29154385652444,30.110130354474446],[76.30469705771053,30.114981973416235],[76.3245730061695,30.10497550934879],[76.34006455423312,30.105885187900377],[76.36081738277116,30.124078758932097],[76.33772620735559,30.1456078179863],[76.36023279605179,30.146820722721746],[76.3754320507557,30.123775532748233],[76.40173845312789,30.123775532748233],[76.39647717265345,30.141969103779957],[76.41343018751552,30.154098151134434],[76.39296965233716,30.179569150578843],[76.4107995472783,30.195336912139666],[76.43184466917604,30.19412400740422],[76.44061346996676,30.1759304363725],[76.43447530941326,30.159859448627813],[76.43798282972955,30.143788460883126],[76.45844336490791,30.13317554444796],[76.45639731139008,30.11892391380644],[76.46399693874204,30.096788402384515],[76.49527232822896,30.09557549764907],[76.5128099298104,30.072833533859416],[76.54554678609578,30.07889805753666],[76.63966524791624,30.151065889295815],[76.63469626080149,30.166227198488915],[76.65135698230387,30.181085281498152],[76.65106468894417,30.20200788818463],[76.61628177914096,30.211104673700493],[76.62388140649293,30.22171759013566],[76.60254399123549,30.250220851418693],[76.58792932325096,30.252040208521862],[76.55636164040435,30.226872435261317],[76.55986916072064,30.261136994037724],[76.62212764633479,30.26659506534724],[76.63498855416118,30.28751767203372],[76.63849607447747,30.279937017437167],[76.66363330341089,30.29540155281413],[76.67474045107913,30.29570477899799],[76.69198575930089,30.317233838052193],[76.72764554918318,30.32875643303895],[76.75102901795844,30.35574356340267],[76.74284480388711,30.363324217999217],[76.7238457355072,30.361201634712184],[76.73056848278009,30.373027455882802],[76.71273858783894,30.389704895995212],[76.73904499021113,30.400924264798107],[76.73787581677236,30.41638880017507],[76.76155157890732,30.422756550036173],[76.77061267305774,30.434885597390654],[76.77704312697094,30.420937192933],[76.79341155511362,30.410930728865555],[76.82117942428425,30.407898467026932],[76.8451474797789,30.429730752264998],[76.86005444112314,30.41062750268169],[76.8772997493449,30.404562979004453],[76.87876121614335,30.3906145745468],[76.8930835907682,30.37878875337618],[76.88899148373253,30.35907905142515],[76.91032889898996,30.35847259905743],[76.9442349287141,30.39273715783383],[76.91646705954346,30.402440395717417],[76.91442100602563,30.424272680955482],[76.902729271638,30.432459787919758],[76.91091348570934,30.46369208485754],[76.90682137867367,30.485524370095607],[76.92874338065049,30.495227607979192]],[[76.92874338065049,30.495227607979192],[76.93108172752801,30.503111488759604]],[[76.93108172752801,30.503111488759604],[76.93312778104584,30.5206986074236],[76.89805257788295,30.536466368984424],[76.91529788610471,30.547079285419596],[76.91763623298223,30.57649222525421],[76.91149807242873,30.58437610603462],[76.92640503377295,30.595595474837516],[76.91266724586748,30.61591162915627],[76.8901606571713,30.632892295452542],[76.87174617551076,30.636531009658885],[76.87525369582706,30.67534396119322],[76.84777812001612,30.65199554503585],[76.83199427859282,30.656543937793778],[76.83287115867188,30.682014937238186]],[[76.84134766610292,30.75994406649072],[76.86005444112314,30.788750553957613],[76.84690123993704,30.800879601312094],[76.84105537274323,30.8287764102274],[76.81474897037106,30.838782874294843],[76.78259670080506,30.872744206887386],[76.77616624689186,30.88972487318366],[76.78347358088413,30.902763599089727]],[[76.78347358088413,30.902763599089727],[76.82381006452147,30.926718467614826],[76.82322547780208,30.903066825273587],[76.83608638562849,30.884266801874144],[76.86590030831695,30.86698290939401],[76.91588247282408,30.893363587390006],[76.94014282167842,30.85060869546546],[76.9410197017575,30.833324802985327],[76.95621895646143,30.825137696021052],[76.96732610412968,30.807247351173196],[76.99246333306309,30.79481507763485],[77.00006296041505,30.80936993446023],[77.011462401443,30.810279613011815],[77.01350845496083,30.78511183975127],[77.00210901393288,30.77298279239679],[77.0178928553562,30.762369875961618],[77.02636936278722,30.73811178125266],[77.04156861749115,30.739324685988105],[77.04712219132527,30.751453733342586],[77.06056768587106,30.74447953111376],[77.09038160855953,30.740537590723555],[77.11581113085262,30.7265891862659],[77.13861001290852,30.702937543924666],[77.16696246879852,30.684440746709083],[77.16608558871945,30.649872961748812],[77.17573126958925,30.634408426371852],[77.1707622824745,30.595292248653653],[77.1389023062682,30.56921479684152],[77.1260413984418,30.564059951715866]],[[77.11493425077356,29.990659238032816],[77.11493425077356,29.990659238032816]],[[76.4938108614305,29.516110260288777],[76.4938108614305,29.516110260288777]],[[78.39985585997452,32.525933361303046],[78.4165165814769,32.52259787328056],[78.4226547420304,32.51046882592608],[78.45597618503515,32.50167526659408],[78.46620645262433,32.48651395740098],[78.4548070115964,32.46741070781768],[78.45568389167548,32.45255262480843],[78.47935965381043,32.4440622916603],[78.49543578859343,32.42192678023837],[78.51998843080746,32.42223000642224],[78.53606456559045,32.41464935182569],[78.51940384408807,32.39675900697783],[78.51121963001673,32.373410590820455],[78.48520552100425,32.354004115053286],[78.47848277373136,32.3330815083668],[78.48403634756548,32.287900806971365],[78.48140570732826,32.273649176329855],[78.45626847839485,32.24241687939207],[78.49982018898879,32.23908139136958],[78.54074125934551,32.24635881978227],[78.5600326210851,32.2445394626791],[78.61001478559224,32.214520070476766],[78.611183959031,32.18419745209056],[78.60563038519687,32.16721678579429],[78.59130801057202,32.154481286072084],[78.60533809183718,32.143261917269186],[78.61323001254884,32.11930704874409],[78.66467364385443,32.10293283481555],[78.66935033760947,32.08382958523224],[78.70296407397393,32.05320374066217],[78.70676388764991,32.04137791949155],[78.7421313841725,32.01317788439239],[78.75382311856013,31.9995327061186],[78.78772914828427,31.99195205152205],[78.76931466662376,31.934945528955993],[78.74914642480508,31.908564850959998],[78.74008533065467,31.87702932783835],[78.73599322361899,31.8303324955236],[78.7167018618794,31.82002280527229],[78.7070561810096,31.802132460424435],[78.71260975484373,31.77423565150913],[78.74096221073374,31.75907434231603],[78.72751671618796,31.73663560471024],[78.73774698377714,31.72571946209121],[78.75060789160354,31.687209736740733],[78.76376109278962,31.680235534511908],[78.79591336235562,31.6850871534537],[78.80029776275097,31.656583892170673],[78.81052803034015,31.645061297183915],[78.84297259326584,31.623229011945853],[78.84706470030152,31.61049351222365],[78.83888048623017,31.595635429214408],[78.81315867057738,31.57137733450545],[78.78392933460829,31.560764418070278],[78.77340677365942,31.548635370715797],[78.73716239705776,31.536203097177456],[78.72254772907321,31.516190169042563],[78.73102423650425,31.502848216952636],[78.73219340994301,31.480106253162983],[78.75996127911364,31.485564324472502],[78.81111261705954,31.447964277673613],[78.80818968346263,31.41279004034562],[78.79152896196025,31.397325504968656],[78.82368123152625,31.38731904090121],[78.84268029990615,31.37640289828218],[78.85583350109223,31.34941576791846],[78.8444340600643,31.3251576732095],[78.85554120773256,31.322731863738603],[78.8830167835435,31.29635118574261],[78.89500081129081,31.265725341172548],[78.92218409374206,31.25420274618579]],[[78.92218409374206,31.25420274618579],[78.92539932069866,31.22873174674138],[78.93504500156845,31.21781560412235],[78.95053654963208,31.217209151754627],[78.95112113635146,31.200531711642217],[78.96135140394064,31.188402664287736],[78.98707321959343,31.17718329548484],[78.99321138014693,31.14049292723754],[79.00227247429736,31.135338082111886],[79.01191815516715,31.11229289213837],[78.98093505903992,31.110170308851337],[78.95725929690497,31.09986061860003],[78.93562958828784,31.102286428070926],[78.9277376675762,31.111079987402924],[78.91195382615288,31.100467070967753],[78.89500081129081,31.098647713864583],[78.87746320970936,31.107138047012718],[78.86723294212018,31.12108645147037],[78.83391149911543,31.142009058156848],[78.82689645848285,31.164144569578774],[78.8157893108146,31.173241355094635],[78.81841995105181,31.194163961781115],[78.81023573698047,31.19992525927449],[78.7646379728687,31.189312342839322],[78.71085599468557,31.191131699942492],[78.67490391144361,31.19810590217132],[78.66291988369628,31.189615569023182],[78.64976668251019,31.216905925570764],[78.61586065278605,31.230854330028418],[78.58166232970223,31.22873174674138],[78.55214070037346,31.201744616377663],[78.48520552100425,31.198712354539044],[78.48169800068796,31.215996247019177],[78.45919141199175,31.239344663176553],[78.43463876977773,31.255112424737376],[78.41271676780092,31.242983377382895],[78.39664063301792,31.27664148379158],[78.3715034040845,31.2860414954913],[78.33204380052624,31.28028019799792],[78.31362931886572,31.283312459836544],[78.30866033175097,31.261176948414615],[78.28410768953694,31.266635019724134],[78.26335486099889,31.24177047264745],[78.24757101957559,31.23024787766069],[78.22184920392279,31.232370460947728],[78.2151264566499,31.22084786596097],[78.16280594526523,31.22691238963821],[78.14994503743884,31.211447854261248],[78.10259351316893,31.18597685481684],[78.06868748344479,31.188099438103873],[78.04471942795014,31.180518783507324],[78.03098164004467,31.166873605233533],[78.03127393340436,31.153834879327466],[78.00730587790972,31.162325212475604],[77.98421470249413,31.16050585537243],[77.9696000345096,31.174151033646222],[77.92926355087225,31.152015522224296],[77.902080268421,31.150196165121123],[77.89331146763028,31.120176772918786],[77.86612818517904,31.10622836846113],[77.8573593843883,31.076815428626517],[77.81936124762849,31.05407346483687],[77.83894490272777,31.000402430293292],[77.82433023474324,31.000705656477155],[77.81965354098818,30.977054014135916],[77.81059244683777,30.9652281929653],[77.83134527537582,30.948853979036752],[77.81643831403159,30.95037010995606],[77.79276255189663,30.967654002436195],[77.7682099096826,30.972202395194124],[77.75067230810114,30.958860443104196],[77.74745708114455,30.944912038646546],[77.76061028233063,30.929447503269582],[77.75973340225156,30.917621682098964],[77.78136311086868,30.91580232499579],[77.80766951324087,30.921260396305307],[77.81497684723314,30.90791844421538],[77.80065447260829,30.89124100410297],[77.79773153901138,30.86728613557787],[77.80357740620519,30.85364095730408],[77.77931705735085,30.860311933349045],[77.77230201671827,30.87577646872601],[77.75593358857559,30.873653885438973],[77.74541102762672,30.84606030270753],[77.75797964209342,30.831505445882154],[77.73342699987938,30.80360863696685],[77.71852003853516,30.774195697132235],[77.70215161039246,30.763886006880927],[77.7077051842266,30.741447269275138],[77.73430387995846,30.733563388494726],[77.75476441513682,30.705969805763285],[77.74716478778485,30.6811052586866],[77.77960935071054,30.660485878183984],[77.79276255189663,30.658969747264674],[77.78194769758807,30.646537473726333],[77.78487063118497,30.62349228375282],[77.79568548549354,30.61439549823696],[77.77025596320044,30.615305176788546],[77.77084054991981,30.599840641411582],[77.74570332098641,30.602266450882478],[77.76704073624383,30.565272856451315],[77.79188567181755,30.55253735672911],[77.81936124762849,30.555872844751594],[77.82579170154169,30.53313088096194],[77.8126385003556,30.506446976782087],[77.78107081750899,30.499472774553258],[77.73488846667784,30.472788870373403],[77.72465819908867,30.47218241800568],[77.67496832794122,30.443982382906512],[77.65363091268378,30.447317870928995],[77.6436929384543,30.431246883184308],[77.61709424272243,30.432459787919758],[77.59429536066654,30.42548558569093],[77.57617317236571,30.412143633601],[77.57617317236571,30.39971136006266]],[[77.57617317236571,30.39971136006266],[77.58786490675334,30.379698431927768]],[[77.21256023291029,30.494621155611465],[77.21285252626998,30.502201810208017]],[[77.12457993164335,30.56284704698042],[77.1260413984418,30.564059951715866]],[[76.78347358088413,30.902763599089727],[76.7621361656267,30.925505562879376],[76.73962957693051,30.935815253130684],[76.72618408238472,30.959770121655783],[76.7077696007242,30.968866907171645],[76.67620191787759,30.967654002436195],[76.6665562370078,30.978266918871366],[76.62358911313324,31.001008882661015],[76.62709663344953,31.01859600132501],[76.61248196546498,31.050131524446662],[76.62329681977354,31.057408952859348],[76.6186201260185,31.074996071523344],[76.6376191943984,31.114718701609267],[76.60312857795488,31.12442193949285],[76.61248196546498,31.14807358183409],[76.60400545803395,31.15413810551133],[76.60429775139364,31.179609104955738],[76.62621975337046,31.19962203309063],[76.64931092878604,31.20993172334194],[76.63031186040612,31.226305937270485],[76.60079023107735,31.212963985180558],[76.58997537676879,31.222667223064143],[76.61569719242158,31.247834996324688],[76.58442180293467,31.277247936159302],[76.55986916072064,31.252989841450344],[76.54905430641207,31.252383389082617],[76.5511003599299,31.280886650365648],[76.52830147787402,31.26148017459848],[76.52830147787402,31.28028019799792],[76.50257966222122,31.27057696011434],[76.48065766024442,31.307267328361643],[76.45990483170637,31.286951174042887],[76.44236723012492,31.286344721675164],[76.46224317858389,31.303325387971434],[76.44207493676522,31.32242863755474],[76.40524597344418,31.376099672098317],[76.39326194569685,31.388531945636657],[76.4046613867248,31.3945964693139],[76.37747810427355,31.43886749215775],[76.37338599723788,31.413093266529483],[76.36110967613087,31.403086802462035],[76.32983428664394,31.399751314439552],[76.33217263352147,31.378525481569213],[76.3435720745494,31.377009350649903],[76.34415666126878,31.342744791873496],[76.30995833818496,31.339712530034877],[76.31609649873846,31.323944768474053],[76.30440476435083,31.31302862585502],[76.27517542838174,31.303325387971434],[76.26962185454762,31.312422173487295],[76.23717729162193,31.310602816384122],[76.22022427675986,31.30271893560371],[76.18661054039542,31.304538292706884],[76.18018008648222,31.339106077667154],[76.15358139075036,31.35093189883777],[76.14802781691623,31.380344838672386],[76.17082669897212,31.402177123910448],[76.15738120442634,31.430073932825753],[76.14218194972241,31.44159652781251],[76.12201370790375,31.480106253162983],[76.12230600126344,31.49314497906905],[76.10476839968199,31.51709984759415],[76.09833794576879,31.53529341862587],[76.05741687541207,31.590177357904892],[76.05829375549114,31.601396726707787],[76.03754092695308,31.613829000246128],[76.01708039177473,31.645061297183915],[76.01912644529257,31.661435511112465],[75.99018940268317,31.6938807127857],[75.99194316284132,31.703583950669284],[75.95949859991563,31.77999694900251],[75.95102209248459,31.78302921084113],[75.93640742450006,31.815777638698226],[75.96768281398698,31.82275184092705],[75.9860972956475,31.813048603043466],[75.96446758703038,31.84670670945215],[75.9095164354085,31.948590707229783],[75.88116397951849,31.96769395681309],[75.85661133730446,31.972545575754882],[75.85135005683001,31.980732682719154],[75.8101366931136,31.987706884947983],[75.78119965050422,32.00681013453129],[75.74875508757853,32.03682952673363],[75.72537161880327,32.03531339581431],[75.70724943050243,32.05896503815555],[75.66428230662788,32.07685538300341],[75.61342326204166,32.06563601420052],[75.59354731358269,32.081403775761345],[75.625407289789,32.0992941206092],[75.67071276054108,32.145687726740086],[75.67685092109458,32.16448775013953],[75.67129734726046,32.176313571310146],[75.63534526401848,32.18510713064215],[75.637683610896,32.234532998611655],[75.66778982694417,32.25515237911427],[75.69117329571944,32.26394593844627],[75.75167802117544,32.273345950145995],[75.77009250283596,32.28577822368433],[75.77886130362668,32.301849211429015],[75.85953427090136,32.37886866212997],[75.88759443343169,32.39797191171327],[75.94166870497449,32.4113138638032],[75.95043750576522,32.42435258970927],[75.93143843738531,32.44830745823437],[75.871226005289,32.499249457123184],[75.86684160489364,32.507739790271316],[75.87239517872776,32.5374559562898],[75.88642525999292,32.55868178916013],[75.88876360687044,32.57596568164027]],[[75.88876360687044,32.57596568164027],[75.92383881003335,32.619023799748675],[75.93991494481635,32.643585120641504],[75.94049953153572,32.658139977466874],[75.91507000924263,32.68057871507266],[75.91536230260232,32.70028841702369],[75.92617715691088,32.72090779752631],[75.92910009050779,32.75699171340589],[75.91653147604107,32.77003043931195],[75.8902250736689,32.81399823597195],[75.85398069706724,32.83704342594546],[75.83761226892454,32.8431079496227],[75.81130586655237,32.87070153235414],[75.8039985325601,32.89374672232765],[75.8165671470268,32.90435963876283],[75.81510568022836,32.91982417413979],[75.82475136109815,32.930437090574955],[75.85076547011064,32.93498548333289],[75.8837946197557,32.930740316758815],[75.91682376940076,32.915882233749585],[75.95043750576522,32.88434671062793],[75.96242153351254,32.88525638917952],[76.0340334066368,32.91770159085275],[76.04514055430505,32.93741129280379],[76.0594629289299,32.94014032845854],[76.09921482584785,32.968946815925435],[76.11090656023549,33.00472750562115],[76.14539717667901,33.01018557693067],[76.16936523217366,33.022921076652864],[76.25442259984369,33.03232108835259],[76.27254478814453,33.05203079030362],[76.2924207366035,33.10388246774402],[76.30937375146559,33.11995345548871],[76.33304951360054,33.12995991955616],[76.36958618356189,33.15452124044898],[76.40232303984726,33.18272127554815],[76.42541421526285,33.188179346857666],[76.43944429652801,33.18150837081269],[76.48679582079792,33.17938578752566],[76.51368680988948,33.195456775270344],[76.55197724000898,33.19879226329283],[76.56542273455476,33.209101953544135],[76.60400545803395,33.20364388223462],[76.60195940451612,33.19242451343173],[76.61511260570221,33.18726966830607],[76.61745095257973,33.17301803766456],[76.64492652839067,33.161798668861664],[76.66889458388532,33.17119868056139],[76.70309290696915,33.17332126384842],[76.7144923479971,33.180598692261114],[76.74781379100185,33.17847610897408],[76.77792000705,33.22396003655338],[76.77353560665465,33.24882458363006],[76.8036418227028,33.25276652402027],[76.82439465124085,33.23548263154014],[76.8355017989091,33.247611678894614],[76.84690123993704,33.241547155217376],[76.82907134499591,33.214560024853654],[76.83667097234786,33.20455356078621],[76.82117942428425,33.19303096579945],[76.81591814380982,33.172411585296835],[76.82147171764394,33.15482446663284],[76.84719353329673,33.136630895601115],[76.85187022705179,33.119347003120986],[76.87028470871232,33.11025021760513],[76.886653136855,33.11904377693712],[76.93517383456368,33.03232108835259],[76.97989471859638,33.0123081602177],[77.01613909519804,32.98805006550874],[77.0529680585191,32.99805652957618],[77.09271995543705,32.97167585158019],[77.11493425077356,32.97592101815425],[77.12078011796737,32.98562425603784],[77.15410156097212,32.97865005380902],[77.15410156097212,32.95590809001936],[77.16374724184192,32.95469518528392],[77.16842393559698,32.91830804322048],[77.17514668286987,32.911333840991645],[77.19151511101255,32.92922418583951],[77.1994070317242,32.913456424278685],[77.24588167591506,32.89344349614379],[77.24178956887938,32.88070799642159],[77.25640423686393,32.863120877757595],[77.27598789196321,32.874340246560486],[77.30638640137106,32.850385378035384],[77.32275482951374,32.8519015089547],[77.33912325765644,32.82006275964919],[77.35344563228128,32.816727271626704],[77.37390616745964,32.8230950214878],[77.37624451433717,32.85402409224173],[77.39699734287522,32.87858541313455],[77.41307347765822,32.88495316299566],[77.42798043900245,32.87585637747979],[77.44347198706606,32.88131444878931],[77.45399454801493,32.863424103941455],[77.47299361639485,32.85948216355125],[77.50222295236392,32.88404348444407],[77.51216092659341,32.87919186550228],[77.53729815552683,32.88495316299566],[77.56243538446024,32.90921125770461],[77.58757261339366,32.91921772177206],[77.60423333489604,32.93741129280379],[77.64135459157677,32.94195968556171],[77.67116851426523,32.95681776857095],[77.68315254201256,32.983501672750805],[77.70887435766535,32.976830696705846],[77.72173526549176,32.963488744615915],[77.73050406628248,32.969250042109294],[77.7775632971927,32.924675793081576],[77.80825409996024,32.902843507843514],[77.80503887300364,32.88889510338586],[77.7907164983788,32.88828865101814],[77.77931705735085,32.862211199206],[77.81673060739128,32.8431079496227],[77.82608399490138,32.833101485555254],[77.84303700976345,32.83704342594546],[77.87898909300543,32.81339178360422],[77.88483496019924,32.78731433179209],[77.89857274810471,32.77245624878285],[77.91727952312493,32.77245624878285],[77.93569400478546,32.75395945156727],[77.92955584423194,32.73334007106465],[77.93627859150483,32.72788199975514],[77.92400227039782,32.70938520253955],[77.92078704344122,32.68997872677238],[77.93774005830329,32.6763335484986],[77.9564468333235,32.64479802537694],[77.97018462122898,32.6372173707804],[77.97164608802743,32.62266251395502],[77.99415267672362,32.58870118136248],[78.03478145372065,32.58384956242068],[78.05319593538117,32.58870118136248],[78.059041802575,32.602043133452405],[78.05144217522303,32.632365751838606],[78.08505591158747,32.62235928777116],[78.0906094854216,32.641159311170604],[78.11107002059995,32.6587464298346],[78.13386890265585,32.639036727883564],[78.14439146360472,32.64570770392854],[78.15374485111482,32.66693353679887],[78.1704055726172,32.67572709613087],[78.18823546755834,32.6739077390277],[78.20168096210412,32.66056578693777],[78.21951085704526,32.66177869167322],[78.24260203246084,32.672088381924524],[78.25429376684848,32.691191631507834],[78.29053814345014,32.699681964655966],[78.31362931886572,32.70938520253955],[78.30544510479437,32.7345529758001],[78.36273460329377,32.76002397524451],[78.3907947658241,32.75668848722203],[78.38904100566596,32.730307809226034],[78.39576375293885,32.715752952400656],[78.38553348534967,32.69604325044963],[78.38085679159461,32.66844966771818],[78.38874871230627,32.63448833512564],[78.40657860724741,32.6196302521164],[78.349289108748,32.58142375294979],[78.3142139055851,32.57384309835324],[78.31655225246263,32.52563013511918],[78.29609171728427,32.504404302248844],[78.32795169349058,32.47226232675946],[78.37384175096203,32.50895269500677],[78.39985585997452,32.525933361303046]],[[75.88876360687044,32.57596568164027],[75.85398069706724,32.5374559562898],[75.84082749588114,32.50895269500677],[75.82036696070278,32.48681718358485],[75.79464514505,32.47499136241423],[75.76161599540492,32.47620426714967],[75.7271253789614,32.41798483984817],[75.70052668322954,32.40070094736804],[75.6636977199085,32.38887512619742],[75.60816198156724,32.38190092396859],[75.56051816393763,32.36097831728211],[75.53976533539958,32.340358936779495],[75.53099653460885,32.29821049722268],[75.5099514127111,32.276984664352334],[75.50556701231575,32.31064277076102],[75.48306042361955,32.317920199173706],[75.48890629081338,32.33944925822791],[75.43015532551551,32.32459117521867],[75.39391094891384,32.32944279416046],[75.34714401136331,32.34551378190515],[75.33954438401135,32.34248152006653]],[[75.33954438401135,32.34248152006653],[75.31791467539422,32.334597639286116],[75.28897763278484,32.35157830558239],[75.28547011246854,32.36673961477549],[75.26062517689482,32.36401057912073],[75.25740994993822,32.38159769778473],[75.23958005499708,32.379778340681554],[75.2132736526249,32.39554610224238],[75.19193623736747,32.398578364081004],[75.20128962487757,32.40797837578072],[75.18959789048994,32.41980419695134],[75.16709130179375,32.41889451839975],[75.13230839199053,32.40282353065507],[75.1270471115161,32.43072033957037],[75.11009409665402,32.47013974347243],[75.08992585483536,32.46437844597905],[75.05397377159339,32.47620426714967],[75.03322094305534,32.49257848107822],[75.0218215020274,32.48439137411395],[75.01772939499172,32.465591350714504],[74.99142299261955,32.44739777968278],[74.96248595001015,32.44952036296982],[74.94670210858685,32.443455839292575],[74.93617954763798,32.46255908887588],[74.89555077064095,32.46134618414044],[74.87713628898042,32.473778457678776],[74.87889004913858,32.48105588609147],[74.84732236629196,32.48196556464305],[74.81604697680504,32.48833331450415],[74.81370862992752,32.47863007662057],[74.79558644162668,32.46953329110471],[74.76840315917543,32.47468813623036],[74.75174243767304,32.46983651728857],[74.73508171617067,32.474384910046496],[74.71608264779077,32.47044296965629],[74.6991296329287,32.48590750503325],[74.68100744462787,32.48651395740098],[74.68100744462787,32.5110752782938],[74.68831477862014,32.52563013511918],[74.66317754968672,32.53593982537049],[74.66814653680147,32.559591467711726],[74.65207040201847,32.55928824152787],[74.64943976178125,32.591126990833374],[74.638332614113,32.59537215740744],[74.63716344067424,32.61053346660054],[74.64943976178125,32.612959276071436],[74.65207040201847,32.629636716183846],[74.6926991790155,32.654804489444395],[74.67896139111004,32.66814644153432],[74.66230066960765,32.67269483429225],[74.65031664186033,32.69816583373666],[74.66346984304641,32.737585237638726],[74.68217661806663,32.78185626048257],[74.70000651300778,32.810662747949465],[74.70146797980622,32.83522406884229],[74.66434672312549,32.821578890568496],[74.64885517506187,32.82521760477484],[74.63277904027888,32.799746605330434],[74.65031664186033,32.78731433179209],[74.65002434850064,32.777004641540785],[74.63424050707734,32.777307867724645],[74.6351173871564,32.75092718972865],[74.61670290549588,32.75517235630272],[74.5716897281035,32.74637879697072],[74.55415212652204,32.7560820348543],[74.54392185893286,32.7433465351321],[74.50943124248934,32.738798142374165],[74.50124702841799,32.76032720142837],[74.48312484011717,32.76214655853154],[74.46091054478066,32.77306270115058],[74.45681843774499,32.78367561758574],[74.40303645956187,32.7800369033794],[74.38374509782227,32.757901391957475],[74.360361629047,32.76154010616382],[74.33054770635854,32.77639818917306],[74.30219525046853,32.804598224272226],[74.299856903591,32.824307926223256],[74.26448940706841,32.830069223716634],[74.24432116524974,32.84250149725497],[74.21743017615819,32.84523053290973],[74.20252321481395,32.87070153235414],[74.17826286595961,32.883133805892484],[74.05988405528481,32.90921125770461],[74.05228442793285,32.930740316758815],[74.01428629117305,32.929830638207235],[73.98768759544117,32.93710806661992],[73.9967486895916,32.960759708961156],[73.96839623370158,32.969250042109294],[73.9584582594721,32.98683716077329],[73.92542910982702,32.986230708405564],[73.89269225354165,33.002908148517974],[73.84154091559576,33.00775976745977],[73.82254184721585,33.005637184172734],[73.80646571243285,32.97137262539633],[73.78658976397388,32.96561132790295],[73.77986701670099,32.974708113418814],[73.79009728429017,32.99350813681825],[73.78103619013974,33.00775976745977],[73.74859162721407,33.032927540720316],[73.73514613266829,33.066585647128996],[73.687210021679,33.088721158550925],[73.65271940523547,33.08508244434458],[73.62787446966175,33.08993406328637],[73.62816676302144,33.142392193094494],[73.63927391068968,33.14390832401381],[73.65651921891144,33.169379323458216],[73.6582729790696,33.20516001315393],[73.63635097709277,33.22608261984041],[73.62875134974081,33.21577292958911],[73.62524382942452,33.23699876245944],[73.60566017432524,33.25185684546868],[73.59806054697327,33.28278591622261],[73.60332182744772,33.29703754686412],[73.58987633290194,33.30522465382839],[73.58315358562905,33.32948274853736],[73.56590827740729,33.34252147444342],[73.57146185124141,33.35616665271721],[73.55889323677471,33.3737537713812],[73.56620057076698,33.39679896135472],[73.59075321298101,33.42621190118933],[73.5878302793841,33.44349579366947],[73.62495153606484,33.45744419812712],[73.61413668175628,33.47867003099746],[73.60156806728956,33.478366804813604],[73.59776825361358,33.50505070899345],[73.63108969661835,33.53779913685055],[73.61822878879195,33.54598624381482],[73.6196902555904,33.57752176693647],[73.60098348057019,33.5932895284973],[73.60536788096555,33.60481212348405],[73.5878302793841,33.60541857585178],[73.56123158365223,33.62148956359647],[73.56824662428481,33.636650872789566],[73.56181617037161,33.66424445552101],[73.5653236906879,33.679102538530245],[73.59192238641977,33.70002514521673],[73.59776825361358,33.71639935914527],[73.59133779970038,33.754302632128024],[73.56473910396852,33.770676846056574],[73.55830865005532,33.78371557196264],[73.57292331803987,33.845876939654346],[73.58578422586626,33.864676963053796],[73.58607651922595,33.89954797419793],[73.54953984926459,33.93138672350344],[73.53697123479789,33.95200610400605],[73.51504923282107,34.00658681710121],[73.51417235274201,34.026599745236105],[73.50394208515283,34.076025613205616],[73.498096217959,34.081786910698995],[73.49546557772179,34.13394181432325],[73.48903512380859,34.14485795694229],[73.49254264412488,34.22278708619483],[73.47792797614034,34.234916133549305],[73.47032834878837,34.26432907338392],[73.4793894429388,34.28343232296723],[73.46769770855116,34.296167822689426],[73.45395992064569,34.27827747784157],[73.453667627286,34.29738072742488],[73.43817607922239,34.32952270291425],[73.42414599795723,34.33952916698169],[73.4250228780363,34.35347757143935],[73.40047023582227,34.35954209511659],[73.39082455495247,34.374703404309685],[73.40923903661299,34.38683245166417],[73.425315171396,34.44232284331092],[73.42239223779907,34.47082610459394],[73.437591492503,34.50448421100263],[73.43086874523011,34.52601327005683],[73.44139130617899,34.538445543595174],[73.44285277297743,34.56543267395889],[73.4565905608829,34.57816817368109],[73.46915917534962,34.57392300710703],[73.49721933787994,34.580593983151985],[73.51095712578541,34.57543913802634],[73.53550976799943,34.57756172131337],[73.55363195630026,34.59302625669034],[73.58023065203213,34.58787141156468],[73.61881337551132,34.586052054461504],[73.63810473725093,34.566948804878194],[73.65096564507732,34.56816170961365],[73.66090361930681,34.58908431630013],[73.65914985914867,34.60818756588343],[73.69042524863559,34.64366502939529],[73.69422506231156,34.65761343385294],[73.66704177986031,34.666103767001076],[73.67025700681691,34.68975540934231],[73.68136415448517,34.69551670683569],[73.69159442207435,34.71674253970603],[73.70708597013797,34.72583932522189],[73.73134631899231,34.771323252801196],[73.75005309401251,34.78709101436202],[73.77372885614747,34.796794252245604],[73.8210803804174,34.79588457369401],[73.84387926247328,34.81589750182891],[73.86755502460824,34.811349109070974],[73.8754469453199,34.81832331129981],[73.90233793441145,34.82165879932228],[73.91812177583475,34.814381370909594],[73.9356593774162,34.8334846204929],[73.9549507391558,34.83530397759607],[73.96635018018374,34.844703989295795],[73.97248834073726,34.86320078651138],[74.03036242595604,34.877755643336755],[74.03883893338707,34.89291695252986],[74.04380792050182,34.92172343999675],[74.06485304239956,34.92960732077716],[74.07420642990967,34.94112991576391],[74.06426845568018,34.96478155810515],[74.0601763486445,34.991768688468866],[74.10402035259813,35.01481387844238],[74.09758989868493,35.03422035420955],[74.06631450919801,35.04847198485106],[74.09320549828958,35.09668494808513],[74.1341265686463,35.11245270964595],[74.10986621979195,35.13216241159698],[74.11425062018732,35.15187211354801],[74.09583613852679,35.14580758987077],[74.07069890959337,35.15369147065118],[74.04497709394059,35.14641404223849],[74.00902501069861,35.16612374418952],[73.9996716231885,35.18431731522124],[73.96371953994652,35.17400762496993],[73.93332103053868,35.202814112436826],[73.91724489575569,35.21221412413655],[73.86521667773071,35.21069799321724],[73.84680219607019,35.22949801661668],[73.81172699290728,35.242536742522745],[73.77752866982345,35.2437496472582],[73.76203712175985,35.231317373719854],[73.73017714555354,35.217368969262196],[73.71643935764807,35.22585930241034],[73.72696191859694,35.278317432218465],[73.6997786361457,35.323194907430036],[73.70065551622477,35.358975597125756],[73.71410101077055,35.39111757261513],[73.73573071938766,35.42386600047223],[73.75472978776757,35.44205957150395],[73.79565085812429,35.462072499638836],[73.78483600381573,35.525749998249864],[73.73514613266829,35.53666614086889],[73.72608503851787,35.55152422387813],[73.67259535369445,35.55122099769427],[73.63547409701371,35.57184037819688],[73.60653705440431,35.56092423557786],[73.55772406333594,35.5557693904522],[73.53200224768315,35.57123392582916],[73.50218832499468,35.56638230688737],[73.48172778981632,35.5772984495064],[73.42209994443938,35.56971779490985],[73.40690068973547,35.56395649741647],[73.36977943305473,35.60428557987012],[73.31395140135378,35.61550494867301],[73.27273803763737,35.62975657931453],[73.21544853913795,35.67493728070997],[73.18797296332701,35.68645987569673],[73.13623703866173,35.71920830355382],[73.13272951834544,35.73861477932098],[73.13506786522298,35.785614837819594],[73.15406693360288,35.84171168183407],[73.11957631715936,35.85869234813034],[73.10028495541977,35.87809882389751],[73.07923983352202,35.88628593086179],[73.05497948466768,35.86293751470441],[73.03802646980562,35.854750407740134],[73.01405841431097,35.85535686010786],[73.00470502680086,35.86354396707213],[72.95793808925032,35.84777620551131],[72.92929334000061,35.845653622224276],[72.90415611106721,35.85535686010786],[72.90152547083,35.881737538103856],[72.85154330632285,35.87840205008138],[72.83020589106542,35.88749883559723],[72.82289855707315,35.87294397877186],[72.7989305015785,35.86748590746234],[72.79805362149943,35.85566008629172],[72.77730079296138,35.84413749130496],[72.74251788315817,35.85869234813034],[72.72351881477826,35.85384072918855],[72.70364286631929,35.838072967627724],[72.68668985145722,35.83382780105366],[72.66038344908503,35.84929233643062],[72.6457687811005,35.86627300272689],[72.60338624394532,35.870518169300965],[72.5688956275018,35.907511763732124],[72.5338204243389,35.917518227799576],[72.53118978410168,35.95299569131143],[72.54901967904283,35.96330538156273],[72.55574242631572,35.996357035603694],[72.57328002789717,35.996357035603694],[72.58351029548635,36.01970545176107],[72.59607890995305,36.02728610635762],[72.5849717622848,36.05093774869886],[72.5498965591219,36.056699046192236],[72.53177437082107,36.07246680775306],[72.5367433579358,36.11461524730987],[72.55252719935912,36.1367507587318],[72.57386461461655,36.15100238937332],[72.55165031928004,36.18102178157565],[72.56363434702737,36.216499245087505],[72.58555634900418,36.230447649545155],[72.59695579003213,36.26410575595384],[72.63466163343224,36.27653802949219],[72.66359867604164,36.26410575595384],[72.67996710418433,36.26380252976998],[72.69165883857195,36.249854125312325],[72.69224342529134,36.2756283509406],[72.72351881477826,36.28411868408874],[72.73550284252559,36.296247731443216],[72.760640071459,36.308376778797694],[72.77846996640014,36.30989290971701],[72.7989305015785,36.330209064035756],[72.81559122308087,36.338396171000035],[72.82260626371345,36.35355748019313],[72.85212789304224,36.3729639559603],[72.86528109422832,36.3729639559603],[72.89012602980205,36.39782850303699],[72.89012602980205,36.424815633400705],[72.87755741533533,36.43815758549063],[72.92227829936803,36.46302213256732],[72.94361571462547,36.45847373980939],[72.96290707636507,36.46757052532525],[72.99213641233415,36.458170513625525],[73.00382814672179,36.47606085847339],[72.99038265217601,36.480609251231314],[72.99535163929075,36.513357679088415],[73.06140993858088,36.53761577379737],[73.07397855304758,36.561570642322465],[73.09063927454997,36.57157710638992],[73.0929776214275,36.586738415583014],[73.11256127652678,36.61008683174039],[73.09765431518255,36.62464168856577],[73.09093156790966,36.64313848578135],[73.09443908822595,36.667093354306445],[73.08508570071584,36.68225466349955],[73.08537799407553,36.699841782163546],[73.1052539425345,36.68710628244134],[73.131268051547,36.68831918717679],[73.14559042617185,36.700145008347405],[73.17218912190371,36.70833211531168],[73.19381883052084,36.72076438885002],[73.21486395241858,36.699841782163546],[73.24847768878303,36.702874044002165],[73.2525697958187,36.708938567679404],[73.31804350838945,36.7074224367601],[73.33031982949646,36.71560954372437],[73.3607183389043,36.71530631754051],[73.36919484633535,36.732590210020646],[73.41479261044712,36.73471279330768],[73.43642231906423,36.744416031191264],[73.46331330815579,36.73168053146905],[73.4790971495791,36.73410634093995],[73.51154171250478,36.71530631754051],[73.52820243400717,36.72106761503389],[73.54398627543047,36.70924179386327],[73.56035470357315,36.71621599609209],[73.57906147859337,36.71288050806961],[73.59192238641977,36.720157936482295],[73.60566017432524,36.71560954372437],[73.60741393448339,36.69862887742809],[73.63868932397031,36.69013854427996],[73.655057752113,36.6962030679572],[73.70065551622477,36.6849836991543],[73.72520815843879,36.71015147241485],[73.76934445575212,36.70378372255375],[73.79068187100954,36.70439017492147],[73.80909635267007,36.716822448459816],[73.86638585116947,36.700145008347405],[73.90087646761299,36.70681598439237],[73.90643004144712,36.73137730528519],[73.89999958753393,36.74957087631691],[73.86346291757256,36.78838382785125],[73.83394128824379,36.78808060166739],[73.81494221986388,36.79839029191869],[73.80295819211656,36.81628063676655],[73.77139050926995,36.81809999386972],[73.7442072268187,36.83326130306283],[73.72637733187756,36.83265485069511],[73.71906999788528,36.85721617158792],[73.68136415448517,36.8854162066871],[73.69042524863559,36.912100110866945],[73.71117807717363,36.91270656323467],[73.74888392057376,36.89663557548998],[73.75852960144356,36.90360977771881],[73.79038957764985,36.89451299220295],[73.81114240618791,36.89602912312226],[73.83014147456781,36.88511298050323],[73.84212550231513,36.898454932593154],[73.87866217227649,36.89451299220295],[73.9134450820797,36.87116457604557],[73.93770543093405,36.87389361170034],[73.97131916729849,36.84023550529165],[73.9999639165482,36.82416451754697],[74.02071674508625,36.82780323175331],[74.05228442793285,36.80657739888297],[74.06076093536389,36.80900320835387],[74.0926209115702,36.838719374372346],[74.12097336746021,36.83235162451124],[74.14260307607732,36.84023550529165],[74.15546398390373,36.88571943287096],[74.17358617220455,36.90391300390267],[74.21918393631633,36.89875815877702],[74.24402887189005,36.88753878997413],[74.26127418011181,36.886629111422536],[74.28348847544831,36.90300332535109],[74.31301010477709,36.91573882507329],[74.36533061616176,36.95667435989466],[74.41911259434487,36.975171157110246],[74.42934286193405,36.98972601393562],[74.47757126628304,36.992151823406516],[74.53223012454522,36.986996978280864],[74.55298295308327,36.95515822897535],[74.57870476873607,36.94848725293039],[74.58951962304464,37.02853896546996],[74.58191999569267,37.04339704847919],[74.65937773601074,37.05764867912071],[74.68509955166354,37.07493257160084],[74.7087753137985,37.07766160725561],[74.72835896889778,37.02611315599906],[74.75261931775212,37.011558299173686],[74.76343417206068,37.02520347744748],[74.78360241387935,37.0297518702054],[74.79997084202205,37.02399057271202],[74.83387687174618,37.02490025126362],[74.84206108581752,37.017016370483205],[74.8461531928532,36.99002924011948],[74.88795114328899,36.94606144345949],[74.91396525230147,36.90906784902833],[74.92799533356663,36.908764622844465],[74.93267202732169,36.925442062956876],[75.0186062750708,36.97638406184569],[75.06829614621824,36.95728081226238],[75.09606401538888,36.94272595543701],[75.13581591230682,36.95728081226238],[75.17352175570694,36.98608729972928],[75.18082908969922,37.000642156554655],[75.20216650495665,37.02095831087341],[75.20888925222954,37.036726072434234],[75.22554997373192,37.037332524801954],[75.26500957729019,37.05188738162733],[75.27933195191503,37.04703576268554],[75.33282163673846,37.05522286964981],[75.34392878440671,37.05249383399506],[75.34509795784547,37.003067966025554],[75.35737427895249,36.975171157110246],[75.37637334733239,36.96031307410101],[75.41349460401312,36.967590502513694],[75.42810927199767,36.950609836217424],[75.42547863176046,36.936358205575914],[75.40881791025808,36.91664850362488],[75.41407919073251,36.891783956548196],[75.43775495286746,36.891480730364336],[75.45236962085201,36.86661618328765],[75.45996924820398,36.830532267408074],[75.47896831658387,36.80688062506683],[75.52807360101194,36.78747414929967],[75.61634619563858,36.761699923671394],[75.62365352963084,36.750177328684636],[75.67509716093645,36.69589984177334],[75.74846279421884,36.58855777268619],[75.76950791611658,36.57339646349309],[75.80633687943762,36.55429321390979],[75.84901170995249,36.544286749842335],[75.87794875256189,36.52578995262675],[75.92325422331396,36.50244153646938],[75.96475988039006,36.49000926293104],[75.99691214995606,36.48424796543766],[76.02584919256546,36.48606732254083],[76.0691086097997,36.477576989392695],[76.08460015786332,36.46969310861228],[76.12522893486035,36.43755113312291],[76.15445827082942,36.4057123838174],[76.18047237984192,36.38721558660181],[76.19859456814275,36.38751881278568],[76.2386387584204,36.355680063480165],[76.25471489320338,36.34779618269975],[76.29212844324383,36.349009087435206],[76.32428071280981,36.3617445871574],[76.35234087534013,36.35992523005424],[76.4011538664085,36.321415504703765],[76.43213696253574,36.308073552613834],[76.4365213629311,36.288363850662805],[76.4493822707575,36.271686410550394],[76.43242925589543,36.25197670859936],[76.45610501803039,36.241363792164194],[76.48182683368317,36.21134439996185],[76.5449621993764,36.19284760274627],[76.56308438767724,36.17313790079524],[76.60254399123549,36.165860472382555],[76.6373269010387,36.18496372196586],[76.66480247684964,36.157976591602136],[76.70046226673193,36.13311204452546],[76.71683069487462,36.08732489076229],[76.72589178902504,36.0785313314303],[76.8007188891059,36.049118391595684],[76.80598016958032,36.01697641610631],[76.77324331329496,36.01182157098066],[76.75424424491504,35.9827118573299],[76.72267656206844,35.95329891749529],[76.78581192776166,35.88992464506813],[76.793996141833,35.86263428852055],[76.80422640942218,35.84989878879834],[76.83140969187343,35.83625361052455],[76.86531572159757,35.826550372640966],[76.89483735092634,35.79986646846111],[76.93517383456368,35.78409870690029],[76.96761839748936,35.7831890283487],[77.00444736081042,35.77500192138443],[77.0333844034198,35.77651805230374],[77.06085997923074,35.785311611635734],[77.08161280776879,35.79774388517408],[77.1196109445286,35.79653098043863],[77.14153294650542,35.771363207178084],[77.1643318285613,35.76681481442016],[77.16316265512255,35.740434136424156],[77.17543897622956,35.731640577092165],[77.2222059137801,35.72709218433423],[77.22454426065762,35.71496313697975],[77.26780367789186,35.70920183948637],[77.27744935876166,35.72042120828927],[77.28534127947331,35.71102119658954],[77.31661666896024,35.70010505397052],[77.32772381662849,35.71920830355382],[77.35841461939603,35.717692172634514],[77.37069094050304,35.69525343502872],[77.38647478192635,35.689795363719206],[77.40313550342873,35.66129210243618],[77.42213457180864,35.66159532862004],[77.43791841323194,35.64097594811742],[77.43674923979317,35.62217592471798],[77.42710355892338,35.61065332973122],[77.45691748161184,35.593672663434944],[77.46568628240257,35.573356509116195],[77.46071729528782,35.54758228348793],[77.48380847070341,35.53636291468503],[77.47240902967546,35.521201605491925],[77.45165620113741,35.526659676801444],[77.43528777299473,35.51725966510172],[77.40898137062254,35.52817580772076],[77.39173606240078,35.545762926384754],[77.378290567855,35.55031131914268],[77.34526141820994,35.54667260493633],[77.32217024279436,35.53666614086889],[77.34379995141148,35.5102854628729],[77.34876893852623,35.49360802276048],[77.36718342018676,35.49330479657662],[77.37361387409996,35.481175749222146],[77.41511953117606,35.47268541607401],[77.43967217339008,35.46146604727112],[77.49228497813444,35.48269188014146],[77.51683762034847,35.4887564038187],[77.53437522192992,35.48208542777373],[77.56068162430209,35.4863305943478],[77.58201903955953,35.47511122554491],[77.62410928335501,35.47207896370628],[77.65070797908687,35.487240272899385],[77.6659072337908,35.47268541607401],[77.68666006232885,35.47784026119966],[77.72290443893051,35.47541445172877],[77.72261214557082,35.501188677357035],[77.72904259948402,35.52393064114669],[77.73751910691506,35.523324188778965],[77.76528697608569,35.49754996315069],[77.79188567181755,35.49724673696683],[77.81205391363622,35.51301449852765],[77.82579170154169,35.51058868905676],[77.86875882541625,35.47996284448669],[77.88571184027832,35.48542091579621],[77.90588008209699,35.46934992805153],[77.92078704344122,35.49421447512821],[77.93277107118854,35.48936285618642],[77.97193838138712,35.45813055924863],[77.98626075601197,35.45964669016794],[77.96521563411423,35.47905316593511],[77.96492334075454,35.49603383223138],[77.9310173110304,35.51725966510172],[77.95849288684134,35.5557693904522],[77.9660925141933,35.587608139757705],[77.95235472628784,35.607014615524875],[77.96521563411423,35.603982353686256],[77.9885991028895,35.58245329463206],[78.02425889277178,35.58791136594157],[78.04618089474859,35.58518233028681],[78.0777485775952,35.54909841440723],[78.08914801862315,35.55637584281992],[78.11107002059995,35.55182745006199],[78.13737642297214,35.53878872415592],[78.15666778471173,35.55213067624585],[78.15169879759699,35.57820812805799],[78.16660575894122,35.613079139202114],[78.163975118704,35.63127271023384],[78.18618941404051,35.62399528182115],[78.20694224257856,35.66705339992956],[78.22447984416002,35.65462112639121],[78.25517064692755,35.645524340875355],[78.27066219499116,35.664930816642524],[78.26744696803456,35.71102119658954],[78.27329283522837,35.72193733920858],[78.33876654779914,35.72042120828927],[78.38816412558688,35.73649219603395],[78.41271676780092,35.765905135868564],[78.42323932874979,35.785311611635734],[78.46474498582589,35.77409224283284],[78.5091735764989,35.77257611191354],[78.52115760424621,35.76378255258153],[78.56061720780448,35.792589040048426],[78.57757022266655,35.792892266232286],[78.57903168946501,35.80593099213836],[78.61089166567132,35.81381487291877],[78.63456742780627,35.82806650356028],[78.65824318994123,35.85384072918855],[78.69127233958629,35.85626653865945],[78.71874791539723,35.868395586013925],[78.77457594709819,35.868395586013925],[78.80438986978665,35.85566008629172],[78.8634331284442,35.86202783615282],[78.91370758631103,35.87567301442661],[78.9400139886832,35.879614954816816],[78.95842847034373,35.8917440021713],[79.01191815516715,35.852324598269234],[79.02799428995016,35.84747297932745],[79.06365407983243,35.84656330077586],[79.11772835137523,35.83655683670841],[79.13935805999236,35.83867941999545],[79.18027913034908,35.8702149431171],[79.19781673193053,35.898414978216266],[79.18787875770104,35.9308601798895],[79.18992481121887,35.94723439381805],[79.21535433351198,35.9787699169397],[79.24195302924385,35.98665379772011],[79.29018143359283,35.98968605955873],[79.34484029185504,35.98847315482328],[79.38459218877298,35.99423445231666],[79.40300667043351,35.918731132535015],[79.4255132591297,35.89507949019378],[79.51846254751139,35.88355689520702],[79.55295316395491,35.86445364562372],[79.66548610743588,35.83534393197297],[79.7163451520221,35.81715036094125],[79.72511395281282,35.80593099213836],[79.74615907471056,35.80047292082884],[79.78591097162851,35.798350337541805],[79.87096833929856,35.78288580216484],[79.91861215692816,35.8223052060669],[79.96041010736396,35.83898264617931],[79.98847026989428,35.84049877709862],[80.01009997851139,35.831401991582766],[80.03816014104171,35.79986646846111],[80.05832838286038,35.74983414812388],[80.08814230554886,35.72527282723106],[80.10567990713031,35.68312438767424],[80.1124026544032,35.67827276873245],[80.18956810136157,35.65735016204597],[80.24276549282531,35.639459817198116],[80.27433317567193,35.6227823770857],[80.29479371085029,35.60246622276695],[80.31116213899297,35.554253259532885],[80.32869974057442,35.47268541607401],[80.31788488626586,35.46358863055815],[80.2974243510875,35.46085959490339],[80.28105592294482,35.44084666676849],[80.28368656318203,35.387782084592644],[80.27082565535564,35.34411751411652],[80.2398425592284,35.28771744391818],[80.23165834515706,35.26012386118674],[80.22610477132294,35.22009800491696],[80.18342994080807,35.166730196557246],[80.17787636697395,35.136710804354905],[80.18576828768559,35.063330067860306],[80.18401452752745,35.04058810407065],[80.17086132634137,34.98873642663025],[80.12380209543113,34.89352340489758],[80.10684908056906,34.86805240545317],[80.08405019851318,34.84894915586986],[80.07352763756431,34.82923945391883],[80.06709718365111,34.79072972856836],[80.07265075748523,34.74615547954065],[80.06914323716894,34.71492318260286],[80.04459059495491,34.70431026616769],[79.96508680111901,34.68732959987142],[79.94462626594064,34.68096185001031],[79.90019767526763,34.691271540261624],[79.86073807170938,34.688845730790725],[79.8247859884674,34.66125214805928],[79.81660177439606,34.64336180321142],[79.80432545328904,34.64305857702756],[79.7736346505215,34.62547145836356],[79.79263371890141,34.59272303050647],[79.77100401028429,34.5821101140713],[79.75843539581757,34.55481975752372],[79.81017132048285,34.53116811518248],[79.81250966736039,34.496903556406075],[79.79731041265646,34.48659386615476],[79.767496489968,34.479922890109805],[79.6844851758158,34.47870998537435],[79.66080941368084,34.480226116293665],[79.6523329062498,34.488413223257936],[79.60878119565587,34.49205193746428],[79.59328964759224,34.50084549679628],[79.58013644640616,34.48992935417725],[79.5085245732819,34.474161592616426],[79.52723134830211,34.4456583313334],[79.52810822838119,34.41806474860195],[79.5596759112278,34.41109054637313],[79.55412233739368,34.388045356399616],[79.56230655146501,34.363484035506794],[79.5596759112278,34.33255496475287],[79.59212047415349,34.281612965864056],[79.58422855344183,34.238251621571784],[79.5693215920976,34.22036127672393],[79.53716932253161,34.20580641989855],[79.51115521351912,34.210354812656476],[79.49478678537643,34.18003219427028],[79.48923321154231,34.148799897332495],[79.49478678537643,34.135761171426424],[79.47257249003992,34.11150307671747],[79.45035819470343,34.09694821989209],[79.43252829976228,34.09270305331802],[79.42025197865527,34.07814819649265],[79.41411381810175,34.05570945888686],[79.43778958023671,34.02841910233928],[79.42054427201495,34.01447069788162],[79.39862227003815,34.02720619760383],[79.37260816102565,34.03387717364879],[79.30596527501615,34.042973959164655],[79.27439759216954,34.03933524495831],[79.26007521754468,34.048432030474174],[79.21973873390735,34.05267719704824],[79.19810902529022,34.05116106612893],[79.17881766355063,34.07208367281541],[79.15163438109937,34.068141732425204],[79.14374246038773,34.03509007838424],[79.1124670709008,34.01962554300728],[79.07154600054409,34.02538684050066],[79.01484108876406,34.05025138757734],[78.94059857540259,34.023870709581345],[78.92715308085681,33.999006162504664],[78.90523107887999,33.97201903214095],[78.91984574686454,33.95898030623488],[78.9370910550863,33.92714155692937],[78.94936737619331,33.91652864049419],[78.94381380235919,33.90864475971378],[79.0008110074989,33.803425273913675],[79.01922548915942,33.798876881155735],[79.01308732860592,33.78826396472057],[79.02127154267725,33.7752252388145],[79.03647079738118,33.78189621485947],[79.04319354465407,33.76734135803409],[79.06131573295491,33.778560726836986],[79.06862306694718,33.756425215415064],[79.04290125129438,33.74975423937009],[79.02039466259819,33.70578644271011],[79.02887117002922,33.691838038252456],[79.05400839896264,33.678192859978665],[79.09112965564337,33.68698641931066],[79.09054506892399,33.65696702710832],[79.10545203026822,33.61360568281606],[79.06540783999058,33.62694763490598],[79.02770199659045,33.625431503986675],[78.98999615319033,33.61117987334516],[78.96076681722126,33.61815407557398],[78.91926116014515,33.63361861095095],[78.91516905310948,33.57448950509786],[78.92481473397928,33.56508949339813],[78.94059857540259,33.526579768047654],[78.94176774884136,33.49959263768394],[78.93241436133124,33.47806357862974],[78.93329124141032,33.4328828772343],[78.9403062820429,33.41226349673168],[78.94995196291269,33.40832155634148],[78.95375177658867,33.381031199793895],[78.96982791137167,33.37405699756507],[78.99350367350664,33.3306956532728],[79.01776402236096,33.3355472722146],[79.0619003196743,33.30977304658633],[79.09726781619688,33.294611737393225],[79.12503568536751,33.2900633446353],[79.2086315862391,33.29248915410619],[79.2404915624454,33.29794722541571],[79.31561095588594,33.27308267833902],[79.36588541375276,33.28278591622261],[79.44743526110652,33.26489557137475],[79.45620406189724,33.25034071454937],[79.45065048806312,33.21728906050841],[79.4383741669561,33.18969547777697],[79.3933609895637,33.12450184824664],[79.37728485478071,33.08477921816072],[79.3936532829234,33.05415337359065],[79.3936532829234,33.036263028742795],[79.38225384189546,33.02777269559466],[79.33548690434492,33.016250100607905],[79.3682237606303,32.9907791011635],[79.3840076020536,32.988959744060324],[79.38342301533422,32.972282303947914],[79.40914483098702,32.970159720660874],[79.4222980321731,32.96166938751274],[79.4640959826089,32.92012740032365],[79.49244843849891,32.877372508399105],[79.50618622640438,32.86736604433166],[79.57312140577358,32.7824627128503],[79.59036671399534,32.7736691535183],[79.60322762182173,32.777004641540785],[79.6269033839567,32.737585237638726],[79.57838268624802,32.6787593579695],[79.56727553857976,32.67330128665998],[79.51583190727418,32.60810765712964],[79.46994184980271,32.57626890782413],[79.44801984782589,32.532604337348005],[79.42492867241032,32.52775271840621],[79.39949915011722,32.53715273010593],[79.39453016300247,32.57232696743392],[79.33022562387049,32.593552800304266],[79.31794930276347,32.59021731228179],[79.31122655549058,32.571720515066204],[79.27702823240675,32.53412046826732],[79.25101412339427,32.53412046826732],[79.24166073588415,32.509862373558356],[79.19518609169332,32.48287524319464],[79.1478345674234,32.48105588609147],[79.13205072600009,32.47074619584016],[79.14724998070402,32.43708808943147],[79.14315787366834,32.42041064931907],[79.12562027208689,32.413739673274094],[79.11509771113802,32.38432673343948],[79.06043885287583,32.390694483300585],[79.01454879540437,32.37735253121066],[78.99379596686632,32.34521055572129],[78.97888900552209,32.33914603204404],[78.96018223050187,32.36704284095935],[78.90347731872185,32.392817066587625],[78.87541715619153,32.41737838748044],[78.85875643468916,32.440726803637816],[78.82718875184254,32.43860422035078],[78.82017371120996,32.46255908887588],[78.80702051002388,32.48166233845919],[78.79094437524087,32.531997884980285],[78.77691429397571,32.55837856297627],[78.77632970725634,32.57323664598552],[78.79445189555716,32.58900440754634],[78.79240584203933,32.618417347380955],[78.77925264085324,32.62812058526454],[78.76259191935085,32.655107715628255],[78.76989925334313,32.69210131005942],[78.76259191935085,32.6978626075528],[78.74943871816477,32.68148839362425],[78.7231323157926,32.6611722393055],[78.68045748527773,32.658443203650734],[78.66204300361721,32.65359158470895],[78.63895182820163,32.60962378804895],[78.61907587974265,32.595978609775166],[78.58809278361542,32.615991537910055],[78.57113976875335,32.6172044426455],[78.53197245855478,32.60628830002648],[78.51501944369271,32.58961085991406],[78.49602037531281,32.58081730058207],[78.47234461317785,32.58354633623682],[78.44399215728784,32.56990115796303],[78.43054666274206,32.548978551276555],[78.42996207602268,32.53351401589959],[78.39985585997452,32.525933361303046]],[[87.79328756035929,25.221214592067334],[87.7766268388569,25.15298870069838],[87.77838059901505,25.09992411852253],[87.8055638814663,25.072027309607225],[87.84034679126951,25.05777567896571],[87.86986842059828,25.04049178648558],[87.90874343743717,24.999253025480343],[87.91195866439377,24.98651752575814],[87.96164853554122,24.942246502914287],[87.97538632344668,24.92435615806643],[87.97860155040328,24.89736902770271],[87.9718788031304,24.882207718509612],[87.91663535814882,24.856736719065204],[87.89412876945262,24.85370445722658],[87.90289757024335,24.843697993159136],[87.8917904225751,24.820652803185624],[87.87162218075643,24.82156248173721],[87.88272932842469,24.801852779786177],[87.87074530067736,24.775168875606322],[87.85554604597343,24.762130149700255],[87.84034679126951,24.76425273298729],[87.84268513814703,24.788814053880113],[87.82339377640744,24.766981768642047],[87.84502348502457,24.739084959726743],[87.87249906083551,24.730291400394744],[87.88302162178437,24.73999463827833],[87.89237500929448,24.72634946000454],[87.90611279719995,24.722710745798196],[87.90172839680459,24.691781675044272],[87.8914981292154,24.679046175322068],[87.91838911830696,24.659639699554898],[87.90669738391932,24.613852545791737],[87.8821447417053,24.61749125999808],[87.87776034130994,24.6117299625047],[87.91312783783253,24.609304153033804],[87.9104971975953,24.585046058324846],[87.89646711633014,24.580800891750776],[87.89237500929448,24.563820225454506],[87.87103759403705,24.562000868351333],[87.8532076990959,24.55229763046775],[87.82953193696095,24.560787963615883],[87.81404038889733,24.577465403728294],[87.77458078533907,24.582923475037813],[87.80439470802753,24.56018151124816],[87.81140974866011,24.54653633297437],[87.80264094786939,24.539865356929408],[87.80644076154537,24.51894275024293],[87.80030260099187,24.49225884606307],[87.8117020420198,24.511968548014103],[87.8152095623361,24.49347175079852],[87.82807047016249,24.495594334085553],[87.81404038889733,24.477703989237696],[87.82280918968806,24.469820108457284],[87.79328756035929,24.43343296639384],[87.78978004004298,24.415845847729845],[87.8149172689764,24.407961966949433],[87.79767196075464,24.394316788675642],[87.80264094786939,24.38340064605661],[87.76610427790803,24.33458123045483],[87.76961179822433,24.32427154020352],[87.76142758415298,24.305168290620212],[87.73219824818389,24.28758117195622],[87.71524523332182,24.293645695633458],[87.70764560596987,24.261503720144084],[87.68630819071242,24.247858541870293],[87.66701682897283,24.246342410950984],[87.66204784185808,24.236942399251262],[87.65210986762861,24.24998112515733],[87.64071042660066,24.243916601480088],[87.64801776059294,24.231484327941747],[87.64275648011849,24.212987530726163],[87.67607792312324,24.207226233232788],[87.67958544343955,24.196613316797617],[87.70179973877605,24.176903614846587],[87.69449240478377,24.15143261540218],[87.6456794137154,24.15658746052783],[87.63252621252931,24.164774567492106],[87.58488239489971,24.162955210388933],[87.57435983395084,24.157193912895554],[87.61265026407034,24.1305100087157],[87.58663615505785,24.125051937406184],[87.57435983395084,24.108374497293774],[87.58137487458342,24.08866479534274],[87.56471415308104,24.084419628768675],[87.54425361790268,24.089574473894327],[87.52203932256617,24.11261966386784],[87.49865585379091,24.11686483044191],[87.5021633741072,24.10079384269722],[87.49514833347462,24.08714866442343],[87.51093217489793,24.08381317640095],[87.49397916003585,24.071380902862607],[87.49631750691339,24.05379378419861],[87.51297822841576,24.04742603433751],[87.50654777450256,24.024077618180137],[87.47644155845441,24.01255502319338],[87.45364267639852,24.018013094502894],[87.43990488849305,24.008613082803173],[87.463580650628,23.995271130713245],[87.46299606390863,23.983142083358764],[87.44428928888841,23.97980659533628],[87.39489171110066,24.00376146386138],[87.3618625614556,24.01103889227407],[87.34257119971599,23.996787261632555],[87.32064919773919,24.006187273332277],[87.33760221260125,24.019225999238344],[87.33760221260125,24.03256795132827],[87.2879123414538,24.028626010938066],[87.24903732461493,24.043787320131166],[87.23793017694668,24.02620020146717],[87.25751383204596,23.997393714000278],[87.26599033947699,24.004671142412967],[87.27329767346927,23.986477571381247],[87.26482116603823,23.97161948837201],[87.29697343560423,23.957367857730492],[87.29025068833133,23.93553557249243],[87.29785031568329,23.891871002016302],[87.2756360203468,23.87489033572003],[87.25780612540565,23.911883930151195],[87.2496219113343,23.90218069226761],[87.25137567149245,23.85851612179148],[87.26043676564286,23.841232229311345],[87.25079108477307,23.83001286050845],[87.22506926912027,23.829103181956867],[87.24143769726297,23.854877407585136],[87.2276999093575,23.859425800343065],[87.19379387963335,23.842748360230654],[87.20080892026593,23.856090312320585],[87.18180985188603,23.854270955217412],[87.17187187765654,23.862458062181688],[87.141181074889,23.870038716778236],[87.13562750105487,23.852754824298103],[87.15930326318983,23.827587051037554],[87.17157958429685,23.821522527360315],[87.1540419827154,23.79635475409977],[87.11136715220053,23.801509599225422],[87.10113688461135,23.81151606329287],[87.08973744358342,23.8072708967188],[87.06226186777248,23.818187039337833],[87.03975527907627,23.83880641984045],[86.97252780634739,23.867006454939617],[86.94855975085274,23.844567717333828],[86.93102214927129,23.85548385995286],[86.92956068247283,23.86761290730734],[86.91231537425107,23.88125808558113],[86.90062363986343,23.881561311764994],[86.88074769140445,23.864277419284857],[86.89331630587117,23.82394833683121],[86.8825014515626,23.815154777499213],[86.87665558436879,23.846083848253137],[86.86642531677961,23.843961264966104],[86.85005688863691,23.823645110647348],[86.82638112650196,23.81303219421218],[86.8120587518771,23.83001286050845],[86.79832096397163,23.833045122347073],[86.80650517804298,23.815154777499213],[86.80328995108638,23.799690242122253],[86.82228901946628,23.777857956884187],[86.82170443274691,23.7466256599464],[86.81001269835927,23.741774041004607],[86.7965672038135,23.700535279999375],[86.79744408389257,23.68931591119648],[86.74366210570945,23.679612673312896],[86.73723165179625,23.695683661057583],[86.7164788232582,23.699019149080065],[86.65451263100374,23.68476751843855],[86.6302522821494,23.674761054371103],[86.59722313250434,23.672941697267934],[86.59634625242526,23.664148137935936],[86.5343800601708,23.630793257711115],[86.48702853590089,23.636857781388354],[86.45078415929922,23.63352229336587],[86.44552287882479,23.611083555760082],[86.43295426435807,23.612296460495532],[86.41190914246033,23.589857722889743],[86.38677191352693,23.5862190086834],[86.36368073811136,23.54498024767817],[86.37332641898115,23.524664093359412],[86.35958863107567,23.49858664154728],[86.37654164593775,23.49221889168618],[86.36134239123382,23.48372855853804],[86.35754257755784,23.465838213690184],[86.33211305526473,23.459773690012945],[86.30609894625225,23.44582528555529],[86.31925214743833,23.428238166891294],[86.30580665289256,23.422173643214055],[86.2882690513111,23.429451071626744],[86.28651529115297,23.44158011898122],[86.24530192743656,23.43369623820081],[86.23068725945201,23.437638178591016],[86.24471734071717,23.471599511183562],[86.2312718461714,23.471902737367422],[86.23010267273263,23.459167237645218],[86.20905755083488,23.460683368564528],[86.18479720198054,23.46978015408039],[86.18508949534024,23.477057582493078],[86.14855282537889,23.47918016578011],[86.16112143984559,23.50616729614383],[86.16053685312622,23.52102537915307],[86.14884511873858,23.52921248611734],[86.15936767968745,23.553470580826303],[86.1447530117029,23.571967378041887],[86.12546164996331,23.57560609224823],[86.07898700577246,23.570148020938714],[86.07752553897402,23.580154485006158],[86.04332721589017,23.585309330131814],[86.04157345573203,23.57681899698368],[86.017020813518,23.56317381870989],[86.01672852015831,23.553470580826303],[86.03777364205605,23.52284473625624],[86.03894281549482,23.506773748511556],[86.05764959051503,23.501012451018177],[86.04741932292585,23.49221889168618],[86.0263742010281,23.489793082215282],[85.94394747359529,23.457044654358185],[85.91237979074867,23.473722094470595],[85.88022752118269,23.477967261044665],[85.86561285319814,23.452799487784116],[85.86912037351443,23.411863952962747],[85.88022752118269,23.41247040533047],[85.90185722979982,23.37911552510565],[85.87233560047103,23.36698647775117],[85.87759688094548,23.33211546660704],[85.88402733485867,23.325747716745937],[85.86678202663691,23.31695415741394],[85.86765890671597,23.30543156242718],[85.83989103754536,23.282689598637532],[85.83258370355307,23.265102479973535],[85.84106021098411,23.19445077913369],[85.86356679968031,23.19657336242072],[85.8831504547796,23.175347529550383],[85.88344274813929,23.16109589890887],[85.90653392355486,23.150482982473697],[85.9211485915394,23.131986185258114],[85.94979334078911,23.131986185258114],[85.95768526150076,23.140476518406253],[85.98779147754891,23.148360399186664],[86.04274262917079,23.14593458971577],[86.05443436355843,23.131682959074254],[86.05004996316308,23.114399066594117],[86.07577177881586,23.10378615015895],[86.08687892648412,23.10681841199757],[86.09769378079268,23.09317323372378],[86.12166183628733,23.096205495562398],[86.14387613162383,23.08286354347247],[86.14036861130754,23.065579650992337],[86.16609042696034,23.041624782467238],[86.18128968166425,23.015547330655107],[86.20671920395736,23.01766991394214],[86.21227277779148,22.99674730725566],[86.26693163605367,22.99826343817497],[86.2850538243545,23.01342474736807],[86.30609894625225,23.01494087828738],[86.31779068063989,22.99796021199111],[86.35608111075939,22.991895688313868],[86.36572679162919,22.99947634291042],[86.38618732680754,22.993411819233177],[86.39875594127425,22.97703760530463],[86.42184711668983,22.997656985807247],[86.46861405424036,22.98795374792366],[86.50281237732419,22.992805366865454],[86.51771933866843,22.96915372452422],[86.54577950119875,22.990076331210698],[86.5440257410406,22.96460533176629],[86.53204171329327,22.963695653214703],[86.52385749922193,22.947321439286153],[86.50427384412265,22.950656927308636],[86.49228981637532,22.938527879954155],[86.4674448808016,22.947018213102293],[86.46364506712561,22.9357988442994],[86.44259994522787,22.93003754680602],[86.43792325147282,22.918514951819265],[86.46861405424036,22.89941170223596],[86.45663002649303,22.886069750146028],[86.45224562609768,22.86181165543707],[86.43821554483252,22.86332778635638],[86.43938471827127,22.83148903705087],[86.42710839716426,22.81177933509984],[86.42155482333014,22.779637359610465],[86.44932269250077,22.76174701476261],[86.45955296008995,22.76265669331419],[86.48439789566368,22.72566309888303],[86.4931666964544,22.726572777434612],[86.51187347147462,22.70474049219655],[86.51538099179089,22.719295349021927],[86.54461032775998,22.723843741779856],[86.58611598483608,22.692308218658205],[86.59663854578496,22.692004992474345],[86.62323724151682,22.676843683281245],[86.64194401653704,22.658346886065665],[86.6396056696595,22.600733911131883],[86.65363575092466,22.594972613638504],[86.65685097788126,22.57920485207768],[86.677896099779,22.575869364055198],[86.71121754278377,22.58375324483561],[86.73284725140088,22.577991947342234],[86.7611997072909,22.577688721158367],[86.77259914831885,22.564346769068443],[86.76967621472193,22.55403707881713],[86.78925986982122,22.547669328956033],[86.78779840302276,22.527959627005],[86.80358224444608,22.50248862756059],[86.80065931084917,22.483385377977285],[86.75067714634203,22.47944343758708],[86.75652301353585,22.454275664326534],[86.76909162800256,22.42668208159509],[86.81030499171897,22.42031433173399],[86.83602680737175,22.41000464148268],[86.85005688863691,22.39605623702503],[86.84596478160125,22.372707820867653],[86.83398075385392,22.34541746432007],[86.83427304721361,22.3284367980238],[86.87753246444785,22.302662572395533],[86.89010107891457,22.300539989108497],[86.89068566563395,22.256268966264642],[86.81702773899185,22.2677915612514],[86.81176645851741,22.247778633116507],[86.79539803037473,22.266881882699813],[86.79773637725225,22.24262378799085],[86.81498168547401,22.24201733562313],[86.80504371124452,22.21775924091417],[86.78107565574987,22.21775924091417],[86.79189051005844,22.233527002474993],[86.77786042879328,22.23443668102658],[86.78019877567081,22.218668919465756],[86.75301549321955,22.21199794342079],[86.72787826428615,22.21927537183348]],[[86.72787826428615,22.21927537183348],[86.68724948728911,22.22352053840755],[86.6749731661821,22.24080443088768],[86.65334345756497,22.239591526152232],[86.65071281732776,22.265365751780504],[86.62119118799899,22.27992060860588],[86.59605395906557,22.27870770387043],[86.58377763795855,22.301752893843947],[86.55747123558638,22.299023858189187],[86.52970336641575,22.30660451278574],[86.52882648633667,22.322372274346563],[86.51333493827306,22.327830345656075],[86.50515072420171,22.344811011952352],[86.48907458941872,22.34814649997483],[86.46364506712561,22.326010988552905],[86.44376911866664,22.327223893288355],[86.4388001315519,22.30539160805029],[86.42710839716426,22.31782388158863],[86.39612530103703,22.329043250391525],[86.35812716427722,22.349056178526418],[86.34468166973144,22.369675559029034],[86.33094388182597,22.37664976125786],[86.32334425447401,22.394236879921856],[86.29353033178555,22.428804664882126],[86.2853461177142,22.44912081920088],[86.27073144972965,22.44305629552364],[86.22601056569695,22.45245630722336],[86.20788837739613,22.4736821400937],[86.17924362814642,22.479746663770943],[86.1128930354966,22.488236996919078],[86.07489489873679,22.546456424220583],[86.04420409596925,22.566772578539336],[86.02403585415058,22.547062876588306],[86.03397382838007,22.537662864888585],[86.00182155881407,22.512191865444176],[85.98662230411016,22.513101543995763],[85.97493056972252,22.503095079928315],[85.95943902165891,22.45943050945219],[85.99860633185747,22.425469176859643],[86.01439017328079,22.42789498633054],[86.02695878774749,22.378469118361032],[86.02257438735214,22.365733618638828],[85.99860633185747,22.34177875011373],[86.02608190766841,22.33298519078173],[86.01175953304357,22.319643238691803],[86.0234512674312,22.308120643705045],[86.03806593541574,22.309030322256632],[86.0140978799211,22.296294822534428],[85.99129899786521,22.261120585206434],[85.9755151564419,22.247172180748784],[85.99860633185747,22.21927537183348],[86.0231589740715,22.20259793172107],[86.03251236158161,22.18895275344728],[86.00036009201563,22.135584945087565],[86.00825201272727,22.117088147871982],[85.98457625059231,22.087371981853508],[85.98106873027604,22.07584938686675],[85.94833187399065,22.02308803087476],[85.93459408608518,22.023391257058623],[85.91793336458281,22.00883640023325],[85.90857997707269,21.970629901066637],[85.89981117628197,21.982455722237255],[85.85275194537175,21.981242817501805],[85.82819930315772,21.97426861527298],[85.82118426252514,21.984275079340428],[85.7902011663979,21.982758948421115],[85.76652540426295,21.993675091040146],[85.7644793507451,22.018842864300694],[85.78493988592348,22.040371923354897],[85.77617108513275,22.055230006364134],[85.7937086867142,22.081004231992402],[85.82030738244606,22.074030029763577],[85.83667581058876,22.081004231992402],[85.81446151525225,22.095862315001643],[85.82059967580575,22.10586877906909],[85.80803106133905,22.11466233840109],[85.77938631208934,22.094042957898473],[85.76360247066603,22.088888112772818],[85.7519107362784,22.073726803579717],[85.72823497414345,22.06220420859296],[85.69374435769993,22.060081625305926],[85.68731390378673,22.052804196893238],[85.65048494046567,22.094042957898473],[85.63733173927959,22.085249398566475],[85.59699525564226,22.078275196337646],[85.56045858568089,22.094649410266193],[85.54204410402038,22.09828812447254],[85.51164559461253,22.11526879076881],[85.49206193951323,22.1201204097106],[85.4713091109752,22.134978492719842],[85.4163579593533,22.159539813612664],[85.36929872844308,22.158023682693354],[85.36432974132833,22.123152671549224],[85.35146883350194,22.130733326145773],[85.32925453816544,22.12861074285874],[85.28044154709707,22.083733267647162],[85.247412397452,22.016113828645935],[85.23718212986282,22.003984781291457],[85.22110599507982,22.01429447154276],[85.21701388804415,22.046739673216],[85.1898306055929,22.058565494386617],[85.18544620519754,22.068268732270198],[85.14715577507803,22.077062291602196],[85.12523377310123,22.07008808937337],[85.10594241136164,22.08797843422123],[85.10535782464225,22.099501029207985],[85.07583619531347,22.110720398010884],[85.05040667302038,22.114055886033363],[85.02643861752571,22.106778457620678],[85.01357770969932,22.08646230330192],[84.99399405460004,22.08009455344082],[84.98697901396746,22.094649410266193],[85.0302384312017,22.11526879076881],[85.03754576519397,22.140739790213217],[85.03169989800016,22.157417230325628],[85.05420648669636,22.177733384644384],[85.05332960661728,22.18925597963114],[85.07583619531347,22.233830228658853],[85.08080518242822,22.25414638297761],[85.07700536875224,22.275372215847952],[85.11178827855545,22.294172239247395],[85.12084937270586,22.293565786879668],[85.12055707934617,22.317217429220907],[85.09220462345615,22.320249691059526],[85.09951195744843,22.344204559584625],[85.08051288906853,22.351785214181177],[85.08957398321894,22.38150138019965],[85.08109747578791,22.416372391343785],[85.06999032811966,22.426075629227366],[85.06355987420646,22.44760468828157],[85.07758995547162,22.458824057084463],[85.07963600898945,22.475804723380733],[85.05800630037233,22.48217247324184],[84.95891885143713,22.442449843155913],[84.95891885143713,22.455488569061984],[84.92384364827423,22.43729499803026],[84.91419796740443,22.422436915021024],[84.8867223915935,22.42031433173399],[84.8832148712772,22.44608855736226],[84.84229380092049,22.430320795801435],[84.81920262550491,22.43426273619164],[84.80780318447697,22.44639178354612],[84.75928248676829,22.44457242644295],[84.75051368597755,22.41758529607923],[84.6981931745929,22.415159486608335],[84.66837925190444,22.416675617527645],[84.63885762257566,22.431230474353022],[84.57893748383904,22.425469176859643],[84.55000044122964,22.419707879366264],[84.53333971972727,22.422740141204883],[84.50849478415354,22.41788852226309],[84.4813115017023,22.4042433439893],[84.48686507553641,22.389688487163927],[84.46231243332238,22.37786266599331],[84.45471280597042,22.381804606383515],[84.43366768407267,22.367249749558137],[84.43279080399361,22.351481987997314],[84.401223121147,22.346327142871658],[84.36848626486162,22.35117876181345],[84.3307804214615,22.341475523929866],[84.2959975116583,22.33995939301056],[84.2731986296024,22.350269083261864],[84.25332268114343,22.376043308890136],[84.20100216975877,22.374223951786966],[84.1904796088099,22.386049772957584],[84.15949651268267,22.403333665437717],[84.14283579118029,22.423043367388747],[84.13991285758338,22.44760468828157],[84.14429725797874,22.469436973519635],[84.11302186849183,22.4761079495646],[84.08613087940026,22.490966032573837],[84.05777842351026,22.514314448731213],[84.03994852856911,22.514011222547346],[84.02621074066364,22.52310800806321],[84.00955001916127,22.522804781879344]],[[83.95606033433783,23.624728734033873],[83.94641465346804,23.622909376930703]],[[83.3311371313188,24.100490616513362],[83.34662867938242,24.10958740202922],[83.3568589469716,24.125658389773907],[83.36504316104295,24.155981008160108],[83.38608828294069,24.1999488048201],[83.38462681614223,24.229968197022437],[83.39894919076708,24.243613375296228],[83.40976404507565,24.26514243435043],[83.40391817788182,24.292432790898008],[83.38842662981821,24.299406993126837],[83.38345764270346,24.3124457190329],[83.4112255118741,24.336400587558],[83.43139375369276,24.33761349229345],[83.44893135527421,24.359749003715375],[83.45097740879206,24.371878051069856],[83.43782420760597,24.40280712182378],[83.4080102849175,24.407658740765573],[83.40859487163688,24.435858775864737],[83.39778001732832,24.436465228232464],[83.38930350989729,24.45435557308032],[83.40041065756554,24.479220120157006],[83.40099524428491,24.499839500659622],[83.43431668728968,24.51166532183024],[83.50592856041393,24.525916952471754]],[[83.75642396966899,24.509542738543207],[83.78945311931406,24.52258146444927]],[[74.69708357941086,13.327773982447898],[74.69708357941086,13.327773982447898]],[[74.69123771221705,13.336567541779894],[74.69123771221705,13.336567541779894]],[[74.68509955166354,13.345057874928031],[74.68509955166354,13.345057874928031]],[[74.67516157743405,13.376290171865818],[74.67516157743405,13.376290171865818]],[[74.74297363688233,13.639793725641901],[74.74297363688233,13.639793725641901]],[[74.68802248526045,13.652832451547965],[74.68802248526045,13.652832451547965]],[[74.48487860027531,14.010942574688993],[74.48487860027531,14.010942574688993]],[[74.33230146651668,14.015187741263063],[74.33230146651668,14.015187741263063]],[[74.48955529403037,14.023678074411198],[74.48955529403037,14.023678074411198]],[[74.47435603932644,14.084929763551324],[74.47435603932644,14.084929763551324]],[[74.47026393229076,14.275962259384388],[74.47961731980087,14.264439664397631],[74.45857219790314,14.27202031899418],[74.47026393229076,14.275962259384388]],[[74.40157499276341,14.311136496712379],[74.40157499276341,14.311136496712379]],[[74.3989443525262,14.461233457724074],[74.3989443525262,14.461233457724074]],[[74.08735963109575,14.789627414846624],[74.08735963109575,14.789627414846624]],[[74.05842258848637,14.815704866658757],[74.05842258848637,14.815704866658757]],[[74.09408237836864,14.831472628219581],[74.09408237836864,14.831472628219581]],[[74.10051283228185,14.838446830448408],[74.10051283228185,14.838446830448408]],[[74.09700531196556,14.87210493685709],[74.09700531196556,14.87210493685709]],[[74.19521588082168,14.871195258305503],[74.19521588082168,14.871195258305503]],[[74.30921029110111,15.798460928555516],[74.29781085007316,15.788454464488069],[74.2650739937878,15.79451898816531],[74.26828922074439,15.809073844990687],[74.26039730003274,15.826964189838545],[74.28962663600183,15.830906130228751],[74.30921029110111,15.798460928555516]],[[77.55337429030982,18.293102743188236],[77.56448143797807,18.28491563622396],[77.57412711884787,18.29219306463665],[77.60657168177356,18.280064017282168],[77.57617317236571,18.24246397048328],[77.58844949347272,18.218812328142043],[77.57792693252385,18.20183166184577],[77.56798895829436,18.202438114213493],[77.5828959196386,18.16423161504688],[77.60160269465881,18.153921924795576],[77.59721829426346,18.129967056270473],[77.60423333489604,18.101463794987446],[77.60131040129912,18.08660571197821],[77.57091189189127,18.078418605013937],[77.54928218327416,18.055979867408148],[77.55688181062611,18.036876617824838],[77.58874178683241,18.027173379941253],[77.59604912082469,18.012315296932016],[77.61037149544954,18.020199177712428],[77.63258579078604,17.99472817826802],[77.65012339236749,17.995637856819606],[77.65713843300007,17.97168298829451],[77.64778504548997,17.948637798320995],[77.63287808414573,17.956218452917547],[77.62060176303872,17.940450691356723],[77.62030946967903,17.90527645402873],[77.5890340801921,17.910734525338246],[77.58669573331458,17.900728061270797],[77.59663370754407,17.87222479998777],[77.58494197315643,17.87828932366501],[77.57120418525096,17.868586085781427],[77.56711207821529,17.84432799107247],[77.55337429030982,17.820373122547366],[77.52969852817486,17.829166681879364],[77.52969852817486,17.814005372686267],[77.51449927347095,17.80399890861882],[77.50806881955774,17.785198885219373],[77.52677559457796,17.782166623380753],[77.55834327742457,17.763973052349037],[77.56974271845252,17.766702088003793],[77.56594290477653,17.74972142170752],[77.54314402272064,17.727889136469457],[77.53115999497332,17.72970849357263],[77.49783855196856,17.718489124769732],[77.49286956485382,17.709392339253874],[77.4615941753669,17.701508458473462],[77.45399454801493,17.69392780387691],[77.44931785425989,17.659966471284367],[77.45691748161184,17.63328256710451],[77.44493345386452,17.609327698579413],[77.44347198706606,17.584159925318865],[77.4648094023235,17.579611532560936],[77.47767031014989,17.567785711390318],[77.4937464449329,17.568998616125768],[77.50543817932052,17.54352761668136],[77.53115999497332,17.575972818354593],[77.54051338248343,17.57415346125142],[77.55220511687106,17.552321176013354],[77.59371077394717,17.56566312810328],[77.595756827465,17.535643735900944],[77.62060176303872,17.53230824787846],[77.62527845679378,17.525334045649636],[77.66064595331636,17.52442436709805],[77.67029163418616,17.512901772111295],[77.68987528928545,17.508656605537226],[77.6881215291273,17.47590817768013],[77.65216944588533,17.484095284644404],[77.6150481892046,17.47287591584151],[77.61475589584491,17.4474049163971],[77.59984893450067,17.44558555929393],[77.57705005244478,17.457108154280686],[77.5764654657254,17.43254683338786],[77.53729815552683,17.44406942837462],[77.51391468675156,17.430121023916968],[77.51449927347095,17.41556616709159],[77.53759044888652,17.4019209888178],[77.5253141277795,17.38948871527946],[77.53408292857023,17.380998382131324],[77.52472954106013,17.3652306205705],[77.48643911094062,17.357346739790085],[77.48322388398402,17.372508048983185],[77.4554560148134,17.373417727534772],[77.46013270856844,17.347946728090363],[77.45340996129555,17.317927335888022],[77.43762611987225,17.291243431708168],[77.45662518825216,17.289727300788858],[77.4583789484103,17.27911438435369],[77.4262266788443,17.256372420564038],[77.41862705149234,17.233024004406666],[77.40927366398223,17.240604659003214],[77.38413643504882,17.222714314155354],[77.40284321006904,17.214527207191082],[77.39524358271707,17.195423957607773],[77.37449075417902,17.19330137432074],[77.36367589987046,17.164798113037712],[77.37916744793408,17.151759387131648],[77.38004432801316,17.141146470696476],[77.40255091670934,17.135081947019238],[77.4075199038241,17.1265916138711],[77.46656316248165,17.107488364287793],[77.46422481560411,17.0962689954849],[77.4808855371065,17.079591555372488],[77.48205471054526,17.064430246179388],[77.49725396524919,17.036533437264083],[77.50339212580269,17.010759211635815],[77.48234700390495,16.99377854533954],[77.48322388398402,16.971643033917616],[77.4680246292801,16.956178498540652],[77.46948609607855,16.91766877319018],[77.45750206833122,16.912513928064524],[77.4645171089638,16.847926750901916],[77.46071729528782,16.8273073703993],[77.47591654999175,16.800017013851722],[77.47153214959638,16.78030731190069],[77.44171822690792,16.786978287945654],[77.44142593354823,16.76696535981076],[77.42739585228307,16.71844917039284],[77.47299361639485,16.712687872899462],[77.46597857576226,16.676300730836022],[77.45048702769864,16.67812008793919],[77.42067310501018,16.666597492952437],[77.42096539836987,16.658713612172026],[77.44814868082112,16.63961036258872],[77.46568628240257,16.652649088494783],[77.47562425663206,16.64749424336913],[77.45984041520876,16.623842601027896],[77.4680246292801,16.608681291834795],[77.46860921599948,16.588365137516043],[77.44084134682885,16.58533287567742],[77.42505750540555,16.569261887932733],[77.39553587607676,16.569261887932733],[77.40576614366594,16.55076509071715],[77.4197962249311,16.548036055062394],[77.41950393157141,16.521958603250262],[77.38530560848758,16.515590853389156],[77.37332158074027,16.50619084168944],[77.37039864714336,16.48830049684158],[77.32830840334788,16.484965008819096],[77.30054053417724,16.495274699070404],[77.29586384042219,16.47768758040641],[77.23886663528248,16.47192628291303],[77.26195781069805,16.451306902410415],[77.26838826461125,16.43402300993028],[77.28855650642991,16.40703587956656],[77.3367849107789,16.392481022741187],[77.35666085923788,16.380655201570566],[77.37741368777594,16.38399068959305],[77.41599641125512,16.36701002329678],[77.442595106987,16.378835844467396],[77.48585452422124,16.382171332489875],[77.52356036762136,16.374590677893327],[77.53992879576404,16.357306785413193],[77.5764654657254,16.34032611911692],[77.59634141418438,16.34214547622009],[77.5893263735518,16.332442238336508],[77.595756827465,16.31667447677568],[77.59517224074561,16.291506703515136],[77.56974271845252,16.302119619950307],[77.5478207164757,16.291506703515136],[77.5384673289656,16.267248608806177],[77.52911394145548,16.274222811035003],[77.50573047268021,16.27240345393183],[77.49228497813444,16.25420988290011],[77.4934541515732,16.229042109639565],[77.51537615355002,16.227829204904115],[77.4998846054864,16.217519514652807],[77.49959231212671,16.19174528902454],[77.48819287109876,16.16324202774151],[77.49286956485382,16.152022658938613],[77.49140809805536,16.120487135816965],[77.51420698011125,16.108358088462488],[77.5028075390833,16.101990338601382],[77.49783855196856,16.084403219937386],[77.50777652619806,16.078035470076287],[77.49550020509103,16.035583804335605],[77.50660735275929,16.01041603107506],[77.51508386019032,16.007080543052574],[77.51040716643527,15.977667603217961],[77.51976055394537,15.967964365334376],[77.51449927347095,15.925815925777558]],[[78.23178717815227,12.76256037572912],[78.17712831989009,12.77499264926746],[78.16894410581875,12.770141030325668],[78.13153055577833,12.779844268209253],[78.12510010186512,12.796824934505526],[78.0970399393348,12.813199148434073],[78.07511793735799,12.83988305261393],[78.02513577285086,12.855347587990892],[78.0175361454989,12.829573362362622],[78.00379835759342,12.82320561250152],[78.01198257166476,12.8050120414698],[77.9918143298461,12.8050120414698],[77.9918143298461,12.819870124479039],[77.98158406225691,12.831999171833518],[77.96784627435144,12.831089493281933],[77.96813856771114,12.845644350107307],[77.94884720597155,12.858986302197236],[77.9500163794103,12.838670147878481],[77.94329363213741,12.822295933949935],[77.91932557664276,12.831392719465793],[77.92546373719627,12.85352823088772],[77.9435859254971,12.871115349551715],[77.92984813759163,12.872934706654888],[77.93452483134669,12.887186337296402],[77.89740357466596,12.876270194677371],[77.89243458755121,12.867476635345373],[77.84946746367666,12.865050825874476],[77.79334713861601,12.837154016959172],[77.81088474019747,12.829876588546483],[77.80123905932766,12.805315267653661],[77.809423273399,12.79591525595394],[77.79773153901138,12.790457184644424],[77.78165540422837,12.768928125590222],[77.79480860541446,12.754070042580983],[77.78808585814157,12.742850673778088],[77.7682099096826,12.738302281020157],[77.76148716240971,12.727386138401126],[77.77288660343766,12.72344419801092],[77.76031798897094,12.696153841463339],[77.74365726746856,12.70070223422127],[77.73722681355537,12.691908674889271],[77.74131892059104,12.673108651489827],[77.72845801276465,12.670986068202794],[77.7138433447801,12.682811889373411],[77.70536683734906,12.660373151767622],[77.67759896817843,12.659463473216036],[77.68022960841566,12.680082853718652],[77.66415347363265,12.683115115557273],[77.59984893450067,12.666437675444863],[77.59751058762315,12.651579592435624],[77.60744856185264,12.62974730719756],[77.59195701378901,12.613979545636736],[77.59108013370994,12.593056938950259],[77.579680692682,12.566676260954264],[77.58640343995489,12.545753654267784],[77.58844949347272,12.516037488249308],[77.6150481892046,12.512398774042964],[77.611832962248,12.500572952872346],[77.58523426651612,12.47722453671497],[77.60657168177356,12.473585822508628],[77.62732451031161,12.494508429195106],[77.63521643102327,12.486321322230832],[77.62820139039069,12.452056763454426],[77.6308320306279,12.422947049803673],[77.61417130912552,12.362908265398996],[77.57880381260293,12.333192099380518],[77.56623519813623,12.3062049690168],[77.55308199695014,12.29255979074301],[77.53379063521054,12.289830755088254],[77.52852935473611,12.278611386285359],[77.50339212580269,12.281643648123978],[77.48030095038712,12.270727505504947],[77.47299361639485,12.244650053692814],[77.48380847070341,12.23373391107378],[77.47591654999175,12.211295173467992],[77.5028075390833,12.196133864274891],[77.52151431410353,12.193101602436272],[77.54898988991447,12.20341129268758],[77.56623519813623,12.196133864274891],[77.60160269465881,12.199772578481237],[77.60715626849294,12.20462419742303],[77.63960083141862,12.195527411907168],[77.6661995271505,12.197043542826478],[77.73722681355537,12.176727388507725],[77.75008772138176,12.157320912740555],[77.75125689482053,12.138824115524972],[77.77814788391208,12.118811187390081],[77.75739505537403,12.078785331120297],[77.73138094636155,12.063017569559472],[77.70069014359402,12.019352999083344],[77.67496832794122,11.962346476517286],[77.67584520802029,11.94930775061122],[77.64778504548997,11.949610976795082],[77.58435738643705,11.933236762866535],[77.55892786414395,11.939907738911497],[77.53466751528961,11.930810953395639],[77.49520791173134,11.941423869830807],[77.48673140430031,11.898668977906265],[77.48790057773907,11.885023799632474],[77.4648094023235,11.899578656457852],[77.46188646872659,11.853488276510827],[77.46714774920102,11.848333431385171],[77.45340996129555,11.815585003528076],[77.4519484944971,11.800423694334976],[77.43470318627534,11.775255921074429],[77.43031878587998,11.759791385697467],[77.4233037452474,11.771313980684223],[77.39261294247986,11.785262385141875],[77.3657219533883,11.78738496842891],[77.3563685658782,11.773133337787396],[77.3367849107789,11.76767526647788],[77.2952792537028,11.80709467037994],[77.2888487997896,11.798604337231804],[77.25201983646856,11.811036610770145],[77.23740516848402,11.792236587370702],[77.19999161844359,11.791326908819116],[77.17602356294894,11.782836575670979],[77.14737881369923,11.780410766200085],[77.14124065314573,11.7707075283165],[77.11288819725571,11.771617206868086],[77.11931865116891,11.721281660346992],[77.08395115464633,11.737959100459403],[77.05998309915168,11.766159135558569],[77.0716748335393,11.780410766200085],[77.05092200500125,11.7858688375096],[77.03221522998105,11.772830111603533],[77.04127632413146,11.792236587370702],[77.01409304168021,11.811036610770145],[76.9822330654739,11.809217253666974],[76.98427911899175,11.799210789599528],[76.96907986428782,11.773133337787396],[76.95388060958389,11.789507551715943],[76.9088674321915,11.791326908819116],[76.89717569780387,11.773739790155119],[76.8901606571713,11.732501029149887],[76.86297737472005,11.706726803521615],[76.8451474797789,11.663971911597073],[76.8390093192254,11.637288007417217],[76.86034673448282,11.609694424685774],[76.84690123993704,11.582404068138194],[76.8454397731386,11.591804079837916],[76.8258561180393,11.605146031927845],[76.76067469882824,11.614546043627566],[76.6344039674418,11.611210555605084],[76.61657407250065,11.607875067582603],[76.56220750759816,11.620307341120945],[76.54876201305238,11.677617089870864],[76.51222534309103,11.705210672602306],[76.48182683368317,11.685197744467413],[76.45932024498698,11.6621525544939],[76.43126008245666,11.66639772106797]],[[76.43126008245666,11.66639772106797],[76.41810688127057,11.671552566193624],[76.40992266719923,11.690049363409205],[76.4107995472783,11.713701005750442],[76.4268756820613,11.728559088759681],[76.41313789415582,11.740384909930299],[76.41547624103336,11.760397838065192],[76.37981645115107,11.743113945585057],[76.36344802300839,11.746752659791401],[76.34240290111065,11.73735264809168],[76.31785025889661,11.750694600181607],[76.30703540458805,11.782836575670979],[76.29066697644537,11.791630135002977],[76.28219046901432,11.807397896563803],[76.2512073728871,11.801939825254285],[76.22548555723431,11.806488218012216],[76.21233235604822,11.826197919963246],[76.20765566229316,11.860765704923516],[76.1907026474311,11.870165716623237],[76.14539717667901,11.863494740578272],[76.13195168213323,11.851062467039931],[76.11441408055178,11.857430216901033],[76.1138294938324,11.976901333342663],[76.09716877233002,11.967804547826802],[76.0787542906695,11.96750132164294],[76.03549487343525,11.938998060359912],[76.00977305778245,11.938088381808326],[76.00392719058864,11.92959804866019],[75.95394502608151,11.939907738911497],[75.93669971785975,11.937178703256741],[75.899578461179,11.942333548382393],[75.87093371192931,11.951430333898255],[75.84930400331218,11.975991654791077],[75.82942805485321,11.98994005924873],[75.83235098845012,12.008740082648174],[75.80458311927949,12.036030439195754],[75.8007833056035,12.05513368877906],[75.80633687943762,12.073630485994642],[75.79990642552443,12.079998235855744],[75.76746186259875,12.084243402429813],[75.72127951176759,12.067565962317403],[75.72186409848698,12.083030497694365],[75.7049110836249,12.089095021371605],[75.70578796370398,12.105772461484015],[75.68825036212253,12.107895044771048],[75.67158964062016,12.095462771232707],[75.65200598552086,12.11092730660967],[75.63885278433477,12.147920901040834],[75.62073059603394,12.154288650901936],[75.59500878038115,12.148527353408557],[75.5803941123966,12.15610800800511],[75.57396365848341,12.170662864830483],[75.55584147018257,12.181275781265654],[75.55204165650659,12.193708054803997],[75.53625781508329,12.204320971239166],[75.54122680219803,12.216146792409784],[75.5070284791142,12.268301696034051],[75.49679821152502,12.270424279321084],[75.48569106385676,12.291346886007563],[75.46990722243346,12.300443671523421],[75.46113842164274,12.29377269547846],[75.43337055247211,12.29710818350094],[75.41261772393406,12.346230825286586],[75.4237248716023,12.371701824730994],[75.38338838796497,12.389592169578851],[75.36760454654167,12.41203090718464],[75.37257353365641,12.433863192422706],[75.36877371998042,12.456605156212355],[75.39420324227353,12.449934180167391],[75.4111562571356,12.454785799109183],[75.42664780519922,12.471160013037732],[75.41670983096972,12.501785857607793],[75.39946452274798,12.50269553615938],[75.37198894693702,12.488443905517865],[75.37403500045487,12.473585822508628],[75.34275961096795,12.460850322786424],[75.33662145041444,12.49511488156283],[75.3059306476469,12.502392309975518],[75.3062229410066,12.522102011926549],[75.28254717887162,12.523011690478135],[75.27231691128245,12.558185927806127],[75.2927774464608,12.57971498686033],[75.31791467539422,12.573347236999227],[75.32960640978186,12.590024677111638],[75.29248515310113,12.601244045914532],[75.27816277847627,12.61640535510763],[75.26910168432585,12.610340831430392],[75.23958005499708,12.568798844241297],[75.22408850693346,12.567282713321987],[75.19982815807913,12.610644057614254],[75.20245879831634,12.62974730719756],[75.18345972993643,12.631869890484595],[75.17089111546973,12.621256974049423],[75.1556918607658,12.623986009704183],[75.14195407286033,12.642482806919764],[75.15101516701075,12.646424747309972],[75.162122314679,12.668560258731898],[75.15130746037045,12.680992532270238],[75.13260068535023,12.675231234776861],[75.11301703025094,12.680386079902515],[75.1048328161796,12.696153841463339],[75.08641833451907,12.70221836514058],[75.08787980131753,12.680386079902515],[75.07063449309577,12.662495735054657],[75.04812790439956,12.664618318341692],[75.04491267744297,12.691908674889271],[75.05485065167247,12.687966734499065],[75.05601982511122,12.707676436450097],[75.03818993017008,12.722837745643197],[75.0028224336475,12.717986126701405],[75.0121758211576,12.727082912217263],[74.99288445941801,12.73739260246857],[74.98440795198697,12.73405711444609],[75.00837600748162,12.764682959016152],[75.00516078052502,12.7898507322767],[74.99200757933893,12.79470235121849],[74.98703859222418,12.782270077680149],[74.9703778707218,12.776812006370633],[74.95371714921943,12.783482982415597],[74.90081205111538,12.763773280464566],[74.88473591633239,12.752857137845535],[74.86310620771526,12.75831520915505]],[[74.86310620771526,12.75831520915505],[74.82832329791205,12.831392719465793],[74.82189284399885,12.859289528381098],[74.80698588265463,12.894766991892954],[74.79909396194297,12.958747716687835],[74.78272553380029,13.030915548446993],[74.78360241387935,13.070031726165192],[74.77951030684368,13.090347880483947],[74.78769452091503,13.10459951112546],[74.76635710565759,13.09095433285167],[74.76314187870099,13.118851141766974],[74.74911179743583,13.185560902216615],[74.73888152984665,13.203754473248337],[74.72835896889778,13.251967436482396],[74.71403659427293,13.287748126178112],[74.70292944660468,13.344451422560308],[74.71929787474737,13.312309447070934],[74.72514374194118,13.285625542891077],[74.72485144858149,13.32079978021907],[74.70789843371942,13.347483684398927],[74.6959144059721,13.352032077156856],[74.69416064581395,13.397819230920021],[74.68597643174262,13.44178702758001],[74.69211459229612,13.448154777441113],[74.69971421964809,13.415406349584016],[74.70935990051788,13.404490206964983],[74.73215878257376,13.402670849861812],[74.74531198375985,13.390541802507332],[74.7374200630482,13.414193444848568],[74.71432888763262,13.419651516158083],[74.70672926028067,13.43572250390277],[74.72192851498458,13.458464467692421],[74.74560427711954,13.45391607493449],[74.7502809708746,13.459677372427869],[74.73274336929315,13.475748360172556],[74.71608264779077,13.46725802702442],[74.70497550012252,13.442393479947736],[74.69825275284963,13.471199967414625],[74.68509955166354,13.473929003069383],[74.68100744462787,13.526083906693648],[74.67194635047746,13.599767869372116],[74.6637621364061,13.631000166309903],[74.67311552391621,13.630090487758316],[74.67866909775034,13.60795497633639],[74.68334579150539,13.637367916171005],[74.69386835245426,13.639187273274176],[74.69532981925272,13.619174345139283],[74.7087753137985,13.614929178565216],[74.72368227514274,13.62160015461018],[74.70439091340313,13.638580820906451],[74.75583454470872,13.633122749596936],[74.7406352900048,13.647677606422313],[74.71111366067602,13.649193737341623],[74.69562211261241,13.66678085600562],[74.6795459778294,13.675271189153754],[74.69211459229612,13.688916367427545],[74.71345200755356,13.696800248207957],[74.68188432470694,13.700438962414301],[74.66814653680147,13.71378091450423],[74.67779221767127,13.691038950714578],[74.67165405711776,13.680122808095547],[74.66580818992394,13.638884047090315],[74.64534765474558,13.672845379682858],[74.63950178755177,13.713477688320367],[74.63248674691918,13.729548676065054],[74.62810234652382,13.778671317850698],[74.6064726379067,13.858419804206406],[74.62108730589124,13.848110113955098],[74.62634858636568,13.85902625657413],[74.59828842383536,13.878432732341299],[74.5871812761671,13.920581171898117],[74.56672074098874,13.948477980813422],[74.53749140501967,13.960000575800176],[74.54041433861657,13.971523170786934],[74.51586169640254,13.989413515634793],[74.50592372217305,14.02549743151437],[74.52492279055295,14.025194205330509],[74.5073851889715,14.04793616912016],[74.5009547350583,14.040961966891334],[74.49832409482109,14.063400704497122],[74.48312484011717,14.102516882215319],[74.48370942683654,14.124045941269522],[74.47464833268613,14.169226642664961],[74.46500265181633,14.198336356315714],[74.44571129007673,14.223807355760123],[74.43460414240849,14.266865473868528],[74.45827990454345,14.249884807572254],[74.47026393229076,14.255646105065633],[74.4980318014614,14.243517057711152],[74.5269688440708,14.23987834350481],[74.49101676082881,14.263529985846045],[74.4883861205916,14.277781616487559],[74.46880246549232,14.292033247129073],[74.44921881039302,14.279904199774593],[74.43577331584724,14.287484854371144],[74.42554304825806,14.281117104510042],[74.41414360723013,14.311742949080104],[74.40332875292157,14.367536566910712],[74.4050825130797,14.381788197552227],[74.39748288572774,14.40816887554822],[74.40303645956187,14.419085018167253],[74.38520656462073,14.423936637109046],[74.37556088375094,14.464265719562693],[74.36269997592453,14.485491552433032],[74.35656181537102,14.51065932569358],[74.37556088375094,14.519149658841716],[74.3732225368734,14.496710921235927],[74.38023757750598,14.487310909536205],[74.38520656462073,14.452136672208212],[74.41034379355415,14.45001408892118],[74.4118052603526,14.470936695607657],[74.43372726232941,14.473968957446278],[74.40771315331692,14.487614135720067],[74.36328456264391,14.557962610376052],[74.35217741497567,14.525214182518955],[74.33610128019266,14.51399481371606],[74.30804111766234,14.523091599231922],[74.31417927821585,14.551291634331088],[74.29459562311656,14.591923942968597],[74.32937853291978,14.603446537955353],[74.36620749624082,14.591923942968597],[74.39046784509516,14.594046526255632],[74.42963515529374,14.624672370825692],[74.39134472517424,14.603749764139215],[74.3635768560036,14.598291692829699],[74.34574696106246,14.608904609264869],[74.31242551805771,14.614059454390524],[74.30541047742513,14.60132395466832],[74.28465764888708,14.608601383081007],[74.27208903442038,14.629220763583623],[74.28524223560646,14.639530453834933],[74.27501196801728,14.665304679463201],[74.27939636841265,14.673188560243613],[74.27033527426222,14.696536976400989],[74.25601289963737,14.705633761916848],[74.26244335355057,14.72231120202926],[74.24169052501253,14.743840261083461],[74.22415292343108,14.744749939635048],[74.22444521679077,14.73595638030305],[74.20398468161241,14.732924118464428],[74.20018486793643,14.720188618742224],[74.17972433275807,14.745659618186632],[74.16686342493166,14.752027368047735],[74.17709369252084,14.766582224873112],[74.16335590461537,14.765672546321525],[74.15429481046496,14.750208010944563],[74.14377224951609,14.774466105653524],[74.10782016627411,14.785685474456418],[74.09525155180741,14.803272593120415],[74.114542913547,14.799027426546347],[74.12331171433773,14.806001628775173],[74.12506547449587,14.833595211506616],[74.16189443781693,14.838143604264545],[74.15663315734248,14.812975831004],[74.17066323860764,14.826014556910065],[74.17621681244178,14.855124270560818],[74.21567641600004,14.868466222650746],[74.23847529805593,14.862401698973505],[74.24870556564511,14.876046877247296],[74.21421494920159,14.8736210677764],[74.21012284216592,14.8887823769695],[74.17621681244178,14.878775912902054],[74.17329387884486,14.869375901202332],[74.14260307607732,14.857246853847851],[74.13763408896259,14.845724258861095],[74.11249686002917,14.845724258861095],[74.10723557955474,14.865433960812126],[74.08794421781514,14.896059805382189]],[[74.11863502058267,15.652609134117892],[74.10460493931751,15.657157526875821],[74.0891133912539,15.672925288436646],[74.11015851315165,15.672925288436646],[74.12623464793464,15.680505943033197],[74.13441886200599,15.702641454455122],[74.12331171433773,15.719925346935257],[74.15312563702619,15.736602787047667],[74.16043297101847,15.751460870056905],[74.19024689370693,15.752370548608491],[74.20456926833178,15.760557655572766],[74.21041513552561,15.78087380989152],[74.23350631094118,15.782996393178554],[74.22853732382643,15.756009262814835],[74.24344428517067,15.743273763092631],[74.26741234066532,15.755402810447112],[74.28553452896615,15.74145440598946],[74.31768679853215,15.758738298469593],[74.32353266572596,15.772383476743384],[74.3448700809834,15.765409274514557],[74.35860786888887,15.775718964765865],[74.36942272319743,15.798764154739379],[74.36445373608268,15.819383535241995],[74.38345280446258,15.838486784825301],[74.38140675094475,15.84909970126047],[74.33814733371051,15.854254546386125],[74.3638691493633,15.877906188727362],[74.36445373608268,15.892461045552738],[74.37702235054938,15.879725545830533],[74.38228363102382,15.859409391511779],[74.39719059236805,15.851222284547505],[74.40625168651847,15.85971261769564],[74.39309848533239,15.876390057808052],[74.38579115134011,15.90337718817177],[74.42934286193405,15.95310628232514],[74.44424982327828,15.985248257814511],[74.44395752991859,16.000409567007612],[74.45798761118375,16.02466766171657],[74.46207971821943,16.048622530241673],[74.43460414240849,16.058932220492977],[74.4050825130797,16.051048339712565],[74.38403739118196,16.037099935254915],[74.37234565679434,16.038616066174225],[74.37556088375094,16.055596732470498],[74.36445373608268,16.05286769681574],[74.37468400367186,16.08015805336332],[74.40917462011538,16.09380323163711],[74.42875827521466,16.112603255036554],[74.45886449126283,16.104112921888415],[74.48341713347685,16.089254838879178],[74.4913090541885,16.114422612139727],[74.48429401355592,16.149293623283857],[74.49218593426758,16.1832549558764],[74.5073851889715,16.190229158105225],[74.49744721474201,16.2135775742626],[74.50270849521645,16.224796943065495],[74.47844814636211,16.248751811590594],[74.47026393229076,16.240867930810182],[74.45535697094654,16.250267942509904],[74.41648195410765,16.259364728025766],[74.41502048730919,16.282409917999274],[74.38520656462073,16.277558299057485],[74.38403739118196,16.29211315588286],[74.35626952201133,16.28908089404424],[74.34866989465937,16.276345394322036],[74.33054770635854,16.267551834990037],[74.3220711989275,16.281197013263828],[74.34223944074617,16.29332606061831],[74.33083999971824,16.32516480992382],[74.31651762509338,16.326984167026993],[74.32791706612133,16.34214547622009],[74.31710221181277,16.35548742831002],[74.32587101260349,16.3588229163325],[74.3188559719709,16.38095842775443],[74.33931650714926,16.391268118005737],[74.34545466770277,16.36791970184836],[74.36240768256485,16.392784248925047],[74.35831557552918,16.404913296279528],[74.33610128019266,16.402184260624768],[74.33083999971824,16.4218939625758],[74.33727045363143,16.427352033885313],[74.33230146651668,16.453732711881308],[74.31534845165461,16.451610128594275],[74.29576479655533,16.46282949739717],[74.28816516920337,16.475868223303237],[74.29401103639718,16.501339222747646],[74.28231930200955,16.50528116313785],[74.27588884809636,16.484358556451372],[74.2618587668312,16.47768758040641],[74.24636721876757,16.496487603805853],[74.27998095513202,16.50831342497647],[74.2647817004281,16.54015217428198],[74.28144242193048,16.541061852833565],[74.28290388872894,16.524081186537295],[74.3001491969507,16.53075216258226],[74.30745653094296,16.50376503221854],[74.31739450517246,16.508010198792608],[74.3156407450143,16.54621669795922],[74.3255787192438,16.555313483475082],[74.33960880050896,16.548036055062394],[74.35919245560824,16.55864897149756],[74.35626952201133,16.540455400465845],[74.37906840406723,16.528932805479087],[74.3892986716564,16.537423138627226],[74.3892986716564,16.56107478096846],[74.39719059236805,16.580178030551764],[74.42262011466116,16.584423197125833],[74.42758910177591,16.59594579211259],[74.46646411861478,16.6062554823639],[74.45857219790314,16.635668422198513],[74.45886449126283,16.654468445597956],[74.47143310572953,16.662352326378368],[74.48984758739005,16.62930067233741],[74.54596791245069,16.634758743646927],[74.54421415229255,16.593823208825555],[74.56438239411122,16.582907066206523],[74.55415212652204,16.56137800715232],[74.5684745011469,16.55349412637191],[74.5903965031237,16.565926399910254],[74.61173391838113,16.569565114116596],[74.61874895901371,16.58351351857425],[74.63131757348043,16.577448994897008],[74.63774802739363,16.608378065650932],[74.65879314929137,16.602616768157553],[74.68539184502323,16.6062554823639],[74.68948395205891,16.61686839879907],[74.65528562897507,16.63930713640486],[74.66668507000301,16.665081362033128],[74.69123771221705,16.676603957019886],[74.69328376573489,16.716629813289668],[74.73186648921407,16.717539491841254],[74.77424902636925,16.75028791969835],[74.8461531928532,16.76181051468511],[74.85053759324856,16.772423431120277],[74.9198111194953,16.77151375256869],[74.91191919878364,16.787281514129518],[74.90782709174796,16.857326762601637],[74.94465605506902,16.8815848573106],[74.96014760313263,16.879462274023567],[74.96336283008922,16.906752630571148],[74.94874816210468,16.907965535306595],[74.92302634645189,16.9270687848899],[74.93442578747982,16.94253332026686],[74.95050192226283,16.93161717764783],[74.96277824336984,16.937075248957346],[74.98206960510944,16.930404272912384],[74.99989950005059,16.947384939208654],[75.02679048914214,16.943139772634588],[75.02825195594059,16.9270687848899],[75.04462038408329,16.94010751079597],[75.09080273491443,16.9485978439441],[75.09138732163382,16.92282361831583],[75.11535537712847,16.911604249512937],[75.13523132558744,16.894623583216664],[75.13786196582465,16.875217107449497],[75.1685527685922,16.8664235481175],[75.18959789048994,16.87127516705929],[75.18024450297983,16.843681584327847],[75.22730373389007,16.8424686795924],[75.23811858819862,16.864604191014326],[75.26559416400956,16.862481607727293],[75.2802088319941,16.87582355981722],[75.28926992614453,16.90281069018094],[75.28283947223132,16.910997797145214],[75.28196259215225,16.955268819989065],[75.34275961096795,16.95405591525362],[75.36935830669981,16.97043012918217],[75.3924494821154,16.978010783778718],[75.42898615207675,16.96497205787265],[75.44184705990314,16.981043045617337],[75.46581511539779,16.98710756929458],[75.4877371173746,16.967094641159683],[75.49066005097151,16.944655903553894],[75.51521269318555,16.953752689069756],[75.52836589437163,16.967397867343546],[75.56870237800896,16.965275284056514],[75.56841008464929,17.007726949797195],[75.60816198156724,17.004694687958573],[75.60903886164631,16.971339807733752],[75.63505297065879,16.96770109352741],[75.64382177144952,16.952843010518173],[75.67714321445428,16.965881736424237],[75.66808212030386,16.977404331410995],[75.67100505390077,17.03744311581567],[75.65259057224024,17.032288270690017],[75.64236030465106,17.038049568183396],[75.66135937303096,17.063520567627805],[75.67977385469149,17.072920579327523],[75.67275881405891,17.11506901888434],[75.65229827888055,17.11476579270048],[75.65142139880147,17.13447549465151],[75.63008398354405,17.161765851199092],[75.62920710346498,17.187843303011224],[75.65609809255653,17.20543042167522],[75.66252854646973,17.21543688574267],[75.65609809255653,17.27214018212486],[75.63096086362312,17.27365631304417],[75.62306894291147,17.295185372098373],[75.60436216789125,17.3045853837981],[75.61459243548043,17.330056383242507],[75.61166950188353,17.343701561516298],[75.58244016591443,17.352798347032156],[75.57688659208031,17.384333870153803],[75.61430014212074,17.3931274294858],[75.61371555540136,17.423450047872002],[75.62365352963084,17.459533963751582],[75.63417609057971,17.47863721333489],[75.66077478631159,17.46105009467089],[75.6794815613318,17.455288797177513],[75.6794815613318,17.437398452329653],[75.69000412228067,17.41405003617228],[75.70666484378305,17.40980486959821],[75.73589417975214,17.423146821688142],[75.7686310360375,17.408288738678902],[75.78119965050422,17.380391929763597],[75.8104289864733,17.37129514424774],[75.82124384078186,17.421024238401106],[75.83819685564393,17.421933916952693],[75.855149870506,17.40919841723049],[75.8583650974626,17.390398393831042],[75.87590269904405,17.39858550079532],[75.8776564592022,17.417991976562487],[75.89373259398519,17.40737906012732],[75.89314800726581,17.355224156503052],[75.91010102212788,17.34734027572264],[75.93056155730623,17.325811216668438],[75.95949859991563,17.33551445455202],[76.00012737691266,17.339456394942225],[76.01532663161659,17.35219189466443],[76.06326274260589,17.353708025583742],[76.07349301019507,17.333998323632713],[76.08693850474084,17.33551445455202],[76.09044602505713,17.35219189466443],[76.10213775944477,17.36401771583505],[76.12142912118436,17.367959656225256],[76.13779754932705,17.354314477951466],[76.16351936497985,17.34279188296471],[76.16410395169923,17.3021595743272],[76.17608797944655,17.29912731248858],[76.17930320640315,17.31580475260099],[76.17258045913026,17.35037253756126],[76.18310302007913,17.35825641834167],[76.22928537091029,17.364927394386633],[76.2447769189739,17.37644998937339],[76.25062278616772,17.35977254926098],[76.27079102798639,17.35825641834167],[76.27634460182051,17.3324821927134],[76.31785025889661,17.331269287977953],[76.31375815186094,17.345217692435604],[76.34444895462848,17.35188866848057],[76.35321775541921,17.31246926457851],[76.38273938474798,17.313682169313957],[76.39384653241623,17.33824349020678],[76.41167642735738,17.349766085193536],[76.40904578712016,17.37129514424774],[76.362863436289,17.377056441741118],[76.37397058395726,17.436185547594206],[76.33451098039899,17.434062964307174],[76.33158804680208,17.470450106370613],[76.35087940854167,17.473785594393096],[76.37601663747509,17.4953146534473],[76.34678730150601,17.493192070160262],[76.3470795948657,17.51320499829516],[76.36724783668437,17.51835984342081],[76.36169426285024,17.53806954537184],[76.3406491409525,17.54413406904908],[76.33246492688116,17.59659219885721],[76.41664541447211,17.60599221055693],[76.42950632229852,17.646018066826713],[76.44382869692336,17.64359225735582],[76.45318208443348,17.65723743562961],[76.49030334111421,17.662392280755263],[76.48562664735915,17.67118584008726],[76.4873804075173,17.715153636747253],[76.52479395755773,17.716972993850426],[76.52479395755773,17.76033433814269],[76.56103833415939,17.76488273090062],[76.56600732127414,17.75517949301704],[76.5706840150292,17.70545039886367],[76.58851390997035,17.709695565437734],[76.60020564435797,17.72970849357263],[76.6054669248324,17.75760530248793],[76.61598948578128,17.770037576026276],[76.6282658068883,17.75760530248793],[76.63206562056428,17.730618172124213],[76.65223386238294,17.722431065159938],[76.66480247684964,17.689682637302845],[76.68993970578306,17.68028262560312],[76.69403181281874,17.706966529782978],[76.70250832024976,17.709089113070014],[76.69987768001255,17.727889136469457],[76.72939930934132,17.73880527908849],[76.71975362847152,17.74972142170752],[76.72267656206844,17.76943112365855],[76.7144923479971,17.773069837864895],[76.72647637574441,17.786715016138686],[76.74109104372896,17.780953718645307],[76.76447451250422,17.78883759942572],[76.77821230040969,17.801269872964063],[76.78990403479733,17.828257003327778],[76.76739744610114,17.85251509803674],[76.73904499021113,17.85857962171398],[76.74226021716773,17.89951515653535],[76.76768973946082,17.900121608903078],[76.77645854025155,17.878592549848875],[76.80481099614157,17.870102216700737],[76.810072276616,17.884657073526114],[76.83491721218972,17.88435384734225],[76.83374803875095,17.892237728122662],[76.85596233408747,17.89951515653535],[76.88314561653871,17.89466353759356],[76.9024369782783,17.91649582283162],[76.91851311306131,17.916799049015488],[76.91529788610471,17.93893456043741],[76.9217283400179,17.98714752367147],[76.91997457985975,18.034754034537805],[76.95417290294358,18.039302427295738],[76.95183455606606,18.08387667632345],[76.97054133108628,18.09873475933269],[76.95563436974204,18.111773485238757],[76.93429695448461,18.112379937606477],[76.92435898025512,18.1217799493062],[76.93400466112492,18.13815416323475],[76.93546612792338,18.159379996105088],[76.94598868887225,18.15604450808261],[76.95621895646143,18.18636712646881],[76.99363250650185,18.188186483571982],[77.00006296041505,18.16847678162095],[77.02636936278722,18.16423161504688],[77.0240310159097,18.179696150423844],[77.03513816357795,18.18515422173336],[77.05179888508033,18.17484453148205],[77.05998309915168,18.153921924795576],[77.08862784840137,18.15179934150854],[77.09915040935024,18.15968322228895],[77.11142673045727,18.154225150979435],[77.11902635780922,18.169083233988673],[77.09798123591149,18.196676816720114],[77.12370305156428,18.20819941170687],[77.1421175332248,18.2088058640746],[77.15264009417368,18.218205875774316],[77.15030174729614,18.2391284824608],[77.16842393559698,18.257322053492516],[77.17310062935204,18.282489826753064],[77.19443804460947,18.2758188507081],[77.209052712594,18.279457564914445],[77.19823785828544,18.314328576058575],[77.21285252626998,18.31523825461016],[77.23009783449174,18.346470551547945],[77.23360535480803,18.36708993205056],[77.24792772943289,18.371941550992354],[77.23565140832588,18.387406086369317],[77.24295874231814,18.410148050158966],[77.31632437560054,18.44077389472903],[77.32860069670757,18.456541656289854],[77.34496912485025,18.43167710921317],[77.35724544595726,18.450173906428752],[77.37273699402088,18.449264227877165],[77.36747571354644,18.43137388302931],[77.37273699402088,18.402264169378554],[77.40372009014811,18.399231907539935],[77.41102742414039,18.38012865795663],[77.39495128935738,18.367393158234425],[77.39612046279615,18.34222538497388],[77.35841461939603,18.32008987355195],[77.3657219533883,18.309780183300646],[77.41102742414039,18.301289850152507],[77.43967217339008,18.308264052381332],[77.44025676010946,18.28370273148851],[77.44844097418081,18.271876910317893],[77.46890150935917,18.261870446250448],[77.49579249845073,18.267631743743827],[77.51596074026939,18.28370273148851],[77.51303780667249,18.308567278565196],[77.52326807426167,18.30917373093292],[77.55337429030982,18.293102743188236]],[[77.30083282753694,18.476857810608607],[77.29381778690436,18.458361013393027],[77.26838826461125,18.45290294208351],[77.27481871852444,18.474735227321574],[77.30083282753694,18.476857810608607]],[[76.43126008245666,11.66639772106797],[76.44265952348461,11.64850737622011],[76.42921402893883,11.632133162291563],[76.38800066522242,11.629404126636803],[76.3786472777123,11.600294412986052],[76.34327978118972,11.585133103792952],[76.33626474055714,11.59544279404426],[76.30148183075393,11.571791151703025],[76.29826660379733,11.587255687079985],[76.27839065533834,11.59968796061833],[76.23308518458627,11.5711846993353],[76.25033049280803,11.530855616881652],[76.24068481193822,11.525397545572137],[76.25237654632586,11.501139450863176],[76.2476998525708,11.466268439719045],[76.26552974751195,11.479913617992835],[76.28569798933061,11.481429748912145],[76.29680513699887,11.463236177880425],[76.30586623114928,11.465661987351321],[76.32895740656487,11.45171358289367],[76.34181831439126,11.465661987351321],[76.36958618356189,11.455049070916152],[76.39881551953098,11.435036142781259],[76.41869146798996,11.440494214090776],[76.41664541447211,11.421997416875193],[76.45698189810946,11.388642536650373],[76.51894809036392,11.368326382331617],[76.51573286340732,11.35498443024169],[76.54730054625392,11.358926370631895],[76.54993118649115,11.334365049739073],[76.53940862554228,11.31708115725894],[76.54934659977177,11.299797264778805],[76.53093211811124,11.28857789597591],[76.5227479040399,11.269171420208743],[76.45522813795131,11.237635897087094],[76.44704392387996,11.201855207391377],[76.4616585918645,11.187300350566002],[76.47568867312967,11.19336487424324],[76.4748117930506,11.206100373965445],[76.51514827668794,11.209132635804064],[76.53063982475155,11.19761004081731],[76.58734473653158,11.204281016862273],[76.61160508538592,11.203068112126825],[76.63265020728366,11.19336487424324],[76.70689272064513,11.239152028006405],[76.7364143499739,11.21428748092972],[76.73115306949947,11.192151969507794],[76.71653840151492,11.187300350566002],[76.69607786633657,11.165468065327936],[76.70660042728544,11.14030029206739],[76.71975362847152,11.148184172847802],[76.73232224293824,11.130293827999944],[76.74518315076463,11.133022863654702],[76.75073672459875,11.117861554461602],[76.74430627068556,11.101184114349191],[76.75687488515227,11.078745376743402],[76.74489085740494,11.071771174514577],[76.74752149764215,11.055396960586028],[76.76155157890732,11.054487282034444],[76.77762771369032,11.040235651392928],[76.8004265957462,11.057519543873063],[76.79253467503455,11.036900163370447],[76.76739744610114,11.032351770612516],[76.72238426870875,11.040235651392928],[76.70075456009162,11.02537756838369],[76.68993970578306,11.00718399735197],[76.68818594562492,10.98747429540094],[76.67064834404347,10.96806781963377],[76.6630487166915,10.927738737180125],[76.685263012028,10.914093558906334],[76.7109848276808,10.908635487596818],[76.74342939060648,10.888925785645789],[76.78376587424383,10.889532238013512],[76.79224238167485,10.881951583416962],[76.82848675827653,10.869822536062482],[76.85654692080685,10.83464829873449],[76.8515779336921,10.815848275335044],[76.87145388215107,10.80796439455463],[76.89980633804109,10.80796439455463],[76.90915972555119,10.779157907087741],[76.90477532515584,10.758538526585125],[76.886653136855,10.714873956108995],[76.86677718839603,10.68060939733259],[76.88197644309994,10.672422290368315],[76.88431478997748,10.637551279224185],[76.8165027305292,10.634519017385564],[76.82030254420518,10.602377041896192],[76.84163995946261,10.593280256380332],[76.83637867898818,10.545673745513998],[76.84397830634013,10.537183412365861],[76.83228657195251,10.498673687015387],[76.82965593171528,10.446518783391122],[76.8194256641261,10.422867141049885],[76.83491721218972,10.402247760547269],[76.82790217155714,10.394667105950719],[76.85187022705179,10.367679975587],[76.83988619930446,10.345544464165073],[76.83228657195251,10.303396024608254],[76.85245481377117,10.285505679760398],[76.87320764230923,10.298847631850325],[76.87496140246736,10.275195989509088],[76.89746799116357,10.26337016833847],[76.90506761851553,10.240931430732683],[76.92231292673729,10.23153141903296],[76.9407274083978,10.237899168894062],[76.97200279788473,10.226983026275029],[76.98398682563206,10.216976562207584],[76.99480167994062,10.22849915719434],[77.02929229638414,10.249421763880818],[77.05179888508033,10.256699192293507],[77.055890992116,10.270647596751159],[77.04712219132527,10.280654060818605],[77.10558086326344,10.31309926249184],[77.12779515859995,10.319467012352941],[77.17631585630863,10.355247702048658],[77.23594370168556,10.34948640455528],[77.2283440743336,10.314918619595012],[77.26458845093526,10.262763715970745],[77.25874258374145,10.25427338282261],[77.26049634389959,10.229712061929789],[77.2888487997896,10.229712061929789],[77.29469466698342,10.21637010983986],[77.27861853220043,10.188776527108416],[77.273357251726,10.164518432399458],[77.27423413180506,10.128131290336016],[77.26751138453217,10.120550635739466],[77.24471250247629,10.129040968887601],[77.20232996532111,10.10447964799478],[77.2093450059537,10.082647362756715],[77.25172754310887,10.04413763740624],[77.26341927749651,10.025034387822934],[77.25523506342516,10.011995661916869],[77.26458845093526,9.98197626971453],[77.2762801853229,9.97287948419867],[77.26458845093526,9.951653651328328],[77.24938919623135,9.951956877512192],[77.2315593012902,9.914660056897164],[77.21928298018318,9.903137461910408],[77.21402169970875,9.874937426811242],[77.23857434192279,9.85189223683773],[77.22892866105299,9.847647070263662],[77.22395967393824,9.8233889755547],[77.23389764816773,9.822176070819253],[77.24909690287166,9.79761474992643],[77.22483655401732,9.788821190594433],[77.22746719425453,9.76425986970161],[77.22337508721886,9.730601763292928],[77.20525289891802,9.724234013431825],[77.20700665907617,9.695124299781073],[77.19502263132884,9.669350074152803],[77.18099255006368,9.65691780061446],[77.17105457583419,9.61022096829971],[77.1900536442141,9.605975801725643],[77.20145308524204,9.614769361057641],[77.23857434192279,9.581717707016683],[77.24558938255537,9.584749968855302],[77.27686477204229,9.575653183339442],[77.30229429433538,9.596272563842058],[77.3306467502254,9.59778869476137],[77.32655464318972,9.579595123729648],[77.34087701781458,9.572317695316961],[77.35695315259757,9.604156444622472],[77.36133755299294,9.576562861891029],[77.35198416548283,9.56594994545586],[77.3627990197914,9.557762838491584],[77.36689112682706,9.535627327069658],[77.38705936864574,9.518040208405662],[77.40313550342873,9.525924089186073],[77.41278118429852,9.50591116105118],[77.40050486319151,9.488324042387184],[77.39524358271707,9.460124007288018],[77.37682910105656,9.45284657887533],[77.36806030026582,9.45891110255257],[77.35081499204406,9.440111079153127],[77.33824637757736,9.414640079708718],[77.34409224477118,9.40311748472196],[77.33649261741921,9.385227139874104],[77.33736949749829,9.360059366613557],[77.32801610998818,9.337014176640045],[77.30083282753694,9.33640772427232],[77.30346346777415,9.317001248505152],[77.28358751931518,9.299717356025017],[77.29089485330745,9.272123773293576],[77.28446439939424,9.271214094741989],[77.2762801853229,9.233310821759238],[77.28358751931518,9.217846286382276],[77.25348130326702,9.187826894179938],[77.26546533101434,9.184491406157456],[77.26897285133063,9.151742978300359],[77.24968148959104,9.126575205039813],[77.2286363676933,9.115052610053056],[77.20671436571648,9.08382031311527],[77.20992959267308,9.073510622863962],[77.19911473836451,9.045007361580932],[77.1707622824745,9.045007361580932],[77.16403953520161,9.029846052387832],[77.14913257385739,9.020142814504249],[77.15147092073491,9.00831699333363],[77.17573126958925,8.986484708095567],[77.180700256704,8.970716946534742],[77.19765327156607,8.955555637341641],[77.19677639148699,8.92947818552951],[77.20232996532111,8.918562042910477],[77.21139105947154,8.930387864081094],[77.22512884737701,8.922503983300683],[77.22395967393824,8.901581376614205],[77.24178956887938,8.893697495833791],[77.24500479583598,8.880355543743864],[77.25757341030268,8.87671682953752],[77.26517303765465,8.84032968747408],[77.23535911496619,8.805458676329948],[77.23272847472896,8.784232843459609],[77.21636004658627,8.777865093598507],[77.21577545986689,8.766039272427887],[77.20116079188236,8.76937476045037],[77.19473033796916,8.743297308638237],[77.17339292271173,8.745723118109133],[77.18508465709935,8.716006952090657],[77.19736097820638,8.707819845126384],[77.20876041923431,8.679619810027216],[77.20554519227771,8.670523024511356],[77.21694463330566,8.649297191641017],[77.24675855599412,8.62109715654185],[77.24705084935381,8.606239073532612],[77.27043431812908,8.579251943168893],[77.28417210603456,8.545897062944071],[77.26663450445311,8.509813147064493],[77.24149727551969,8.496471194974566],[77.2254211407367,8.512542182719251],[77.20525289891802,8.50162604010022],[77.2286363676933,8.44583242226961],[77.20788353915525,8.442800160430991],[77.19882244500482,8.41702593480272],[77.16842393559698,8.383367828394038],[77.15380926761243,8.386400090232657],[77.16228577504347,8.370025876304108],[77.1549784410512,8.353348436191698],[77.17134686919388,8.362748447891422],[77.17017769575513,8.343341972124254],[77.17894649654585,8.325148401092532],[77.14124065314573,8.33060647240205],[77.12019553124799,8.319387103599155],[77.12399534492397,8.309380639531708],[77.10850379686036,8.304832246773778],[77.10002728942932,8.29149029468385]],[[77.10002728942932,8.29149029468385],[77.0561832854757,8.324541948724809],[77.01993890887402,8.356987150398043],[77.00649341432825,8.360322638420525],[76.99947837369567,8.377606530900659],[76.99041727954526,8.375483947613626],[76.97404885140256,8.390645256806726],[76.97112591780565,8.412780768228652],[76.93721988808151,8.447651779372782],[76.86268508136035,8.538316408347523],[76.85596233408747,8.550748681885864],[76.80539558286094,8.615639085232333],[76.77295101993526,8.65141977492805],[76.71946133511183,8.719948892480863],[76.67970943819388,8.774832831759886],[76.67181751748222,8.790297367136848],[76.65544908933954,8.80272964067519],[76.61482031234252,8.856097449034904],[76.57857593574084,8.88429748413407],[76.5546078802462,8.889755555443585],[76.53590110522599,8.944033042354885],[76.52362478411897,8.995884719795288],[76.50725635597628,9.040762195006865],[76.48241142040256,9.092613872447268],[76.4651661121808,9.119297776627125],[76.4107995472783,9.244530190562132],[76.38361626482705,9.315485117585842],[76.3631557296487,9.351265807281559],[76.33655703391683,9.424646543776163],[76.31989631241444,9.49833050645463],[76.30586623114928,9.59657579002592],[76.29738972371825,9.625685503676673],[76.29008238972598,9.672382335991422],[76.28482110925155,9.752737274714853],[76.27780606861897,9.807317987810015],[76.25851470687937,9.902227783358821],[76.24126939865761,9.953776234615363],[76.24331545217545,9.969240769992325],[76.22051657011956,10.001989197849422],[76.20239438181872,10.048989256348033],[76.17959549976284,10.143292599529117],[76.16878064545428,10.168763598973525],[76.16673459193645,10.189382979476141],[76.1550428575488,10.199389443543588],[76.13984360284489,10.232744323768408],[76.12084453446498,10.315221845778874],[76.09892253248817,10.38253805859624],[76.07349301019507,10.435299414588227],[76.06238586252681,10.465015580606703],[76.04309450078722,10.494428520441318],[76.05917063557021,10.48108656835139],[76.04455596758567,10.50686079397966],[76.04163303398876,10.524751138827519],[76.05507852853454,10.526873722114553],[76.06881631644,10.509589829634418],[76.06560108948341,10.53536405526269],[76.04864807462134,10.549009233536479],[76.04777119454226,10.5672028045682],[76.03783322031278,10.561441507074822],[76.04747890118257,10.532331793424069],[76.03549487343525,10.528389853033863],[76.03286423319804,10.50686079397966],[76.01064993786153,10.572054423509993],[75.99077398940256,10.60783511320571],[75.9609600667141,10.67757713549397],[75.93523825106129,10.729125586750511],[75.92471569011242,10.76520950263009],[75.90425515493406,10.796441799567877],[75.88642525999292,10.890138690381235],[75.86771848497271,10.972919438575563],[75.86684160489364,10.993235592894317],[75.85222693690909,11.053577603482857],[75.82942805485321,11.124229304322704],[75.8101366931136,11.154248696525041],[75.82387448101908,11.159100315466834],[75.81481338686866,11.172139041372901],[75.7978603720066,11.179113243601726],[75.77447690323133,11.250371396809298],[75.75781618172896,11.294339193469288],[75.73940170006843,11.327997299877971],[75.73969399342812,11.357107013528724],[75.72858684575986,11.368326382331617],[75.70081897658923,11.421997416875193],[75.67655862773489,11.45019745197436],[75.64616011832705,11.463236177880425],[75.6315454503425,11.463236177880425],[75.62131518275332,11.476274903786493],[75.60436216789125,11.532674973984825],[75.58565539287105,11.573610508806196],[75.57367136512372,11.612726686524393],[75.54707266939185,11.676100958951555],[75.53684240180267,11.692778399063965]],[[75.53684240180267,11.692778399063965],[75.54414973579495,11.703391315499134],[75.52924277445071,11.705210672602306]],[[75.52924277445071,11.705210672602306],[75.50848994591266,11.730984898230577],[75.48130666346141,11.751604278733193],[75.47370703610945,11.768584945029465],[75.46143071500244,11.774346242522842],[75.42810927199767,11.80709467037994],[75.41027937705653,11.834688253111382],[75.38426526804405,11.86015925255579],[75.36848142662075,11.851972145591517],[75.33662145041444,11.89017864475813],[75.32083760899113,11.898972204090128],[75.3217144890702,11.910494799076883],[75.30885358124381,11.94021096509536],[75.32288366250897,11.940817417463084],[75.34246731760825,11.92656578682157],[75.34977465160053,11.933236762866535],[75.32376054258805,11.952643238633701],[75.3184992621136,11.973262619136317],[75.30388459412906,11.971140035849285],[75.29102368630267,11.990849737800314],[75.28897763278484,11.97963036899742],[75.30125395389184,11.955675500472323],[75.29599267341742,11.952643238633701],[75.27582443159874,11.972959392952458],[75.2515640827444,12.013288475406103],[75.23022666748697,12.022385260921965],[75.20742778543108,12.001765880419347],[75.12938545839363,12.187340304942895],[75.09051044155474,12.288921076536667],[75.041112863767,12.390501848130437],[75.01392958131574,12.425979311642292],[74.99434592621645,12.467521298831388],[74.99054611254047,12.491779393540348],[74.98353107190789,12.485411643679246],[74.89642765072003,12.694031258176306],[74.86310620771526,12.75831520915505]],[[75.55350312330505,11.718249398508373],[75.55525688346319,11.717642946140648]],[[75.55525688346319,11.717642946140648],[75.54502661587401,11.734017160069197],[75.54619578931278,11.757668802410432],[75.53304258812669,11.75281718346864]],[[75.53304258812669,11.75281718346864],[75.53684240180267,11.747359112159124]],[[75.53684240180267,11.747359112159124],[75.53801157524143,11.733410707701474],[75.52778130765225,11.722191338898579],[75.54064221547866,11.714004231934304],[75.55350312330505,11.718249398508373]],[[74.10138971236091,11.204281016862273],[74.08560587093761,11.202764885942962],[74.05228442793285,11.213074576194272],[74.01604005133119,11.237332670903232],[73.99733327631097,11.254010111015642],[73.9678116469822,11.297977907675634],[73.96371953994652,11.328603752245694],[73.97833420793107,11.347707001829],[74.00025620990789,11.352255394586932],[74.04819232089719,11.331939240268177],[74.0829752307004,11.305558562272182],[74.11015851315165,11.271597229679639],[74.12068107410052,11.249764944441573],[74.11892731394236,11.218532647503787],[74.10138971236091,11.204281016862273]],[[71.84488497554757,11.835597931662967],[71.84020828179253,11.821346301021453],[71.81477875949942,11.831352765088901],[71.78204190321404,11.835294705479107],[71.76041219459692,11.874714109381166],[71.75018192700774,11.931417405763362],[71.73176744534722,11.956585179023907],[71.76070448795662,11.991456190168039],[71.78087272977528,12.004798142257968],[71.79490281104044,11.986604571226247],[71.80834830558622,11.939907738911497],[71.82997801420333,11.895030263699923],[71.8405005751522,11.842875360075656],[71.84488497554757,11.835597931662967]],[[72.26491053342332,10.011389209549144],[72.24065018456898,10.0077504953428],[72.23480431737516,10.022002125984315],[72.24211165136744,10.05141506581893],[72.26929493381868,10.0771892914472],[72.27630997445127,10.092957053008023],[72.313431231132,10.121460314291053],[72.3227846186421,10.136924849668015],[72.33418405967005,10.130860325990774],[72.3423682737414,10.099324802869125],[72.32044627176458,10.052627970554376],[72.30115491002499,10.029886006764727],[72.26491053342332,10.011389209549144]],[[72.17868399231452,11.491436212979593],[72.14857777626636,11.501139450863176],[72.13863980203688,11.523881414652827],[72.13717833523842,11.552384675935855],[72.16494620440905,11.600294412986052],[72.1731304184804,11.606662162847154],[72.19505242045722,11.59089440128633],[72.19008343334247,11.551778223568132],[72.19709847397505,11.499320093760005],[72.17868399231452,11.491436212979593]],[[72.09567267816232,11.192455195691654],[72.08485782385377,11.14636481574463],[72.07550443634365,11.129384149448358],[72.05942830156066,11.121803494851807],[72.04305987341797,11.12817124471291],[72.02669144527528,11.1569777321798],[72.00126192298218,11.191545517140069],[72.02815291207374,11.187300350566002],[72.06702792891262,11.192758421875517],[72.10298001215459,11.220048778423099],[72.09567267816232,11.192455195691654]],[[71.90100530060822,12.285282362330321],[71.89135961973842,12.288314624168942],[71.89135961973842,12.311663040326316],[71.88317540566707,12.335617908851415],[71.88112935214924,12.396263145623816],[71.89662090021285,12.403237347852642],[71.92643482290131,12.378069574592097],[71.92585023618194,12.345927599102723],[71.91269703499586,12.298927540604112],[71.90100530060822,12.285282362330321]],[[73.06257911201965,8.329090341482738],[73.08479340735614,8.328483889115015],[73.06842497921346,8.298464496912676],[73.06988644601192,8.282999961535713],[73.04562609715758,8.260257997746063],[73.0161044678288,8.265716069055578],[73.00762796039777,8.275419306939163],[73.01025860063498,8.302406437302881],[73.05264113779016,8.328787115298876],[73.06257911201965,8.329090341482738]],[[73.64599665796257,10.0532344229221],[73.62144401574855,10.075066708160165],[73.62027484230978,10.103266743259331],[73.66148820602619,10.15451196833201],[73.6641188462634,10.129344195071464],[73.6547654587533,10.11054417167202],[73.64599665796257,10.0532344229221]],[[72.64693795453925,10.57781572100337],[72.65161464829431,10.561744733258683],[72.61653944513141,10.539609221836757],[72.61537027169265,10.552647947742823],[72.63378475335317,10.579635078106541],[72.64693795453925,10.57781572100337]],[[73.66996471345723,10.81675795388663],[73.6997786361457,10.81645472770277],[73.70387074318137,10.811299882577114],[73.67756434080918,10.800383739958082],[73.66294967282465,10.801596644693529],[73.66996471345723,10.81675795388663]],[[72.1699151915238,10.808874073106217],[72.16845372472534,10.814028918231873],[72.1889142599037,10.849203155559865],[72.19505242045722,10.870428988430206],[72.20762103492392,10.873764476452688],[72.17722252551607,10.817061180070493],[72.1699151915238,10.808874073106217]],[[72.79133087422653,11.259164956141296],[72.77817767304045,11.213984254745856],[72.76327071169622,11.188816481485311],[72.7799314331986,11.241274611293438],[72.79133087422653,11.259164956141296]],[[73.00938172055591,11.46687489208677],[72.99739769280859,11.494468474818213],[73.01084318735437,11.487797498773247],[73.00938172055591,11.46687489208677]],[[72.71884212102321,11.69520420853486],[72.70715038663558,11.67882999460631],[72.6998430526433,11.687926780122172],[72.70802726671465,11.700359053660513],[72.71884212102321,11.69520420853486]],[[72.72176505462012,11.1114938046005],[72.71825753430383,11.12513898287429],[72.73053385541084,11.13575189930946],[72.73316449564805,11.124532530506567],[72.72176505462012,11.1114938046005]],[[72.2915092291552,10.945022629660258],[72.2915092291552,10.945022629660258]],[[72.32716901903747,10.948964570050464],[72.32716901903747,10.948964570050464]],[[72.53440501105828,10.779764359455466],[72.53440501105828,10.779764359455466]],[[72.33418405967005,10.951693605705223],[72.33418405967005,10.951693605705223]],[[72.33506093974913,10.95442264135998],[72.33506093974913,10.95442264135998]],[[72.33418405967005,10.951693605705223],[72.33418405967005,10.951693605705223]],[[80.48741503488655,25.056259548046402],[80.48741503488655,25.056259548046402]],[[81.97021924859823,23.85548385995286],[81.95852751421059,23.851238693378793]],[[80.66337563742044,21.331429105485526],[80.62450062058156,21.31990651049877],[80.59994797836752,21.325364581808287],[80.58854853733959,21.342042021920697],[80.56808800216123,21.34386137902387],[80.57101093575814,21.358416235849248],[80.54382765330689,21.36963560465214],[80.52629005172544,21.389951758970895],[80.49238402200129,21.397835639751307],[80.47484642041985,21.395713056464274],[80.45497047196086,21.4026872586931],[80.44970919148643,21.37418399741007],[80.41112646800724,21.376003354513244],[80.3965118000227,21.40117112777379],[80.40557289417312,21.42512599629889],[80.41814150863982,21.438467948388816],[80.40761894769095,21.465455078752534],[80.38248171875753,21.490926078196942],[80.3772204382831,21.520945470399283],[80.33103808745194,21.548539053130725],[80.33688395464577,21.554603576807963],[80.32694598041627,21.573403600207406],[80.30210104484256,21.57522295731058],[80.29479371085029,21.592203623606853],[80.28222509638357,21.598874599651815],[80.26702584167965,21.619797206338294],[80.22727394476169,21.61949398015443],[80.2111978099787,21.63313915842822],[80.19482938183602,21.634048836979808],[80.15040079116301,21.604635897145194],[80.12526356222959,21.6085778375354],[80.11649476143887,21.593113302158436],[80.10041862665587,21.58583587374575],[80.07002011724802,21.554300350624104],[80.0326065672076,21.556422933911136],[80.00308493787881,21.534893874856934],[79.99197779021057,21.536410005776244],[79.96800973471592,21.557635838646583],[79.9335191182724,21.553390672072517],[79.92211967724445,21.523977732237903],[79.89610556823197,21.523371279870176],[79.89230575455599,21.529132577363555],[79.86336871194659,21.530345482099],[79.83150873574029,21.546113243659825],[79.8244936951077,21.55854551719817],[79.79818729273553,21.5806810286201],[79.73885174071829,21.601906861490434],[79.72014496569807,21.59038426650368],[79.6999767238794,21.59038426650368],[79.69120792308868,21.580074576252372],[79.66431693399713,21.576739088229893],[79.65379437304826,21.556422933911136],[79.61491935620937,21.55521002917569],[79.582182499924,21.542474529453486],[79.56639865850069,21.547326148395275],[79.54272289636573,21.54338420800507],[79.54564582996264,21.564306814691548],[79.51670878735325,21.582197159539405],[79.50414017288654,21.61161009937402],[79.51846254751139,21.625558503831673],[79.5088168666416,21.63374561079595],[79.49449449201674,21.673165014698007],[79.46468056932828,21.68620374060407],[79.44685067438714,21.68104889547842],[79.41732904505835,21.689842454810417],[79.40066832355598,21.673468240881867],[79.29076602031222,21.692571490465177],[79.26358273786097,21.716223132806412],[79.2343534018919,21.722590882667514],[79.2404915624454,21.713797323335516],[79.22763065461899,21.699242466510142],[79.22383084094302,21.680139216926833],[79.2340611085322,21.670132752859388],[79.22236937414456,21.648906919989045],[79.15368043461721,21.659216610240357],[79.14666539398463,21.638294003553877],[79.13351219279855,21.626771408567123],[79.10486744354884,21.61767462305126],[79.10983643066359,21.60827461135154],[79.09376029588059,21.59796492110023],[79.08732984196739,21.60584880188064],[79.03647079738118,21.604332670961334],[79.01513338212375,21.600087504387265],[78.99993412741983,21.617371396867398],[78.98035047232054,21.61615849213195],[78.94585985587702,21.592506849790716],[78.91867657342577,21.590990718871403],[78.91809198670639,21.561881005220652],[78.90990777263505,21.553390672072517],[78.93007601445372,21.53731968432783],[78.92890684101495,21.52246160131859],[78.94176774884136,21.518216434744524],[78.93738334844599,21.48607445925515],[78.90113897184432,21.49941641134508],[78.89090870425514,21.484255102151977],[78.857002674531,21.49456479240329],[78.84940304717904,21.48880349490991],[78.78977520180212,21.487893816358323],[78.77749888069509,21.465758304936394],[78.76639173302684,21.488500268726046],[78.7517770650423,21.492442209116252],[78.74417743769034,21.471519602429773],[78.7292704763461,21.463029269281638],[78.68922628606846,21.480616387945634],[78.66408905713504,21.477584126107015],[78.64245934851792,21.48273897123267],[78.62609092037523,21.476067995187705],[78.61030707895193,21.486984137806736],[78.58984654377358,21.485468006887427],[78.56500160819985,21.51306158961887],[78.54220272614396,21.523068053686316],[78.50712752298107,21.52519063697335],[78.48842074796084,21.506087387390043],[78.4612374655096,21.50275189936756],[78.45656077175454,21.495777697138735],[78.43493106313741,21.5000228637128],[78.43697711665526,21.518216434744524],[78.42557767562731,21.54702292221141],[78.42703914242577,21.562184231404515],[78.41827034163504,21.576132635862166],[78.42733143578546,21.600087504387265],[78.40920924748463,21.60827461135154],[78.37647239119926,21.613126230293332],[78.38231825839307,21.593719754526163],[78.3656575368907,21.576435862046026],[78.34139718803635,21.58886813558437],[78.32356729309521,21.57370682639127],[78.30661427823314,21.570977790736514],[78.3045682247153,21.583410064274855],[78.27066219499116,21.592506849790716],[78.26013963404229,21.583410064274855],[78.27387742194776,21.568855207449477],[78.24318661918022,21.56370036232382],[78.22009544376465,21.551874541153204],[78.18531253396144,21.556726160094996],[78.17712831989009,21.551571314969344],[78.17566685309164,21.527009994076522],[78.18209730700484,21.512455137251145],[78.17391309293349,21.49668737569032],[78.0681028967254,21.436951817469506],[78.04764236154705,21.43331310326316],[78.02396659941209,21.418758246437783],[78.00379835759342,21.414513079863717],[77.98450699585382,21.40117112777379],[77.94533968565526,21.397229187383584],[77.94300133877772,21.385100140029103],[77.90295714850008,21.376609806880964],[77.86729735861779,21.38631304476455],[77.82199188786572,21.406932425267165],[77.8032851128455,21.41057113947351],[77.79743924565169,21.38873885423545],[77.75038001474145,21.382371104374343],[77.74219580067012,21.364783985710346],[77.70887435766535,21.357203331113798],[77.70799747758628,21.37570012832938],[77.69630574319865,21.378732390168],[77.69192134280328,21.394803377912687],[77.67087622090554,21.36963560465214],[77.66561494043111,21.38600981858069],[77.60277186809758,21.390558211338618],[77.6051102149751,21.36326785479104],[77.56594290477653,21.371454961755312],[77.56243538446024,21.396319508831997],[77.53057540825394,21.41906147262165],[77.52268348754228,21.387829175683862],[77.51391468675156,21.374790449777795],[77.4902389246166,21.37570012832938],[77.48497764414216,21.41360340131213],[77.47240902967546,21.434829234182473],[77.47270132303515,21.454842162317362],[77.44171822690792,21.47091315006205],[77.442595106987,21.487287363990596],[77.42418062532647,21.513971268170454],[77.42038081165049,21.530951934466728],[77.43528777299473,21.544293886556655],[77.46100958864751,21.554300350624104],[77.50777652619806,21.55248099352093],[77.53262146177177,21.53853258906328],[77.57061959853158,21.527616446444245],[77.59283389386809,21.52822289881197],[77.61066378880923,21.540655172350313],[77.59429536066654,21.559455195749756],[77.57763463916416,21.55521002917569],[77.57149647861065,21.61888752778671],[77.56214309110055,21.666494038653042],[77.5539588770292,21.674074693249594],[77.53700586216713,21.710461835313033],[77.52443724770043,21.71167474004848],[77.52151431410353,21.72471346595455],[77.50046919220578,21.746848977376473],[77.47942407030804,21.75533931052461],[77.48117783046618,21.767771584062956],[77.40459697022719,21.753823179605302],[77.34058472445489,21.758978024730958],[77.3245085896719,21.754429631973025],[77.28007999899889,21.757461893811644],[77.29001797322837,21.73411347765427],[77.28621815955239,21.721681204115928],[77.27043431812908,21.72653282305772],[77.26108093061897,21.713494097151653],[77.22746719425453,21.715313454254826],[77.22454426065762,21.69772633559083],[77.21051417939246,21.69166181191359],[77.1871307106172,21.7019715021649],[77.19093052429318,21.72016507319662],[77.1742698027908,21.72471346595455],[77.16783934887759,21.71440377570324],[77.15030174729614,21.712281192416206],[77.12399534492397,21.722894108851378],[77.09681206247272,21.717132811358],[77.0716748335393,21.71925539464503],[77.0623214460292,21.70682312110669],[77.03689192373609,21.698029561774693],[76.99977066705536,21.679229538375246],[76.91383641930625,21.612519777925606],[76.90360615171707,21.59826814728409],[76.854500867289,21.612519777925606],[76.8357940922688,21.590687492687543],[76.7975036621493,21.59493265926161],[76.78230440744537,21.56006164811748],[76.78990403479733,21.537622910511693],[76.7650590992236,21.520339018031557],[76.793996141833,21.487590590174463],[76.78610422112135,21.464242174017087],[76.74547544412432,21.440893757859712],[76.73407600309638,21.406629199083305],[76.67006375732409,21.367209795181246],[76.63031186040612,21.33749362916277],[76.62738892680922,21.32748716509532],[76.66275642333181,21.28018388041285],[76.6601257830946,21.245616095452583],[76.64434194167129,21.245616095452583],[76.63323479400304,21.226816072053136],[76.63323479400304,21.203164429711897],[76.6250505799317,21.190428929989693],[76.5607460407997,21.203770882079624],[76.53063982475155,21.187093441967214],[76.49234939463204,21.19558377511535],[76.47948848680565,21.173448263693423],[76.47831931336688,21.153132109374667],[76.4587356582676,21.136151443078397],[76.45376667115286,21.11280302692102],[76.43476760277295,21.10461591995675],[76.41284560079613,21.10522237232447],[76.41050725391861,21.092183646418405],[76.37747810427355,21.075202980122135],[76.36227884956962,21.07793201577689],[76.28248276237402,21.073383623018962],[76.26991414790731,21.09097074168296],[76.18456448687759,21.08793847984434],[76.16907293881397,21.083693313270267],[76.16907293881397,21.1034030152213],[76.13604378916891,21.124022395723916],[76.14042818956426,21.13797080018157],[76.12902874853633,21.15464824029398],[76.11441408055178,21.162532121074392],[76.12785957509756,21.17587407316432],[76.16731917865583,21.16859664475163],[76.17345733920934,21.186183763415627],[76.16644229857675,21.193461191828316],[76.1646885384186,21.221964453111344],[76.1459817633984,21.231061238627206],[76.14481258995963,21.240461250326923],[76.15971955130387,21.256835464255474],[76.1456894700387,21.285641951722365],[76.13545920244952,21.289280665928707],[76.1073990399192,21.35780978348152],[76.09921482584785,21.371758187939175],[76.05274018165701,21.350532355068836],[76.03491028671587,21.362964628607177],[75.98522041556843,21.374790449777795],[75.96885198742574,21.391771116074068],[75.91653147604107,21.3875259495],[75.88817902015107,21.397229187383584],[75.86274949785796,21.385100140029103],[75.83264328180981,21.380854973455037],[75.8010755989632,21.387829175683862],[75.75869306180802,21.38328078292593],[75.7437861004638,21.39086143752248],[75.70637255042335,21.38904208041931],[75.67275881405891,21.378125937800277],[75.62628416986807,21.379642068719587],[75.6186845425161,21.39116466370634],[75.59062437998578,21.38934530660317],[75.5803941123966,21.37751948543255],[75.54736496275154,21.370242057019865],[75.52368920061659,21.384796913845243],[75.46727658219625,21.392074342257928],[75.4304476188752,21.391771116074068],[75.40267974970457,21.381461425822756],[75.38309609460528,21.38328078292593],[75.3600049191897,21.400867901589926],[75.35240529183774,21.39116466370634],[75.31060734140195,21.392984020809514],[75.30037707381277,21.387222723316135],[75.30037707381277,21.412693722760544],[75.25244096282347,21.403900163428546],[75.23051896084667,21.414513079863717],[75.21824263973964,21.408751782370338],[75.18638266353334,21.42512599629889],[75.12792399159517,21.447261507720814],[75.1048328161796,21.467577662039567],[75.08787980131753,21.512151911067285],[75.05572753175153,21.56279068377224],[75.01568334147389,21.570371338368787],[75.01129894107852,21.579164897700785],[74.97943896487222,21.593719754526163],[74.95108650898221,21.5997842782034],[74.90928855854642,21.615248813580365],[74.900227464396,21.62768108711871],[74.86222932763619,21.631926253692775],[74.83387687174618,21.617371396867398],[74.82803100455236,21.60827461135154],[74.79909396194297,21.613429456477192],[74.78331012051966,21.609184289903126],[74.69708357941086,21.628590765670292],[74.6701925903193,21.646784336702012],[74.5842583425702,21.664977907733736],[74.58221228905236,21.68074566929456],[74.55765964683833,21.686810192971798],[74.55736735347864,21.7019715021649],[74.54596791245069,21.718042489909585],[74.51790774992037,21.716526358990272],[74.50767748233119,21.72471346595455],[74.51323105616532,21.766255453143643],[74.49978556161955,21.79597161916212],[74.50855436241027,21.819320035319492],[74.51440022960408,21.884210438665963],[74.52433820383357,21.906649176271753],[74.51147729600717,21.920597580729407],[74.51235417608625,21.931816949532298],[74.49013988074974,21.952436330034914],[74.44512670335735,21.969113770147324],[74.43285038225034,22.00034606708511],[74.45038798383179,22.004288007475317],[74.44278835647982,22.024604161794073],[74.43226579553095,22.029152554552002],[74.38491427126104,22.018236411932968],[74.37088418999588,21.994887995775596],[74.34370090754463,21.973662162905256],[74.29810314343285,21.965778282124845],[74.28962663600183,21.93697179465795],[74.27998095513202,21.933029854267744],[74.19843110777828,21.923629842568026],[74.17972433275807,21.929694366245265],[74.17007865188826,21.941823413599742],[74.14172619599826,21.952436330034914]],[[74.32031743876937,23.06042480586668],[74.35276200169504,23.07346353177275],[74.35890016224856,23.088018388598126],[74.38900637829671,23.10954744765233],[74.4310966220922,23.103179697791226],[74.44337294319921,23.090444198069022],[74.46529494517603,23.08286354347247],[74.51030812256842,23.086502257678816],[74.53369159134368,23.098934531217157],[74.545675619091,23.11591519751343],[74.54392185893286,23.129560375787218],[74.61261079846021,23.145631363531905],[74.62430253284785,23.160489446541145],[74.65323957545723,23.17928946994059],[74.66785424344178,23.198695945707758],[74.71432888763262,23.192024969662793],[74.74443510368079,23.209308862142926],[74.74472739704048,23.229928242645542],[74.71783640794891,23.216586290555615],[74.69416064581395,23.225986302255336],[74.7210516349055,23.23993470671299],[74.70205256652561,23.259037956296297],[74.70000651300778,23.269347646547605],[74.67194635047746,23.27207668220236],[74.65090122857971,23.25812827774471],[74.63073298676105,23.260857313399466],[74.61377997189898,23.28208314626981],[74.58513522264927,23.281779920085945],[74.56584386090967,23.29603155072746],[74.54713708588946,23.28420572955684],[74.53223012454522,23.32059287162028],[74.51878462999944,23.32908320476842],[74.54129121869565,23.336057406997245],[74.54421415229255,23.36122518025779],[74.55882882027709,23.361831632625517],[74.57110514138411,23.38063165602496],[74.57256660818257,23.42005105992702],[74.59711925039659,23.427025262155848],[74.61231850510052,23.458560785277495],[74.6579162692123,23.46401885658701],[74.66843883016116,23.480999522883284],[74.70994448723727,23.502831808121346],[74.73274336929315,23.497676962995694],[74.74151217008387,23.516780212579],[74.76314187870099,23.521935057704653],[74.77337214629017,23.540431854920236],[74.79558644162668,23.543464116758855],[74.80230918889957,23.531031843220514],[74.85112217996794,23.55438025937789],[74.86895207490909,23.571967378041887],[74.88561279641146,23.603502901163534],[74.90578103823013,23.61987711509208],[74.93939477459458,23.62715454350477],[74.92390322653097,23.665361042671382],[74.90958085190611,23.67385137581952],[74.92302634645189,23.69356107777055],[74.9227340530922,23.710844970250683],[74.94056394803334,23.731767576937163],[74.93179514724261,23.755115993094538],[74.93997936131396,23.762696647691087],[74.92770304020694,23.79514184936432],[74.9101654386255,23.79787088501908],[74.91571901245962,23.842445134046795],[74.90519645151075,23.864883871652584],[74.92156487965343,23.93250331065381],[74.9417331214721,23.957367857730492],[74.96365512344892,23.97040658363656],[74.97271621759933,24.000425975838898],[74.98820776566295,24.01103889227407],[74.99346904613738,24.026503427651033],[74.98177731174975,24.037722796453924],[74.97973125823191,24.06865186720785],[74.96570117696675,24.079568009826883],[74.95985530977293,24.106858366374464],[74.93647184099767,24.12050354464825],[74.93705642771705,24.13566485384135],[74.92507239996972,24.142032603702454],[74.92799533356663,24.153858424873075],[74.90081205111538,24.17114231735321],[74.88064380929671,24.213290756910027],[74.90782709174796,24.237548851618985],[74.89467389056188,24.258471458305465],[74.87012124834784,24.27757470788877],[74.85375282020516,24.2669617914536],[74.81546239008566,24.27393599368243],[74.79061745451193,24.268781148556773],[74.76664939901728,24.270297279476083]],[[74.76664939901728,24.270297279476083],[74.75495766462966,24.27605857696946]],[[74.75495766462966,24.27605857696946],[74.75758830486687,24.293342469449595],[74.78389470723904,24.31365862376835],[74.78506388067781,24.364297396473305],[74.80289377561895,24.384310324608197],[74.81283174984844,24.406142609846263],[74.82569265767484,24.405232931294677],[74.82773871119267,24.420394240487777],[74.85901410067959,24.452232989793288],[74.85872180731991,24.464058810963905],[74.81896991040195,24.45890396583825],[74.82540036431514,24.476187858318387],[74.81517009672596,24.48922658422445],[74.79237121467008,24.490136262776037],[74.77951030684368,24.480433024892452],[74.75115785095367,24.48892335804059],[74.73128190249469,24.50711692907231],[74.71228283411479,24.508026607623897],[74.72923584897686,24.531678249965132],[74.74823491735677,24.533194380884442],[74.75758830486687,24.560484737432024],[74.74852721071645,24.593839617656844],[74.79090974787162,24.607788022114494],[74.78418700059873,24.633562247742766],[74.79587873498637,24.651452592590623],[74.81809303032287,24.668433258886896],[74.81429321664689,24.682988115712273],[74.77687966660646,24.682988115712273],[74.79061745451193,24.723620424349782],[74.78097177364214,24.73969141209447],[74.80406294905771,24.751820459448947],[74.80026313538173,24.792452768086456],[74.8107856963306,24.793362446638042],[74.81955449712133,24.762130149700255],[74.84995300652918,24.705426853318063],[74.86807519483001,24.68723328228634],[74.87450564874321,24.666310675599863],[74.8937970104828,24.65205904495835],[74.89818141087817,24.662368735209657],[74.92098029293405,24.65509130679697],[74.94407146834963,24.657213890084],[74.95313256250004,24.666917127967587],[74.96540888360707,24.697239746353787],[75.00136096684903,24.7051236271342],[74.99200757933893,24.730291400394744],[74.99493051293584,24.74939464997805],[75.0218215020274,24.74939464997805],[75.02299067546616,24.769407578112943],[75.01451416803512,24.790330184799423],[74.99989950005059,24.79427212518963],[74.97183933752027,24.787601149144663],[74.93062597380386,24.792149541902596],[74.91133461206425,24.784872113489907],[74.90636562494952,24.79427212518963],[74.88590508977116,24.79912374413142],[74.87918234249827,24.810039886750452],[74.85989098075866,24.809736660566593],[74.85901410067959,24.79154308953487],[74.84995300652918,24.789420506247836],[74.83855356550123,24.80518826780866],[74.85872180731991,24.81458827950838],[74.85726034052145,24.850065743020238],[74.82832329791205,24.8958528967834],[74.82540036431514,24.93678843160477],[74.83416916510588,24.964382014336213],[74.85462970028424,24.97135621656504],[74.86339850107495,24.962562657233043],[74.8686597815494,24.933756169766152],[74.88064380929671,24.94558199093677],[74.91454983902085,24.924962610434154],[74.90841167846735,24.90373677756381],[74.93091826716355,24.884633527980505],[74.95020962890314,24.89130450402547],[74.94640981522716,24.87462706391306],[75.01422187467543,24.870685123522854],[75.03585158329255,24.85522058814589],[75.04491267744297,24.855827040513617],[75.08349540092216,24.88554320653209],[75.0919719083532,24.87614319483237],[75.1206166576029,24.88554320653209],[75.1174014306463,24.95771103829125],[75.12178583104166,24.972265895116625],[75.16650671507436,24.98803365667745],[75.17059882211004,25.009562715731654],[75.15686103420457,25.025330477292478],[75.16124543459993,25.042007917404888],[75.17586010258447,25.05019502436916],[75.20275109167603,25.030788548601993],[75.20772007879077,25.038672429382405],[75.2293497874079,25.0347304889922],[75.31294568827948,25.042311143588748],[75.35211299847805,25.03776275083082],[75.3541590519959,25.021388536902272],[75.33194475665938,25.01380788230572],[75.32142219571051,25.002588513502825],[75.32872952970278,24.972265895116625],[75.33983667737104,24.95922716921056],[75.31440715507793,24.896156122967263],[75.30242312733061,24.943156181465874],[75.2927774464608,24.948311026591526],[75.28751616598637,24.97287234748435],[75.26851709760648,24.958317490658974],[75.29014680622359,24.922536800963258],[75.2737783780809,24.914046467815123],[75.26179435033359,24.896156122967263],[75.26354811049173,24.885846432715955],[75.31353027499887,24.86583350458106],[75.3281449429834,24.883117397061195],[75.37432729381456,24.874020611545337],[75.40998708369685,24.887969016002987],[75.42664780519922,24.888878694554574],[75.41934047120695,24.860072207087683],[75.34626713128424,24.82914313633376],[75.33252934337877,24.827930231598312],[75.31499174179731,24.809736660566593],[75.3027154206903,24.811556017669762],[75.28605469918791,24.846427028813892],[75.27319379136152,24.852794778674994],[75.2293497874079,24.855523814329754],[75.25010261594595,24.87735609956782],[75.24337986867306,24.898885158622022],[75.22554997373192,24.886452885083678],[75.22350392021409,24.899188384805882],[75.21035071902799,24.90646581321857],[75.2033356783954,24.8806915875903],[75.22964208076759,24.844001219343],[75.25185637610409,24.83702701711417],[75.24864114914749,24.818226993714728],[75.21941181317841,24.816710862795418],[75.20830466551016,24.80640117254411],[75.20450485183417,24.785175339673767],[75.194274584245,24.785175339673767],[75.18725954361241,24.76455595917115],[75.19748981120159,24.75636885220688],[75.21882722645903,24.71876880540799],[75.23022666748697,24.731504305130194],[75.25127178938472,24.725439781452952],[75.26910168432585,24.729078495659298],[75.3062229410066,24.716949448304817],[75.35298987855712,24.713310734098474],[75.36585078638352,24.705730079501922],[75.45412338101016,24.689355865573376],[75.48569106385676,24.69360103214744],[75.53742698852204,24.71603976975323],[75.5546722967438,24.70967201989213],[75.58448621943228,24.71876880540799],[75.6157616089192,24.684504246631583],[75.66194395975035,24.69754297253765],[75.6826967882884,24.723620424349782],[75.74466298054286,24.75636885220688],[75.78909157121586,24.761220471148672],[75.80838293295547,24.75212368563281],[75.84170437596022,24.725743007636815],[75.84491960291682,24.713310734098474],[75.83118181501135,24.664188092312827],[75.84696565643466,24.665097770864413],[75.8516423501897,24.649026783119727],[75.8457964829959,24.62203965275601],[75.83088952165166,24.609304153033804],[75.85544216386569,24.61021383158539],[75.87707187248282,24.602936403172702],[75.887302140072,24.577465403728294],[75.92033128971705,24.567155713476986],[75.90980872876818,24.54623310679051],[75.92793091706902,24.53410405943603],[75.91214707564572,24.510755643278653],[75.89548635414334,24.51742661932362],[75.89373259398519,24.505297571969137],[75.90834726196974,24.50105240539507],[75.91477771588293,24.488316905672864],[75.91185478228603,24.451929763609424],[75.9060089150922,24.44192329954198],[75.86391867129673,24.419181335752327],[75.83147410837104,24.418574883384604],[75.81218274663145,24.437071680600187],[75.81773632046557,24.461026549125286],[75.79376826497092,24.47103301319273],[75.78616863761896,24.447684597035355],[75.77886130362668,24.44980718032239],[75.75898535516771,24.42372972851026],[75.75781618172896,24.405232931294677],[75.72917143247925,24.40129099090447],[75.73209436607615,24.385523229343647],[75.74086316686687,24.391284526837023],[75.7402785801475,24.343981242154552],[75.76746186259875,24.306684421539526],[75.79990642552443,24.31032313574587],[75.81539797358805,24.296677957472077],[75.81481338686866,24.25665210120229],[75.82884346813383,24.238458530170572],[75.8101366931136,24.236639173067402],[75.80750605287639,24.225723030448368],[75.77564607667009,24.21692947111637],[75.76600039580029,24.185697174178586],[75.74553986062193,24.13566485384135],[75.778569010267,24.13505840147363],[75.79172221145309,24.105948687822877],[75.80458311927949,24.114439020971012],[75.81452109350897,24.098974485594052],[75.83819685564393,24.107464818742187],[75.83176640173073,24.068045414840125],[75.7817842372236,24.05803895077268],[75.78236882394297,24.032264725144408],[75.76395434228246,23.994058225977795],[75.73969399342812,23.99132919032304],[75.73501729967306,23.97495497639449],[75.70023438986985,23.96616141706249],[75.69731145627294,23.981929178623318],[75.68532742852562,23.99436145216166],[75.68766577540315,24.01407115411269],[75.67100505390077,24.029838915673512],[75.64323718473014,24.01467760648041],[75.63651443745725,23.996180809264832],[75.59910088741682,23.994967904529382],[75.58536309951135,23.98829692848442],[75.56987155144773,23.997393714000278],[75.57337907176402,24.01376792792883],[75.53362717484607,24.02771633238648],[75.51579727990493,24.045000224866612],[75.49329069120873,24.00072920202276],[75.46610740875748,23.977077559681526],[75.45792319468615,23.917038775276847],[75.48861399745368,23.907335537393262],[75.50556701231575,23.888232287809956],[75.51813562678245,23.885200025971336],[75.56402568425392,23.854574181401276],[75.57776347215939,23.839716098392035],[75.5613950440167,23.833045122347073],[75.55993357721825,23.816367682234663],[75.58477851279197,23.81151606329287],[75.5839016327129,23.79665798028363],[75.61809995579672,23.80241927777701],[75.625407289789,23.796961206467493],[75.65346745231932,23.79817411120294],[75.66077478631159,23.785135385296876],[75.67772780117366,23.77846440925191],[75.685912015245,23.756935350197708],[75.70023438986985,23.788167647135495],[75.68854265548222,23.813941872763767],[75.7148490578544,23.812728968028317],[75.7239101520048,23.823038658279625],[75.71747969809161,23.84183868167907],[75.72946372583894,23.860638705078514],[75.7084186039412,23.864277419284857],[75.69994209651016,23.87337420480072],[75.70403420354583,23.900361335164437],[75.73004831255832,23.898238751877404],[75.76103140868555,23.877619371374788],[75.76336975556308,23.853058050481962],[75.7817842372236,23.85093546719493],[75.79610661184844,23.8703419429621],[75.81598256030743,23.8703419429621],[75.83235098845012,23.880954859397267],[75.86567243145487,23.89156777583244],[75.8805793927991,23.880651633213407],[75.92354651667365,23.900361335164437],[75.93406907762252,23.89793552569354],[75.95043750576522,23.918251680012297],[75.97820537493585,23.928864596447465],[75.98317436205059,23.939174286698773],[75.9825897753312,23.97040658363656],[75.96271382687223,23.993451773610072],[75.96271382687223,24.021348582525377],[75.9925277495607,24.025896975283306],[76.02935671288175,24.046516355785922],[76.04601743438413,24.069864771943298],[76.08723079810053,24.078051878907573],[76.10798362663859,24.091697057181364],[76.13750525596735,24.091090604813637],[76.13195168213323,24.114742247154876],[76.13984360284489,24.127174520693217],[76.13370544229137,24.164774567492106],[76.1234751747022,24.174174579191828],[76.12610581493942,24.201161709555546],[76.1553351509085,24.231181101757883],[76.15738120442634,24.239671434906022],[76.14510488331932,24.276968255521048],[76.15241221731159,24.28788439814008],[76.17228816577057,24.291826338530285],[76.17521109936747,24.311232814297455],[76.18865659391327,24.32730380204214],[76.2094094224513,24.306684421539526],[76.19771768806368,24.28060696972739],[76.20736336893347,24.264839208166567],[76.2094094224513,24.228452066103127],[76.21876280996142,24.212684304542304],[76.2509150795274,24.223600447161335],[76.27955982877711,24.21238107835844],[76.29037468308567,24.21389720927775],[76.2927130299632,24.232697232677197],[76.32106548585321,24.24694886331871],[76.35643298237581,24.244523053847814],[76.39472341249531,24.22117463769044],[76.41781458791088,24.20298106665872],[76.42161440158687,24.219961732954992],[76.43301384261481,24.22269076860975],[76.45668960474977,24.21238107835844],[76.46691987233895,24.22451012571292],[76.50053360870339,24.20783268560051],[76.51193304973134,24.196006864429894],[76.51397910324917,24.17478103155955],[76.52684001107556,24.158710043814864],[76.55840769392218,24.16386488894052],[76.5832526294959,24.17629716247886],[76.56951484159043,24.196310090613753],[76.57506841542455,24.209045590335958],[76.60108252443705,24.225419804264508],[76.59699041740137,24.246342410950984],[76.61774324593942,24.23785207780285],[76.62008159281694,24.258471458305465],[76.6437573549519,24.25786500593774],[76.65106468894417,24.267871470005186],[76.68263237179079,24.266355339085877],[76.69695474641564,24.28060696972739],[76.70630813392575,24.244523053847814],[76.6916934659412,24.228148839919264],[76.67795567803574,24.189032662201065],[76.7048466671273,24.167200376963002],[76.72443032222658,24.157193912895554],[76.7331991230173,24.166290698411416],[76.7589209386701,24.167806829330726],[76.77265872657557,24.160226174734177],[76.79487302191208,24.121413223199838],[76.80510328950126,24.115955151890322],[76.83170198523312,24.121109997015978],[76.86005444112314,24.134451949105905],[76.8772997493449,24.135361627657492],[76.90389844507676,24.126568068325493],[76.92026687321945,24.184181043259272],[76.93721988808151,24.182361686156103],[76.94803474239008,24.194490733510584],[76.92348210017605,24.216323018748646],[76.92055916657914,24.22754238755154],[76.87846892278365,24.26665856526974],[76.86765406847509,24.285155362485323],[76.86297737472005,24.307897326274972],[76.84894729345488,24.323361861651936],[76.84105537274323,24.35611028950903],[76.85333169385025,24.36369094410558],[76.854500867289,24.384310324608197],[76.84017849266415,24.41190390733964],[76.85040876025333,24.4146329429944],[76.85508545400839,24.432826514026118],[76.8454397731386,24.438284585335634],[76.85567004072777,24.46466526333163],[76.85099334697271,24.48285883436335],[76.83959390594478,24.489833036592174],[76.81884107740673,24.525007273920167],[76.85040876025333,24.54653633297437],[76.87057700207201,24.5447169758712],[76.8802226829418,24.521671785897684],[76.89337588412789,24.52227823826541],[76.90419073843645,24.543200844951887],[76.92289751345666,24.53107179759741],[76.91909769978068,24.483162060547212],[76.94540410215286,24.462845906228456],[76.96469546389245,24.45556847781577],[76.98427911899175,24.470123334641144],[77.00620112096856,24.473155596479764],[77.01058552136392,24.48922658422445],[77.02870770966476,24.496807238821003],[77.0365996303764,24.52409759536858],[77.05501411203693,24.521975012081548],[77.06904419330209,24.559575058880437],[77.06319832610828,24.590200903450498],[77.06436749954703,24.637807414316836],[77.04186091085084,24.67813649677048],[77.03835339053455,24.698149424905374],[77.02753853622599,24.709065567524405],[76.99684773345845,24.712704281730748],[76.97667949163979,24.726955912372265],[76.96820298420874,24.75485272128757],[76.95066538262729,24.7594011140455],[76.92640503377295,24.7442398048524],[76.90799055211244,24.74120754301378],[76.89132983061006,24.74939464997805],[76.86560801495726,24.743936578668535],[76.84953188017427,24.747272066691018],[76.8512856403324,24.765162411538878],[76.80539558286094,24.819743124634037],[76.83170198523312,24.833691529091688],[76.86794636183478,24.83702701711417],[76.89980633804109,24.834601207643274],[76.9313740208877,24.844910897894582],[76.94803474239008,24.85522058814589],[76.95388060958389,24.867956087868095],[76.93897364823967,24.879478682854852],[76.918805406421,24.883117397061195],[76.92962026072956,24.905556134666984],[76.9123749525078,24.91829163438919],[76.8960065243651,24.914956146366706],[76.89805257788295,24.930723907927533],[76.87700745598521,24.94982715751084],[76.87145388215107,24.96680782380711],[76.87291534894953,24.996523989825587],[76.85917756104406,25.005317549157585],[76.88168414974025,25.011078846650964],[76.8869454302147,25.029272417682684],[76.9059444985946,25.029272417682684],[76.95855730333895,25.043524048324198],[76.97375655804288,25.051104702920746],[76.9886635193871,25.07263376197495],[77.0111701080833,25.073543440526535],[77.02286184247093,25.067175690665433],[77.08248968784787,25.05292406002392],[77.09564288903395,25.061414393172054],[77.1199032378883,25.064143428826814],[77.13364102579376,25.084156356961707],[77.16316265512255,25.08324667841012],[77.17485438951017,25.10871767785453],[77.2029145520405,25.111749939693148],[77.22629802081576,25.105382189832046],[77.26780367789186,25.114175749164044],[77.29001797322837,25.099317666154807],[77.3084324548889,25.07900151183605],[77.33795408421767,25.091433785374395],[77.35432251236035,25.09264669010984],[77.39232064912017,25.116904784818804],[77.39641275615584,25.18300809290072],[77.42388833196678,25.187859711842513],[77.41219659757914,25.221214592067334],[77.39758192959461,25.226066211009126],[77.38589019520697,25.24031784165064],[77.36864488698521,25.24486623440857],[77.35549168579912,25.26669851964663],[77.3753676342581,25.283375959759045],[77.38062891473254,25.30551147118097],[77.36952176706428,25.32795020878676],[77.34233848461304,25.320369554190208],[77.36192213971232,25.36282121993089],[77.35052269868437,25.374647041101507],[77.35198416548283,25.38738254082371],[77.36718342018676,25.407698695142464],[77.31135538848581,25.431350337483703],[77.2888487997896,25.418311611577636],[77.26575762437403,25.394356743052537],[77.22600572745607,25.368279291240405],[77.22366738057855,25.326130851683587],[77.20379143211957,25.325524399315864],[77.21080647275215,25.306421149732557],[77.15907054808687,25.308240506835727],[77.12136470468675,25.330072792073793],[77.08102822104942,25.33462118483172],[77.06904419330209,25.31915664945476],[77.04478384444775,25.320066328006344],[77.02958458974382,25.29611145948125],[76.99801690689722,25.296717911848972],[76.96411087717307,25.29216951909104],[76.95797271661957,25.27367272187546],[76.93400466112492,25.274279174243183],[76.9345892478443,25.29216951909104],[76.89834487124264,25.31733729235159],[76.84807041337581,25.325524399315864],[76.77792000705,25.310969542490486],[76.77528936681279,25.30733082828414],[76.72823013590256,25.327040530235173],[76.70835418744359,25.342808291795997],[76.68613989210708,25.340685708508964],[76.64141900807438,25.375556719653094],[76.63060415376582,25.37009864834358],[76.60751297835024,25.38404705280123],[76.59406748380447,25.42649871854191],[76.56922254823074,25.437414861160942],[76.56454585447568,25.468343931914866],[76.54291614585857,25.505337526346032],[76.52771689115464,25.519285930803683],[76.52537854427712,25.55203435866078],[76.51485598332825,25.58235697704698],[76.52099414388175,25.60206667899801],[76.51982497044298,25.62875058317787],[76.50462571573907,25.643608666187106],[76.516025156767,25.667866760896064],[76.48299600712194,25.690305498501854],[76.487672700877,25.713350688475366],[76.50813323605536,25.723660378726674],[76.53180899819031,25.72608618819757],[76.5356088118663,25.738821687919774],[76.52742459779495,25.761563651709427],[76.53473193178722,25.793099174831074],[76.54700825289424,25.812505650598244],[76.57214548182765,25.83464116202017],[76.59085225684787,25.862841197119337],[76.60312857795488,25.871331530267472],[76.62212764633479,25.866176685141816],[76.6373269010387,25.870118625532022],[76.6469725819085,25.90135092246981],[76.68000173155357,25.906808993779325],[76.7203382151909,25.895892851160294],[76.73904499021113,25.897408982079604],[76.7682743261802,25.916815457846774],[76.7592132320298,25.92712514809808],[76.76652056602207,25.93743483834939],[76.8007188891059,25.9389509692687],[76.82468694460054,25.96624132581628],[76.82410235788116,25.979280051722345],[76.84631665321767,26.006267182086063],[76.83637867898818,26.024460753117783],[76.84690123993704,26.032647860082058]],[[76.84690123993704,26.032647860082058],[76.85187022705179,26.035073669552954]],[[76.85187022705179,26.035073669552954],[76.87642286926582,26.05114465729764],[76.89396047084728,26.088138251728804],[76.9123749525078,26.09602213250922],[76.94481951543348,26.100873751451008],[77.00093984049413,26.13240927457266],[77.0111701080833,26.15393833362686],[77.0301691764632,26.17091899992313],[77.0591062190726,26.18092546399058],[77.0912584886386,26.181835142542166],[77.10295022302623,26.190022249506438],[77.12019553124799,26.226106165386017],[77.13627166603098,26.234293272350293],[77.20992959267308,26.231867462879396],[77.24471250247629,26.257338462323805],[77.27394183844538,26.270680414413732],[77.31515520216178,26.309493365948068],[77.32509317639128,26.34102888906972],[77.37332158074027,26.365893436146404],[77.39290523583955,26.356796650630542],[77.41482723781637,26.363467626675508],[77.43967217339008,26.359525686285302],[77.44697950738235,26.37317086455909],[77.43353401283657,26.3898483046715],[77.43499547963503,26.401370899658257],[77.48205471054526,26.408951554254806],[77.52999082153455,26.40925478043867],[77.55892786414395,26.43502900606694],[77.61621736264335,26.453829029466384],[77.6340472575845,26.47748067180762],[77.6784758482575,26.504164575987478],[77.70244390375215,26.49537101665548],[77.72144297213207,26.498706504677962],[77.73459617331815,26.509622647296993],[77.74687249442516,26.536913003844575],[77.7746403635958,26.547829146463606],[77.80533116636333,26.544493658441123],[77.82082271442695,26.549042051199052],[77.83251444881458,26.566932396046912],[77.82813004841923,26.594222752594494],[77.85034434375572,26.609384061787594],[77.88717330707678,26.614538906913246],[77.89652669458688,26.62697118045159],[77.8988650414644,26.648803465689653],[77.91143365593112,26.66032606067641],[77.94797032589247,26.65699057265393],[77.97690736850186,26.67093897711158],[78.00029083727713,26.697016428923714],[78.05728804241684,26.683977703017646],[78.08359444478901,26.67245510803089],[78.09616305925573,26.680945441179027],[78.0973322326945,26.732190666251704],[78.12422322178605,26.748868106364114],[78.1037626866077,26.76615199884425],[78.103470393248,26.783739117508247],[78.12714615538296,26.79677784341431],[78.15403714447451,26.78586170079528],[78.18443565388236,26.785558474611417],[78.18765088083896,26.795261712495],[78.16923639917844,26.821339164307133],[78.21804939024682,26.83013272363913]],[[78.21804939024682,26.83013272363913],[78.2314948847926,26.83134562837458],[78.26393944771827,26.814364962078308],[78.27358512858807,26.818913354836237],[78.2762157688253,26.843777901912922],[78.29053814345014,26.8583327587383],[78.34958140210769,26.868035996621884],[78.37091881736512,26.86561018715099],[78.3940099927807,26.82224884285872],[78.43434647641804,26.82649400943279],[78.45919141199175,26.792229450656382],[78.52408053784313,26.779190724750315],[78.54278731286334,26.76615199884425],[78.58370838322006,26.750081011099564],[78.61498377270698,26.751597142018873],[78.62901385397214,26.76948748686673],[78.66759657745133,26.76342296318949],[78.69214921966537,26.7888939626339],[78.72400919587167,26.794352033943415],[78.72693212946858,26.775855236727832],[78.74973101152446,26.786771379346867],[78.7707761334222,26.760997153718595],[78.80731280338355,26.76342296318949],[78.82017371120996,26.75978424898315],[78.84940304717904,26.720364845081086],[78.87366339603338,26.698835786026883],[78.89149329097452,26.698532559843024],[78.91283070623196,26.707629345358882],[78.95696700354527,26.69095190524647],[78.94469068243826,26.65911315594096],[78.95667471018558,26.65699057265393],[78.97830441880271,26.674880917501785],[79.00198018093766,26.67882285789199],[79.00987210164932,26.668209941456823],[78.99554972702447,26.641526037276964],[79.01191815516715,26.62090665677435],[79.01250274188654,26.600590502455596],[78.98678092623373,26.58664209799794],[78.9882423930322,26.568448526966222],[78.99993412741983,26.576635633930497],[79.01659484892221,26.542067848970227],[79.04173207785561,26.53024202779961],[79.03997831769748,26.519022658996715],[79.05956197279676,26.495067790471616],[79.06949994702624,26.497493599942512],[79.07213058726347,26.47899680272693],[79.05693133255954,26.4504935414439],[79.08937589548523,26.43836449408942],[79.10135992323255,26.45170644617935],[79.13526595295669,26.439274172641007],[79.12591256544658,26.411377363725702],[79.10925184394421,26.40622251860005],[79.09522176267905,26.41228704227729],[79.08937589548523,26.399854768738948],[79.09756010955657,26.37165473363978],[79.08528378844956,26.357099876814406],[79.12503568536751,26.348003091298544],[79.14111182015051,26.337086948679513],[79.12415880528843,26.322835318038],[79.134973659597,26.310403044499655],[79.11714376465586,26.303125616086966],[79.1063289103473,26.30919013976421],[79.08616066852863,26.281596557032763],[79.06628472006965,26.278261069010284],[79.0452395981719,26.26128040271401],[79.0709614138247,26.241267474579118],[79.06540783999058,26.227319070121467],[79.03500933058272,26.22792552248919],[79.01864090244004,26.24611909352091],[78.99262679342756,26.237325534188912],[78.99847266062137,26.226106165386017],[79.02565594307262,26.218222284605606],[79.0233175961951,26.192751285161197],[78.99993412741983,26.198512582654576],[78.98385799263683,26.18729321385168],[79.01162586180746,26.167583511900652],[79.00899522157025,26.149389940868932],[78.9943805535857,26.145144774294863],[78.96836644457322,26.148783488501206],[78.95082884299177,26.133622179308105],[78.97479689848642,26.120280227218178],[78.98005817896085,26.103299560921904],[79.00870292821055,26.091170513567427],[79.00519540789426,26.068428549777774],[78.99058073990972,26.068428549777774],[78.95229030979021,26.03143495534661],[78.95842847034373,26.020215586543717],[78.94761361603517,25.980796182641654],[78.93533729492815,25.981099408825518],[78.93796793516537,25.946228397681388],[78.9177996933467,25.940770326371872],[78.90230814528309,25.920454172053116],[78.88418595698225,25.910144481801808],[78.89500081129081,25.893467041689398],[78.89061641089545,25.86496378040637],[78.87570944955122,25.8695121731643],[78.85437203429379,25.855260542522785],[78.8540797409341,25.83342825728472],[78.87366339603338,25.82887986452679],[78.87103275579616,25.79673788903742],[78.86372542180389,25.789157234440868],[78.84911075381935,25.79977015087604],[78.84881846045965,25.815234686253],[78.82368123152625,25.82584760268817],[78.80672821666418,25.812808876782103],[78.81169720377892,25.80492499600169],[78.83011168543945,25.809776614943484],[78.8283579252813,25.79400885338266],[78.80731280338355,25.79400885338266],[78.78772914828427,25.7697507586737],[78.78334474788892,25.75610558039991],[78.75440770527952,25.743673306861567],[78.75353082520044,25.732757164242535],[78.76843778654468,25.715473271762402],[78.79883629595253,25.705163581511094],[78.81900453777119,25.669079665631514],[78.8187122444115,25.640273178164623],[78.8058513365851,25.613892500168628],[78.74037762401436,25.59782151242394],[78.71874791539723,25.601460226630287],[78.6845495923134,25.588724726908083],[78.6559048430637,25.560524691808915],[78.63076761413029,25.56567953693457],[78.62550633365585,25.581750524679258],[78.61147625239069,25.582053750863118],[78.58838507697511,25.559008560889605],[78.55447904725098,25.55931178707347],[78.5348953921517,25.567802120221604],[78.48842074796084,25.575079548634292],[78.4673756260631,25.55931178707347],[78.46240663894837,25.546576287351265],[78.44077693033124,25.559918239441192],[78.43317730297927,25.55627952523485],[78.41593199475751,25.527776263951818],[78.42353162210948,25.510492371471685],[78.41563970139782,25.502608490691273],[78.42791602250485,25.472285872305072],[78.4007327400536,25.46591812244397],[78.39284081934194,25.4489374561477],[78.36799588376822,25.441356801551148],[78.35455038922244,25.449543908515423],[78.34227406811542,25.425892266174184],[78.33935113451851,25.39920836199433],[78.3177214259014,25.37980188622716],[78.30661427823314,25.378588981491713],[78.301060704399,25.362517993747026],[78.3299977470084,25.350085720208686],[78.33818196107975,25.331588922993102],[78.31479849230448,25.30581469736483],[78.35191974898522,25.292775971458767],[78.35191974898522,25.277917888449526],[78.36916505720698,25.26033076978553],[78.3621500165744,25.24486623440857],[78.37588780447987,25.236679127444294],[78.38202596503338,25.220608139699607],[78.40248650021174,25.216059746941678],[78.39225623262256,25.189982295129546],[78.4103784209234,25.183917771452304],[78.42411620882886,25.16784678370762],[78.45071490456073,25.167543557523757],[78.44983802448165,25.15268547451452],[78.42762372914515,25.15268547451452],[78.42966978266298,25.140253200976176],[78.44983802448165,25.12387898704763],[78.43142354282114,25.11963382047356],[78.40891695412493,25.12600157033466],[78.39634833965823,25.122059629944456],[78.37384175096203,25.099620892338667],[78.33935113451851,25.088098297351912],[78.33204380052624,25.07900151183605],[78.33730508100068,25.04049178648558],[78.34461241499295,25.02229821545386],[78.33408985404408,24.994704632722414],[78.31333702550603,24.984091716287246],[78.29609171728427,24.963169109600766],[78.26920072819271,24.947704574223803],[78.26247798091983,24.937091657788635],[78.22038773712434,24.91071097979264],[78.20606536249949,24.89130450402547],[78.1768360265304,24.88038836140644],[78.16952869253814,24.866136730764925],[78.17157474605597,24.843394766975273],[78.1932044546731,24.837936695665757],[78.21541875000959,24.80822052964728],[78.23207947151197,24.77183338758384],[78.2250644308794,24.74909142379419],[78.23266405823135,24.731504305130194],[78.25692440708569,24.70087846056013],[78.27416971530745,24.664794544680554],[78.26452403443766,24.648117104568144],[78.26481632779735,24.632955795375043],[78.2762157688253,24.610517057769254],[78.26160110084075,24.54774923770982],[78.23032571135383,24.536529868906925],[78.22594131095846,24.51803307169134],[78.2440634992593,24.50711692907231],[78.24581725941744,24.484981417650385],[78.2694930215524,24.47831044160542],[78.27563118210591,24.468607203721835],[78.26686238131518,24.44920072795467],[78.32444417317429,24.4058393836624],[78.3428586548348,24.399471633801298],[78.3685804704876,24.373697408173026],[78.3525043357046,24.358232872796066],[78.33204380052624,24.325181218755105],[78.34841222866893,24.300923124046147],[78.36770359040852,24.291523112346425],[78.39167164590317,24.268477922372913],[78.41300906116061,24.27272308894698],[78.41739346155597,24.283032779198287],[78.44106922369093,24.293342469449595],[78.44633050416536,24.32093605218104],[78.47409837333599,24.33488445663869],[78.48169800068796,24.363084491737858],[78.50625064290199,24.389768395917713],[78.52086531088653,24.38612968171137],[78.53401851207262,24.370058693966683],[78.55886344764635,24.35611028950903],[78.58487755665882,24.35277480148655],[78.60007681136275,24.33488445663869],[78.611183959031,24.311232814297455],[78.62989073405122,24.302439254965456],[78.62813697389308,24.28181987446284],[78.63778265476287,24.285761814853046],[78.66087383017845,24.269387600924496],[78.67548849816299,24.24058111345761],[78.70530242085145,24.2302714232063],[78.72488607595074,24.23481981596423],[78.73307029002208,24.24846499423802],[78.75616146543766,24.23633594688354],[78.76317650607024,24.255439196466845],[78.77282218694003,24.246342410950984],[78.76697631974622,24.229664970838574],[78.78129869437107,24.20813591178437],[78.79094437524087,24.180845555236793],[78.81198949713861,24.180239102869066],[78.81988141785027,24.206013328497338],[78.82660416512316,24.196916542981477],[78.84531094014338,24.210561721255267],[78.86460230188297,24.20934881651982],[78.88769347729854,24.22481335189678],[78.88564742378071,24.249677898973466],[78.91633822654825,24.268781148556773],[78.91429217303042,24.29698118365594],[78.93913710860413,24.314568302319937],[78.97362772504765,24.349439313464067],[78.97392001840734,24.369149015415097],[78.98765780631281,24.41342003825895],[78.9943805535857,24.42372972851026],[78.98882697975158,24.442832978093566],[78.95112113635146,24.438891037703357],[78.93767564180568,24.45556847781577],[78.91955345350485,24.459207192022113],[78.90756942575752,24.4840717390988],[78.92423014725989,24.49802014355645],[78.93738334844599,24.480129798708592],[78.96135140394064,24.4840717390988],[78.97304313832826,24.492562072246933],[78.95082884299177,24.504994345785274],[78.94702902931579,24.538652452193958],[78.95229030979021,24.548962142445266],[78.91984574686454,24.57685895136057],[78.91253841287227,24.59778155804705],[78.89967750504587,24.609304153033804],[78.88857035737762,24.635078378662076],[78.8695712889977,24.636594509581386],[78.86255624836514,24.618400938549666],[78.84268029990615,24.621129974204425],[78.83771131279141,24.60445253409201],[78.80848197682232,24.603239629356565],[78.7836370412486,24.58838154634733],[78.75879210567489,24.59778155804705],[78.75469999863921,24.632349343007316],[78.74680807792755,24.65539453298083],[78.764345679509,24.672375199277102],[78.76668402638653,24.689052639389512],[78.77925264085324,24.69936232964082],[78.76989925334313,24.762130149700255],[78.77136072014159,24.790330184799423],[78.78743685492458,24.810343112934316],[78.77136072014159,24.856736719065204],[78.70968682124682,24.87917545667099],[78.70325636733362,24.88978837310616],[78.68221124543588,24.893730313496366],[78.66993492432886,24.904343229931538],[78.66058153681875,24.939214241075668],[78.62959844069152,24.962865883416903],[78.63895182820163,24.97893687116159],[78.64421310867607,25.020478858350685],[78.65122814930865,25.03018209623427],[78.64888980243111,25.05656277423026],[78.627260093814,25.086582166432603],[78.60416891839841,25.092949916293705],[78.60504579847749,25.122059629944456],[78.60066139808214,25.152382248330657],[78.57669334258748,25.19695649735837],[78.56850912851614,25.22242749680278],[78.57552416914872,25.253659793740567],[78.55944803436572,25.26578884109505],[78.54307960622303,25.26669851964663],[78.52788035151912,25.28307273357518],[78.5123888034555,25.276401757530216],[78.50362000266477,25.28883403106856],[78.4609451721499,25.265485614911185],[78.4355156498568,25.275795305162493],[78.43668482329556,25.29186629290718],[78.44749967760413,25.29914372131987],[78.47409837333599,25.287924352516974],[78.47614442685384,25.298234042768282],[78.49923560226941,25.318550197087035],[78.5120965100958,25.297021138032832],[78.53226475191447,25.3012663046069],[78.54863318005717,25.321582458925658],[78.54074125934551,25.325827625499723],[78.53518768551137,25.360698636643853],[78.5632478480417,25.34341474416372],[78.58341608986038,25.346750232186203],[78.58487755665882,25.371918005446748],[78.56412472812077,25.378892207675577],[78.57055518203397,25.392840612133227],[78.59130801057202,25.384956731352815],[78.61059937231163,25.411943861716534],[78.62638321373493,25.40193739764909],[78.64099788171947,25.404363207119985],[78.6398287082807,25.427711623277357],[78.66525823057381,25.43862776589639],[78.68221124543588,25.432866468403013],[78.69653362006073,25.4401438968157],[78.70764076772898,25.421040647232395],[78.67636537824205,25.398601909626606],[78.66379676377535,25.414976123555153],[78.65941236337999,25.408001921326328],[78.66847345753041,25.38131801714647],[78.69448756654289,25.375556719653094],[78.70004114037702,25.38253092188192],[78.71640956851971,25.37373736254992],[78.71114828804527,25.35342120823117],[78.74300826425157,25.344021196531443],[78.77165301350128,25.35342120823117],[78.76609943966716,25.398905135810466],[78.7488541314454,25.39344706450095],[78.75265394512137,25.410427730797224],[78.81491243073552,25.42013096868081],[78.81929683113088,25.42801484946122],[78.7967902424347,25.43680840879322],[78.76726861310591,25.42528581380646],[78.75557687871827,25.44317615865432],[78.73190111658332,25.458034241663558],[78.73365487674147,25.485021372027276],[78.74359285097096,25.49927300266879],[78.75090018496323,25.47956330071776],[78.76405338614931,25.471072967569626],[78.79708253579437,25.478350395982314],[78.83303461903635,25.463189086789214],[78.85320286085502,25.44924068233156],[78.82397352488594,25.443782611022044],[78.82718875184254,25.43256324221915],[78.84414176670461,25.429227754196667],[78.86109478156668,25.447118099044527],[78.86460230188297,25.461976182053764],[78.85349515421471,25.486234276762726],[78.83449608583481,25.498666550301067],[78.8415111264674,25.510795597655548],[78.88360137026287,25.518982704619823],[78.87600174291092,25.538995632754713],[78.88184761010473,25.551731132476917],[78.9177996933467,25.554156941947813],[78.92627620077774,25.53808595420313],[78.93329124141032,25.55476339431554],[78.94936737619331,25.5462730611674],[78.94936737619331,25.52595690684865],[78.92715308085681,25.522318192642302],[78.92423014725989,25.511705276207135],[78.94059857540259,25.49320847899155],[78.9432292156398,25.47501490795983],[78.93504500156845,25.460460051134454],[78.91078465271411,25.44166002773501],[78.93650646836691,25.423163230519428],[78.95433636330806,25.437414861160942],[78.96778185785384,25.4337761469546],[78.97771983208332,25.415279349739016],[78.9756737785655,25.391324481213918],[78.981811939119,25.36736961268882],[78.9557978301065,25.364943803217923],[78.94615214923671,25.34765991073779],[78.90435419880092,25.36009218427613],[78.90289273200247,25.375556719653094],[78.93855252188474,25.371918005446748],[78.95872076370341,25.391324481213918],[78.95082884299177,25.397995457258883],[78.92276868046145,25.3946599692364],[78.90844630583659,25.38404705280123],[78.88213990346442,25.38253092188192],[78.84501864678367,25.347053458370066],[78.8508645139775,25.327343756419033],[78.84297259326584,25.32795020878676],[78.8219274713681,25.30581469736483],[78.79912858931222,25.309756637755036],[78.79035978852149,25.292472745274903],[78.80059005611068,25.287924352516974],[78.81900453777119,25.2948985547458],[78.81286637721769,25.26578884109505],[78.84238800654646,25.22818879429616],[78.85320286085502,25.228795246663882],[78.8695712889977,25.27822111463339],[78.87804779642875,25.2797372455527],[78.87424798275276,25.30581469736483],[78.86372542180389,25.311879221042073],[78.89266246441329,25.341595387060547],[78.91516905310948,25.334317958647862],[78.92218409374206,25.341292160876687],[78.93855252188474,25.327343756419033],[78.96310516409878,25.342808291795997],[78.96018223050187,25.306724375916417],[78.97742753872363,25.280343697920422],[78.95112113635146,25.27518885279477],[78.94790590939486,25.257601734130773],[78.91604593318856,25.26942755530139],[78.90376961208153,25.24486623440857],[78.88330907690317,25.250627531901948],[78.87424798275276,25.227582341928436],[78.88973953081639,25.206053282874233],[78.87454027611246,25.185130676187754],[78.88447825034194,25.15723386727245],[78.90055438512493,25.16815000989148],[78.93153748125216,25.20575005669037],[78.96018223050187,25.215756520757814],[78.97655065864456,25.21181458036761],[78.98970385983066,25.194227461703615],[79.00314935437643,25.190891973681133],[79.00782604813148,25.211208127999885],[79.00198018093766,25.228795246663882],[78.97976588560115,25.237892032179744],[78.99408826022601,25.270034007669114],[79.01981007587881,25.269124329117528],[79.02214842275633,25.242743651121536],[79.03676309074088,25.244259782040846],[79.03384015714397,25.22970492521547],[79.06394637319212,25.22091136588347],[79.03208639698582,25.18179518816527],[79.04319354465407,25.169059688443067],[79.02916346338891,25.138433843873006],[79.04611647825098,25.132369320195764],[79.06540783999058,25.146014498469555],[79.07154600054409,25.167543557523757],[79.09171424236276,25.18755648565865],[79.09785240291626,25.171485497913963],[79.12649715216597,25.158446772007895],[79.11509771113802,25.138737070056866],[79.13234301935978,25.124485439415352],[79.1221127517706,25.112962844428598],[79.14081952679082,25.106291868383632],[79.14549622054587,25.11356929679632],[79.1761870233134,25.106898320751355],[79.18729417098166,25.12387898704763],[79.1761870233134,25.126608022702385],[79.17589472995371,25.14055642716004],[79.19226315809641,25.146317724653418],[79.20424718584373,25.138130617689143],[79.21389286671354,25.109020904038392],[79.23026129485622,25.118420915738113],[79.24575284291983,25.111446713509288],[79.25101412339427,25.13600803440211],[79.23230734837405,25.135401582034383],[79.22149249406549,25.14358868899866],[79.23259964173374,25.153291926882243],[79.25335247027179,25.15723386727245],[79.26679796481757,25.14844030794045],[79.26212127106251,25.125698344150802],[79.28404327303933,25.115388653899494],[79.28959684687345,25.12873060598942],[79.30859591525336,25.12600157033466],[79.32204140979914,25.147227403205004],[79.30947279533244,25.170575819362377],[79.29105831367191,25.18452422382003],[79.2852124464781,25.198775854461545],[79.28901226015408,25.22242749680278],[79.28112033944242,25.24335010348926],[79.3009962879014,25.235466222708848],[79.31824159612316,25.214543616022368],[79.3328562641077,25.217575877860988],[79.34016359809998,25.196046818806785],[79.35448597272483,25.209388770896712],[79.34717863873256,25.223337175354366],[79.34776322545194,25.26791142438208],[79.3395790113806,25.271550138588424],[79.32233370315883,25.256388829395323],[79.31151884885027,25.260633995969393],[79.29544271406728,25.285195316862215],[79.2787819925649,25.26154367452098],[79.26942860505478,25.262756579256425],[79.26358273786097,25.286711447781524],[79.26767484489665,25.305208244997107],[79.30245775469986,25.335227637199445],[79.35360909264575,25.32825343497062],[79.34220965161781,25.312485673409796],[79.34951698561008,25.299750173687592],[79.33840983794182,25.28913725725242],[79.35740890632174,25.283679185942905],[79.36062413327834,25.260633995969393],[79.37494650790319,25.27064046003684],[79.37202357430628,25.28762112633311],[79.40943712434671,25.274279174243183],[79.40885253762733,25.257601734130773],[79.43895875367548,25.254872698476014],[79.45941928885384,25.268821102933668],[79.4608807556523,25.277614662265666],[79.48075670411127,25.277311436081803],[79.48689486466478,25.26033076978553],[79.4670189162058,25.2645759363596],[79.44948131462435,25.246988817695602],[79.43457435328011,25.220304913515747],[79.45006590134373,25.216059746941678],[79.43983563375456,25.197866175909958],[79.41732904505835,25.203930699587197],[79.41148317786454,25.18482745000389],[79.39131493604587,25.165420974236724],[79.38780741572958,25.144498367550245],[79.39686850988,25.115995106267217],[79.41674445833898,25.11084026114156],[79.42609784584909,25.12873060598942],[79.43866646031579,25.130549963092594],[79.43866646031579,25.10265315417729],[79.45240424822126,25.108414451670665],[79.47608001035621,25.129640284541008],[79.46818808964457,25.091737011558255],[79.49741742561365,25.078091833284464],[79.50764769320283,25.094466047213015],[79.52489300142459,25.09719508286777],[79.5213854811083,25.12114995139287],[79.53629244245253,25.132672546379627],[79.55792215106966,25.164814521868998],[79.57662892608987,25.17087904554624],[79.58159791320462,25.154808057801553],[79.60088927494421,25.141769331895485],[79.60293532846205,25.129337058357144],[79.62778026403576,25.138130617689143],[79.64064117186217,25.128124153621698],[79.67396261486692,25.12236285612832],[79.68185453557858,25.131156415460318],[79.71488368522364,25.12873060598942],[79.75346640870283,25.13934352242459],[79.7768498774781,25.12084672520901],[79.83501625605658,25.09567895194846],[79.86366100530628,25.09385959484529],[79.8505078041202,25.111749939693148],[79.85956889827061,25.135401582034383],[79.88002943344897,25.14389191518252],[79.86833769906133,25.15147256977907],[79.87038375257917,25.17239517646555],[79.8598611916303,25.198775854461545],[79.87096833929856,25.214543616022368],[79.85313844435741,25.2318275085025],[79.88032172680866,25.24911140098264],[79.9016591420661,25.241530746386086],[79.9142277565328,25.24971785335036],[79.92153509052507,25.228795246663882],[79.92884242451734,25.246079139144015],[79.94053415890498,25.245775912960156],[79.94228791906312,25.26033076978553],[79.98525504293768,25.26033076978553],[80.00483869803696,25.263969483991875],[79.99928512420283,25.278524340817253],[80.02062253946026,25.297021138032832],[80.01799189922305,25.320066328006344],[80.02880675353161,25.338563125221928],[80.07820433131937,25.338563125221928],[80.09135753250546,25.351298624944132],[80.11503329464041,25.339472803773514],[80.13520153645908,25.33613731575103],[80.14513951068857,25.351298624944132],[80.16735380602508,25.36160831519544],[80.16735380602508,25.373130910182198],[80.19599855527477,25.379195433859437],[80.20213671582829,25.41164063553267],[80.22230495764695,25.399814814362053],[80.23487357211366,25.406182564223155],[80.25328805377418,25.400421266729776],[80.26410290808275,25.424072909071015],[80.28193280302389,25.42043419486467],[80.31730029954647,25.38738254082371],[80.32139240658215,25.367672838872682],[80.31086984563328,25.353724434415028],[80.31993093978369,25.32976956588993],[80.31730029954647,25.301569530790765],[80.31086984563328,25.292472745274903],[80.32022323314338,25.277614662265666],[80.34916027575278,25.274279174243183],[80.36582099725516,25.246685591511742],[80.38628153243351,25.23334363942181],[80.40732665433126,25.23880171073133],[80.40995729456847,25.2166661993094],[80.43187929654529,25.169969366994653],[80.42369508247394,25.161175807662655],[80.39475803986456,25.15874999819176],[80.35675990310475,25.13631126058597],[80.35559072966598,25.125698344150802],[80.37692814492341,25.111143487325425],[80.35266779606907,25.092949916293705],[80.3450681687171,25.067175690665433],[80.35296008942876,25.05444019094323],[80.30823920539606,25.04413050069192],[80.28953243037584,25.05595632186254],[80.27491776239131,25.0259369296602],[80.33396102104885,24.998949799296483],[80.34594504879618,25.01684014414434],[80.35588302302567,25.01229175138641],[80.37575897148464,25.021388536902272],[80.3807279585994,25.004104644422135],[80.39709638674208,25.0107756204671],[80.3804356652397,25.025027251108614],[80.38715841251259,25.040188560301715],[80.37195915780866,25.043524048324198],[80.40206537385683,25.067782143033156],[80.41083417464755,25.056866000414125],[80.41784921528013,25.07263376197495],[80.43071012310652,25.067175690665433],[80.44327873757324,25.076878928549018],[80.45409359188179,25.061717619355917],[80.46403156611129,25.06960150013633],[80.47835394073613,25.04049178648558],[80.49939906263387,25.042007917404888],[80.49296860872067,25.029878870050407],[80.472800366902,25.03169822715358],[80.45438588524149,25.0410982388533],[80.43363305670343,25.026543382027924],[80.46636991298881,25.00016270403193],[80.4602317524353,24.982575585367933],[80.48127687433305,24.97620783550683],[80.48478439464934,24.98954978759676],[80.50670639662614,25.005317549157585],[80.55025810722009,25.002588513502825],[80.54499682674565,25.031091774785853],[80.50232199623079,25.0410982388533],[80.51050621030213,25.058685357517298],[80.4988144759145,25.07414989289426],[80.5081678634246,25.085369261697153],[80.4824460477718,25.097801535235497],[80.5175212509347,25.09689185668391],[80.5271669318045,25.077788607100604],[80.55142728065884,25.06353697645909],[80.57627221623257,25.081124095123087],[80.59556357797217,25.08173054749081],[80.61280888619393,25.068691821584743],[80.59585587133185,25.105078963648186],[80.60959365923732,25.118724141921973],[80.59819421820939,25.130853189276454],[80.60287091196443,25.15116934359521],[80.61397805963269,25.145104819917968],[80.6166086998699,25.12873060598942],[80.63326942137229,25.133582224931214],[80.64057675536455,25.1193305942897],[80.62157768698465,25.102349927993426],[80.60959365923732,25.100227344706393],[80.63034648777537,25.085369261697153],[80.63326942137229,25.091433785374395],[80.65869894366539,25.083549904593983],[80.66454481085921,25.070511178687916],[80.67652883860653,25.082640226042397],[80.68734369291509,25.077788607100604],[80.68179011908097,25.05019502436916],[80.73527980390439,25.067782143033156],[80.74171025781759,25.058382131333435],[80.78409279497276,25.05777567896571],[80.78409279497276,25.08051764275536],[80.75924785939904,25.087188618800326],[80.75398657892461,25.0953757257646],[80.72709558983304,25.09992411852253],[80.73352604374625,25.119027368105836],[80.70897340153222,25.12387898704763],[80.70926569489191,25.134188677298937],[80.73118769686872,25.14480159373411],[80.74375631133543,25.131156415460318],[80.78233903481461,25.142679010447072],[80.79052324888596,25.132975772563487],[80.80776855710772,25.142375784263212],[80.82676762548762,25.126608022702385],[80.83582871963804,25.106291868383632],[80.84605898722722,25.123575760863766],[80.84021312003341,25.13752416532142],[80.8501510942629,25.163904843317415],[80.84459752042876,25.188769390394096],[80.87791896343353,25.18482745000389],[80.88639547086456,25.191498426048856],[80.8945796849359,25.173304855017136],[80.9138710466755,25.160569355294932],[80.89341051149714,25.13600803440211],[80.88376483062734,25.14055642716004],[80.87324226967847,25.11963382047356],[80.88113419039013,25.098711213787084],[80.8723653895994,25.084156356961707],[80.87879584351259,25.067175690665433],[80.83495183955897,25.035336941359922],[80.85833530833423,24.999253025480343],[80.82676762548762,24.96984008564573],[80.79812287623793,24.96802072854256],[80.81098378406432,24.953162645533318],[80.81039919734494,24.940730371994977],[80.82881367900546,24.932846491214566],[80.86476576224743,24.932240038846842],[80.89282592477775,24.945278764752906],[80.90831747284138,24.935878753053185],[80.90539453924447,24.95285941934946],[80.94485414280273,24.968930407094145],[80.96326862446325,24.921930348595534],[80.97379118541213,24.9349690745016],[80.98928273347573,24.92587228898574],[81.00828180185565,24.936485205420908],[81.02289646984019,24.927994872272773],[81.01529684248823,24.948917478959252],[81.02728087023554,24.9413368243627],[81.03488049758751,24.95134328843015],[81.08457036873496,24.94861425277539],[81.09772356992104,24.921020670043948],[81.13630629340022,24.890091599290024],[81.14829032114756,24.912833563079673],[81.16056664225457,24.912833563079673],[81.16962773640499,24.95498200263649],[81.1848269911089,24.95134328843015],[81.20704128644542,24.931330360295256],[81.21434862043769,24.935878753053185],[81.20937963332294,24.96680782380711],[81.2204867809912,24.974085252219798],[81.20996422004232,24.992278823251517],[81.23890126265172,25.014414334673443],[81.26988435877895,25.064749881194537],[81.26754601190143,25.083853130777843],[81.25468510407502,25.099620892338667],[81.26462307830451,25.11084026114156],[81.2681305986208,25.13752416532142],[81.28303755996504,25.1496532126759],[81.27689939941153,25.16147903384652],[81.31314377601319,25.163904843317415],[81.31255918929381,25.141769331895485],[81.32132799008454,25.11387252298018],[81.33126596431403,25.114782201531767],[81.31928193656671,25.14540804610183],[81.32132799008454,25.15996290292721],[81.33828100494661,25.168756462259207],[81.35786466004589,25.163904843317415],[81.37481767490796,25.138130617689143],[81.39498591672663,25.130549963092594],[81.39732426360416,25.12084672520901],[81.4151541585453,25.121756403760596],[81.40872370463211,25.13024673690873],[81.4280150663717,25.132066094011904],[81.4467218413919,25.106898320751355],[81.41135434486932,25.108111225486805],[81.41135434486932,25.10295638036115],[81.46718237657026,25.089614428271222],[81.4665977898509,25.08324667841012],[81.49202731214399,25.071420857239502],[81.50313445981224,25.07869828565219],[81.51599536763864,25.103259606545013],[81.48618144495018,25.117511237186527],[81.48033557775636,25.129640284541008],[81.49904235277657,25.131459641644177],[81.50371904653163,25.148743534124314],[81.5329483825007,25.140253200976176],[81.5271025153069,25.14844030794045],[81.53557902273793,25.163298390949688],[81.51921059459524,25.170272593178517],[81.52125664811308,25.18452422382003],[81.56685441222486,25.185737128555477],[81.5747463329365,25.192408104600442],[81.59637604155363,25.18027905724596],[81.59023788100012,25.164814521868998],[81.61391364313508,25.16208548621424],[81.61829804353044,25.170272593178517],[81.62823601775993,25.152382248330657],[81.6004681485893,25.132975772563487],[81.59929897515053,25.11963382047356],[81.61069841617848,25.114175749164044],[81.60952924273971,25.09689185668391],[81.63174353807622,25.118724141921973],[81.64022004550725,25.09992411852253],[81.60280649546682,25.073543440526535],[81.63028207127776,25.053530512391642],[81.6671110345988,25.076575702365155],[81.67061855491511,25.06202084553978],[81.68611010297872,25.061414393172054],[81.69020221001439,25.04049178648558],[81.721769892861,25.036853072279232],[81.72469282645791,25.0498917981853],[81.7407689612409,25.04564663161123],[81.75801426946266,25.028362739131097],[81.80010451325815,25.006833680076895],[81.83781035665827,25.016233691776616],[81.85476337152033,25.004104644422135],[81.88194665397158,24.999253025480343],[81.89597673523674,24.990459466148348],[81.90825305634377,25.004104644422135],[81.90269948250963,24.984394942471106],[81.9100068165019,24.979846549713177],[81.91234516337943,24.939214241075668],[81.92023708409108,24.927994872272773],[81.9067915895453,24.9022206466445],[81.91088369658098,24.881298039958025],[81.93660551223377,24.87007867115513],[81.93485175207563,24.85794962380065],[81.95092788685862,24.839149600401207],[81.96992695523853,24.8288399101499],[81.97314218219513,24.83854314803348],[82.01318637247277,24.847943159733205],[82.03247773421236,24.841878636055963],[82.0733988045691,24.820652803185624],[82.09005952607147,24.819439898450174],[82.11578134172426,24.798214065579835],[82.13448811674448,24.79123986335101],[82.14033398393829,24.801852779786177],[82.16751726638954,24.7897237324317],[82.17102478670583,24.802459232153904],[82.2043462297106,24.82186570792107],[82.18943926836636,24.798214065579835],[82.2169148441773,24.795181803741215],[82.21779172425637,24.778807589812665],[82.1976234824377,24.77971726836425],[82.20376164299121,24.761220471148672],[82.19703889571832,24.74120754301378],[82.2166225508176,24.736355924071987],[82.2075614566672,24.749697876161914],[82.22685281840678,24.762433375884118],[82.24643647350607,24.751820459448947],[82.2519900473402,24.77334951850315],[82.25783591453401,24.753943042735983],[82.24965170046266,24.736052697888123],[82.25111316726112,24.69936232964082],[82.23679079263627,24.68844618702179],[82.23795996607504,24.66722035415145],[82.25608215437587,24.67328487782869],[82.2613434348503,24.663581639945104],[82.28677295714341,24.678439722954344],[82.2999261583295,24.662368735209657],[82.30664890560239,24.625678366962354],[82.30109533176827,24.614762224343323],[82.31746375991095,24.610517057769254],[82.33792429508931,24.621433200388285],[82.3540004298723,24.616581581446493],[82.36890739121654,24.599904141334083],[82.41742808892522,24.595658974760017],[82.4115822217314,24.63386547392663],[82.42005872916243,24.655697759164692],[82.40982846157326,24.681471984792964],[82.42824294323378,24.703001043847166],[82.4405192643408,24.703910722398753],[82.45659539912378,24.68844618702179],[82.45688769248348,24.675710687299585],[82.4849478550138,24.681471984792964],[82.49488582924329,24.67328487782869],[82.5264535120899,24.676317139667308],[82.53726836639846,24.649936461671313],[82.58198925043116,24.660852604290348],[82.59572703833663,24.67176874690938],[82.64454002940501,24.68571715136703],[82.67376936537408,24.69784619872151],[82.70416787478194,24.673588104012552],[82.69978347438658,24.646600973648834],[82.71030603533545,24.64023322378773],[82.73544326426887,24.644478390361797],[82.77081076079145,24.643871937994074],[82.77607204126589,24.60869770066608],[82.76818012055423,24.59808478423091],[82.80442449715589,24.59778155804705],[82.80880889755126,24.55078149954844],[82.75415003928907,24.539562130745544],[82.75327315921,24.55078149954844],[82.72404382324092,24.555329892306368],[82.72375152988123,24.511362095646376],[82.74450435841928,24.49802014355645],[82.73164345059288,24.474671727399077],[82.73368950411071,24.424639407061843],[82.72813593027658,24.427974895084326],[82.7149827290905,24.38340064605661],[82.72638217011844,24.36945224159896],[82.76847241391393,24.371574824885993],[82.7725645209496,24.346103825441585],[82.76788782719454,24.317600564158557],[82.77197993423022,24.2909166599787],[82.75853443968444,24.26665856526974],[82.75794985296506,24.23481981596423],[82.73485867754948,24.221781090058162],[82.7439197716999,24.16689715077914],[82.7310588638735,24.155374555792385],[82.72813593027658,24.137484210944525],[82.69627595407029,24.14294228225404],[82.67873835248884,24.156890686711694],[82.66529285794306,24.133239044370455],[82.67143101849656,24.122626127935288],[82.70913686189668,24.09563899757157],[82.71615190252926,24.079568009826883],[82.7339817974704,24.081387366930056],[82.7626265467201,24.07198735523033],[82.77402598774805,24.076535747988263],[82.76350342679918,24.042271189211856],[82.74771958537588,24.029838915673512],[82.75356545256969,24.011948570825655],[82.77402598774805,24.00497436859683],[82.80500908387528,24.004064690045244],[82.80647055067374,23.975561428762216],[82.81553164482415,23.961916250488425]],[[81.197980192295,23.289360574682497],[81.197980192295,23.289360574682497]],[[80.4573088188384,25.004104644422135],[80.4573088188384,25.004104644422135]],[[79.39949915011722,25.030788548601993],[79.42434408569093,25.045040179243507],[79.42405179233126,25.056866000414125],[79.39160722940557,25.08324667841012],[79.3810846684567,25.121453177576733],[79.36734688055122,25.12691124888625],[79.37611568134194,25.140859653343902],[79.36179330671709,25.14055642716004],[79.3521476258473,25.118724141921973],[79.35711661296205,25.109020904038392],[79.3775771481404,25.101743475625703],[79.3810846684567,25.06232407172364],[79.36003954655895,25.05716922659799],[79.35945495983957,25.03988533411785],[79.37670026806133,25.043524048324198],[79.39949915011722,25.030788548601993]],[[79.3714389875869,25.181188735797548],[79.3714389875869,25.181188735797548]],[[73.46272872143642,16.037099935254915],[73.46272872143642,16.037099935254915]],[[73.38702474127649,16.615958720247484],[73.38702474127649,16.615958720247484]],[[72.72965697533176,19.464162265263298],[72.72965697533176,19.464162265263298]],[[80.27491776239131,18.722471019536833],[80.25387264049357,18.705793579424423],[80.20915175646087,18.701851639034217],[80.19629084863446,18.680019353796155],[80.17466114001735,18.684567746554084],[80.16530775250723,18.700335508114907],[80.14952391108393,18.690632270231323],[80.11386412120164,18.681838710899324],[80.08931147898761,18.70670325797601],[80.05335939574564,18.725200055191593],[80.03991390119987,18.750671054636],[80.0258838199347,18.75521944739393],[80.01945336602151,18.77068398277089],[79.99986971092221,18.77765818499972],[79.93907269210652,18.788271101434887],[79.92328885068322,18.801309827340955],[79.90078226198702,18.834664707565775],[79.93234994483363,18.84133568361074],[79.9460877327391,18.86256151648108],[79.94784149289725,18.9414003242852],[79.93819581202744,18.978393918716364],[79.94141103898404,19.025090751031115],[79.93293453155302,19.04601335771759],[79.89756703503042,19.04874239337235],[79.8662916455435,19.03812947693718],[79.86483017874505,19.10726504685772],[79.87798337993114,19.126065070257162],[79.91276628973435,19.14516831984047],[79.93293453155302,19.164271569423775],[79.94754919953755,19.167607057446258],[79.9493029596957,19.179129652433012],[79.92942701123673,19.206723235164457],[79.92708866435919,19.229465198954106],[79.95193359993291,19.28707817388789],[79.96859432143529,19.300723352161675],[79.96391762768025,19.337716946592842],[79.97122496167252,19.35378793433753],[79.97970146910355,19.40382025467476],[79.9525181866523,19.44354288476068],[79.95164130657322,19.461736455792405],[79.91773527684909,19.495091336017225],[79.88499842056372,19.503278442981497],[79.83472396269688,19.539665585044936],[79.81777094783482,19.576355953292243],[79.79994105289367,19.58242047696948],[79.78415721147037,19.60000759563348],[79.74674366142995,19.605465666942994],[79.719268085619,19.58575596499196],[79.6844851758158,19.578781762763136],[79.64619474569629,19.57726563184383],[79.62778026403576,19.56725916777638],[79.61345788941091,19.541788168331973],[79.6073197288574,19.510252645210322],[79.59767404798761,19.504188121533083],[79.57195223233482,19.51328490704894],[79.55412233739368,19.528446216242045],[79.54886105691924,19.55058172766397],[79.5213854811083,19.54421397780287],[79.51963172095016,19.52025910927777],[79.4766645970756,19.499639728775154],[79.46438827596859,19.521168787829353],[79.44743526110652,19.53572364465473],[79.41966739193589,19.53542041847087],[79.37728485478071,19.56362045357004],[79.37523880126288,19.57332369145362],[79.34688634537287,19.575749500924516],[79.320287649641,19.567562393960245],[79.31093426213089,19.592123714853066],[79.26124439098345,19.613046321539542],[79.24312220268261,19.61122696443637],[79.255983110509,19.579388215130862],[79.24575284291983,19.56119464409914],[79.24253761596323,19.528749442425905],[79.22149249406549,19.51237522849736],[79.2147697467926,19.486601002869087],[79.22470772102209,19.466588074734197],[79.19489379833362,19.460523551056955],[79.17501784987465,19.469620336572817],[79.14608080726525,19.502975216797637],[79.11042101738298,19.51449781178439],[79.10866725722482,19.52965912097749],[79.06920765366655,19.532994608999974],[79.05722362591924,19.54694301345763],[79.02390218291448,19.54148494214811],[78.99847266062137,19.56362045357004],[78.98415028599652,19.55240108476714],[78.95521324338713,19.559072060812106],[78.98356569927714,19.581510798417895],[78.98385799263683,19.591820488669203],[78.96836644457322,19.61880761903292],[78.97450460512673,19.650646368338432],[78.95988993714218,19.664897998979946],[78.92130721366298,19.669143165554015],[78.89646227808927,19.656710892015674],[78.86431000852328,19.65762057056726],[78.86898670227833,19.697949653020906],[78.86226395500543,19.732517437981173],[78.85115680733719,19.759504568344894],[78.81286637721769,19.759201342161028],[78.7900674951618,19.779820722663647],[78.76843778654468,19.776485234641164],[78.74359285097096,19.78042717503137],[78.72167084899414,19.767691675309166],[78.7070561810096,19.78649169870861],[78.6243371602171,19.809536888682125],[78.60855331879378,19.818330448014123],[78.59013883713325,19.812569150520744],[78.53109557847571,19.82227238840433],[78.51735779057024,19.814994959991637],[78.50858898977951,19.793162674753574],[78.49894330890972,19.7937691271213],[78.48111341396857,19.817117543278673],[78.44925343776227,19.81984657893343],[78.40248650021174,19.836827245229703],[78.39050247246442,19.85320145915825],[78.38874871230627,19.879582137154244],[78.34081260131697,19.88352407754445],[78.32765940013088,19.895349898715068],[78.33905884115882,19.904749910414793],[78.33292068060531,19.91657573158541],[78.31479849230448,19.913240243562928],[78.30222987783777,19.873820839660866],[78.29872235752148,19.84986597113577],[78.34373553491388,19.83955628088446],[78.34373553491388,19.81408528144005],[78.36507295017131,19.80620140065964],[78.37238028416358,19.781640079766817],[78.35776561617904,19.73827873547455],[78.35016598882707,19.73494324745207],[78.34987369546738,19.714323866949453],[78.32736710677119,19.704317402882005],[78.3206443594983,19.69127867697594],[78.29024585009046,19.690368998424354],[78.27416971530745,19.6636850942445],[78.2919996102486,19.65519476109636],[78.31567537238355,19.60485921457527],[78.31567537238355,19.572717239085897],[78.301060704399,19.559072060812106],[78.28381539617725,19.559072060812106],[78.29959923760056,19.53814945412563],[78.30398363799593,19.50509780008467],[78.31479849230448,19.487510681420673],[78.31362931886572,19.457491289218332],[78.30193758447808,19.449910634621787],[78.27796952898343,19.454762253563576],[78.256632113726,19.43111061122234],[78.22886424455537,19.435052551612547],[78.2025578421832,19.408368647432688],[78.1864817074002,19.412613814006757],[78.19203528123433,19.39654282626207],[78.18414336052267,19.354091160521392],[78.20168096210412,19.33286532765105],[78.19758885506846,19.30405884018416],[78.18765088083896,19.28010397165906],[78.18794317419865,19.242807151044033],[78.15403714447451,19.23128455605728],[78.13123826241863,19.247355543801966],[78.1037626866077,19.24644586525038],[78.08651737838593,19.2558458769501],[78.07950233775335,19.247658769985826],[78.05524198889901,19.242807151044033],[78.04998070842457,19.271916864694788],[78.03156622676406,19.2798007454752],[78.02250513261363,19.297387864139196],[77.98947598296857,19.30982013767754],[77.98099947553753,19.321949185032018],[77.94475509893587,19.34317501790236],[77.91611034968616,19.318613697009535],[77.89711128130627,19.321949185032018],[77.89185000083182,19.31315562570002],[77.86466671838058,19.302845935448712],[77.86583589181934,19.284955590600852],[77.90471090865822,19.277981388372027],[77.90441861529854,19.25705878168555],[77.87138946565346,19.256149103133964],[77.86554359845965,19.22703938948321],[77.84829829023789,19.18913611650046],[77.85677479766892,19.177613521513706],[77.85326727735263,19.156387688643363],[77.83485279569211,19.136677986692334],[77.84917517031697,19.11514892763813],[77.84595994336036,19.08785857109055],[77.83251444881458,19.086039213987377],[77.8190689542688,19.10453601120296],[77.80416199292458,19.09998761844503],[77.79743924565169,19.072090809529726],[77.80094676596798,19.052381107578697],[77.76557926944538,19.062994024013868],[77.76119486905002,19.029639143789044],[77.77230201671827,19.000529430138293],[77.7711328432795,18.982639085290437],[77.82111500778664,18.98354876384202],[77.81643831403159,18.950800335984923],[77.857651677748,18.953529371639682],[77.84449847656191,18.91259383681831],[77.8605746113449,18.907438991692658],[77.88571184027832,18.90986480116355],[77.89185000083182,18.88651638500618],[77.90266485514039,18.88500025408687],[77.90324944185977,18.869232492526045],[77.92955584423194,18.860742159377907],[77.93364795126762,18.848006659655702],[77.94826261925216,18.843761493081637],[77.9468011524537,18.823748564946744],[77.9117259492908,18.831025993359432],[77.84128324960531,18.808890481937503],[77.82725316834015,18.77007753040317],[77.8065003398021,18.73065812650111],[77.8062080464424,18.71761940059504],[77.79042420501911,18.69578711535698],[77.79042420501911,18.68578065128953],[77.77317889679735,18.692148401150632],[77.7682099096826,18.70943229363077],[77.73664222683598,18.677593544325255],[77.73342699987938,18.644238664100435],[77.74687249442516,18.623012831230096],[77.75096460146084,18.590870855740725],[77.74044204051197,18.55660629696432],[77.71618169165762,18.55599984459659],[77.66123054003575,18.52870948804901],[77.64895421892874,18.537806273564872],[77.65596925956132,18.5511482256548],[77.64398523181399,18.55539339222887],[77.60072581457975,18.549025642367766],[77.59049554699057,18.51142559556888],[77.60627938841387,18.492928798353297],[77.60452562825573,18.475948132057024],[77.5799729860417,18.485348143756745],[77.57412711884787,18.468367477460475],[77.54986676999353,18.46745779890889],[77.55337429030982,18.459573918128477],[77.58728032003397,18.455328751554408],[77.5861111465952,18.444715835119236],[77.563604557899,18.436831954338825],[77.5320368750524,18.44198679946448],[77.52940623481517,18.428948073558413],[77.55863557078426,18.41954806185869],[77.55278970359045,18.38952866965635],[77.52472954106013,18.36648347968284],[77.53086770161363,18.341012480238433],[77.55688181062611,18.33312859945802],[77.57383482548818,18.310083409484506],[77.55337429030982,18.293102743188236]],[[73.67581058065105,15.72811245389953],[73.65885756578898,15.74903506058601],[73.68896378183713,15.754493131895526],[73.66645719314093,15.764802822146834],[73.65651921891144,15.797854476187792],[73.64599665796257,15.810893202093858],[73.6290436431005,15.855770677305435],[73.61764420207257,15.853344867834538],[73.61589044191442,15.866686819924467],[73.58958403954225,15.910048164216734],[73.53872499495604,15.937641746948177],[73.52995619416531,15.931880449454798],[73.51241859258386,15.939157877867487],[73.50920336562726,15.962203067841],[73.48757365701013,15.974938567563203],[73.49458869764271,16.00465473358168],[73.48640448357138,16.037706387622638],[73.45863661440075,16.057112863389804],[73.46857458863023,16.067725779824976],[73.47412816246435,16.095925814924144],[73.46857458863023,16.11684842161062],[73.47237440230622,16.158693634983578],[73.46039037455888,16.135041992642343],[73.46155954799765,16.110177445565657],[73.4504524003294,16.147474266180684],[73.44168359953868,16.196293681782468],[73.43203791866888,16.201448526908123],[73.41976159756186,16.2526937519808],[73.40602380965639,16.29453896535376],[73.39433207526875,16.309700274546856],[73.3864401545571,16.33880998819761],[73.39053226159278,16.356093880677744],[73.40982362333237,16.355184202126157],[73.39550124870752,16.36640357092905],[73.3867324479168,16.35821646396478],[73.37270236665164,16.362764856722706],[73.37241007329195,16.38247455867374],[73.40163940926102,16.389751987086427],[73.41654637060526,16.403397165360218],[73.43291479874794,16.40400361772794],[73.46945146870931,16.414919760346972],[73.41011591669206,16.410068141405183],[73.4022239959804,16.399758451153872],[73.36977943305473,16.393693927476633],[73.34434991076162,16.47495854475165],[73.33441193653213,16.478597258957993],[73.32739689589955,16.510132782079644],[73.31979726854759,16.511952139182817],[73.31453598807316,16.538636043362672],[73.32505854902203,16.55501025729122],[73.34113468380502,16.560468328600734],[73.34434991076162,16.57441673305839],[73.3259354291011,16.582907066206523],[73.32008956190728,16.599584506318934],[73.33558110997089,16.601403863422107],[73.35107265803451,16.59170062553852],[73.3452267908407,16.610500648937965],[73.3545801783508,16.60898451801866],[73.36948713969504,16.623842601027896],[73.38614786119741,16.596855470664174],[73.39228602175092,16.626571636682655],[73.37007172641441,16.636274874566237],[73.35311871155234,16.620507113005413],[73.32476625566234,16.639003910220993],[73.33207358965461,16.64779746955299],[73.32739689589955,16.675391052284436],[73.33967321700656,16.686307194903467],[73.3224279087848,16.690855587661396],[73.30430572048398,16.7427072651018],[73.3034288404049,16.763326645604415],[73.31775121502976,16.7969847520131],[73.29349086617542,16.83428157262813],[73.2940754528948,16.885526797700805],[73.31541286815222,16.8879526071717],[73.30635177400181,16.894926809400527],[73.28238371850716,16.893107452297357],[73.28969105249944,16.926159106338314],[73.28472206538468,16.94829461776024],[73.29466003961417,16.974978521940095],[73.30781324080027,16.95678495090838],[73.33207358965461,16.950113974863413],[73.33382734981275,16.96800431971127],[73.31336681463439,16.965275284056514],[73.31570516151191,16.978010783778718],[73.2715688641986,16.99256564060409],[73.2841374786653,17.002268878487676],[73.27536867787458,17.022585032806433],[73.26075400989004,17.0180366400485],[73.25783107629313,17.046539901331528],[73.28033766498933,17.039565699102702],[73.2940754528948,17.05563668684739],[73.29173710601727,17.07049476985663],[73.30927470759872,17.07807542445318],[73.29290627945603,17.080198007740215],[73.28735270562191,17.10142384061055],[73.27361491771643,17.119617411642274],[73.2587079563722,17.18208200551785],[73.23912430127291,17.194211052872326],[73.24906227550241,17.199669124181845],[73.24906227550241,17.219682052316735],[73.23766283447446,17.22938529020032],[73.21983293953332,17.275172443963484],[73.21077184538291,17.27214018212486],[73.19674176411775,17.306101514717405],[73.23181696728065,17.298520860120856],[73.24292411494889,17.319746692991195],[73.22538651336745,17.324598311932988],[73.23123238056127,17.33521122836816],[73.22187899305115,17.344004787700158],[73.21924835281393,17.37129514424774],[73.19732635083713,17.390095167647182],[73.17774269573783,17.388882262911736],[73.16838930822773,17.405862929208006],[73.18768066996732,17.411321000517525],[73.1946957105999,17.463779130325648],[73.18358856293166,17.508050153169503],[73.15874362735794,17.532914700246188],[73.14120602577648,17.556566342587423],[73.15611298712072,17.573547008883693],[73.16020509415638,17.59083090136383],[73.14500583945247,17.603566401086034],[73.13068346482761,17.642682578804234],[73.13857538553927,17.641469674068784],[73.11986861051905,17.676340685212914],[73.11694567692214,17.693018125325324],[73.1374062121005,17.705147172679805],[73.13799079881989,17.718489124769732],[73.1084691694911,17.789444051793446],[73.09765431518255,17.80824407519289],[73.09326991478719,17.83432152700502],[73.13009887810823,17.8312892651664],[73.1020387155779,17.844631217256328],[73.09210074134842,17.83886991976295],[73.07602460656543,17.87768287129729],[73.08040900696079,17.8943603114097],[73.05585636474676,17.893450632858112],[73.05527177802738,17.918011953750934],[73.03364206941025,17.936508750966517],[73.02808849557613,17.986844297487607],[73.01990428150478,17.99139269024554],[73.0067510803187,18.02171530863174],[73.02575014869859,18.022321760999464],[73.0418262834816,18.048702438995456],[73.01756593462726,18.030205641779876],[73.00470502680086,18.050825022282492],[72.99242870569384,18.049612117547042],[73.00148979984425,18.073870212256004],[72.97079899707671,18.129057377718887],[72.98453678498218,18.14179287744109],[72.98570595842095,18.15786386518578],[72.97635257091085,18.199102626191014],[72.9523845154162,18.217599423406597],[72.93776984743165,18.21092844736163],[72.94040048766887,18.231547827864247],[72.9328008603169,18.28067046964989],[72.94712323494176,18.28491563622396],[72.96261478300538,18.316147933161744],[72.95355368885495,18.332218920906435],[72.91350949857731,18.35920605127015],[72.92695499312309,18.374973812830973],[72.91234032513854,18.39195447912725],[72.90152547083,18.44229002564834],[72.89217208331988,18.459270691944614],[72.89977171067184,18.46745779890889],[72.90240235090906,18.495961060191917],[72.90970968490133,18.50111590531757],[72.90678675130442,18.536290142645562],[72.93338544703629,18.53447078554239],[72.8883722696439,18.60360635546293],[72.86645026766709,18.622709605046232],[72.86177357391203,18.639387045158642],[72.86235816063142,18.67819999669298],[72.85300477312131,18.69275485351836],[72.8658656809477,18.75673557831324],[72.86031210711357,18.773716244609513],[72.86498880086863,18.804342089179578],[72.81120682268552,18.893490587235007],[72.80623783557077,18.908651896428104],[72.82231397035378,18.943219681388374],[72.80974535588706,18.951103562168786],[72.79396151446376,18.93806483626272],[72.78753106055056,18.945039038491544],[72.80799159572892,18.980213275819537],[72.81325287620335,19.014477834595944],[72.82026791683593,19.018723001170013],[72.81617580980026,19.038735929304906],[72.82582149067005,19.124548939337853],[72.79980738165757,19.13758766524392],[72.79513068790251,19.124548939337853],[72.78373124687458,19.125155391705576],[72.78694647383118,19.14820058167909],[72.78110060663735,19.16032962903357],[72.79162316758622,19.168516735997844],[72.79425380782345,19.19065224741977],[72.78402354023427,19.194594187809976],[72.77905455311952,19.21612324686418],[72.78431583359395,19.299813673610092],[72.79396151446376,19.30405884018416],[72.80009967501726,19.330439518180157],[72.76590135193344,19.36318794603725],[72.75450191090549,19.382291195620557],[72.75596337770395,19.417162206764687],[72.74573311011477,19.464162265263298],[72.74865604371168,19.485994550501363],[72.73024156205115,19.500246181142877],[72.72790321517363,19.52025910927777],[72.7094887335131,19.553007537134867],[72.71182708039063,19.581207572234035],[72.72118046790074,19.60213017892051],[72.72030358782166,19.61911084521678],[72.70510433311773,19.63033021401968],[72.69487406552855,19.656710892015674],[72.69779699912547,19.680059308173046],[72.71445772062785,19.690672224608218],[72.69545865224794,19.71705290260421],[72.67616729050835,19.71402064076559],[72.67762875730679,19.745859390071104],[72.6709060100339,19.761930377815787],[72.68668985145722,19.773756198986405],[72.68668985145722,19.7937691271213],[72.71358084054877,19.801653007901713],[72.71971900110228,19.821969162220466],[72.69955075928361,19.809840114865985],[72.67733646394711,19.80620140065964],[72.66506014284009,19.821665936036602],[72.6551221686106,19.81226592433688],[72.64430731430204,19.83894982851674],[72.64430731430204,19.868969220719077],[72.65599904868968,19.86047888757094],[72.67265977019206,19.873214387293146],[72.66330638268195,19.917788636320857],[72.65073776821524,19.93628543353644],[72.66885995651607,19.942653183397542],[72.6843515045797,19.96024030206154],[72.70802726671465,19.968427409025814],[72.72205734797981,19.95265964746499],[72.72819550853332,19.924459612365823],[72.73988724292094,19.90596281515024],[72.7539173241861,19.90293055331162],[72.75362503082641,19.882311172809004],[72.77262409920633,19.89716925581824],[72.76239383161715,19.929008005123755],[72.7705780456885,19.938711243007337],[72.76005548473962,19.98146613493188],[72.74719457691322,19.97206612323216],[72.72790321517363,19.983588718218915],[72.71942670774258,19.979040325460986],[72.71475001398754,20.016337146076012],[72.72410340149764,20.028769419614353],[72.71475001398754,20.035137169475455],[72.70393515967898,20.06424688312621],[72.70422745303867,20.08092432323862],[72.72088817454105,20.102756608476682],[72.72936468197207,20.13671794106923]],[[94.6808882881144,25.453182622721766],[94.67650388771905,25.419827742496945],[94.66919655372678,25.405879338039295],[94.64756684510965,25.399814814362053],[94.63558281736233,25.37373736254992],[94.63441364392357,25.35251152967958],[94.6171683357018,25.325524399315864],[94.59700009388314,25.28246628120746],[94.59758468060252,25.26033076978553],[94.58355459933736,25.209388770896712],[94.59992302748005,25.188769390394096],[94.62915236344912,25.183614545268444],[94.64581308495151,25.16784678370762],[94.68527268850977,25.15116934359521],[94.70134882329276,25.15298870069838],[94.71157909088195,25.142982236630935],[94.74343906708825,25.129640284541008],[94.74343906708825,25.094769273396874],[94.748408054203,25.05656277423026],[94.73993154677197,25.01805304887979],[94.72385541198896,24.994401406538554],[94.71099450416257,24.986820751942002],[94.69959506313462,24.961349752497593],[94.71684037135638,24.93527230068546],[94.7036871701703,24.92738841990505],[94.68673415530823,24.887969016002987],[94.65458188574223,24.866743183132648],[94.65370500566317,24.855827040513617],[94.63879804431893,24.841878636055963],[94.62301420289562,24.777897911261082],[94.63090612360728,24.75788498312619],[94.61512228218398,24.737265602623573],[94.60839953491109,24.715130091201644],[94.5885235864521,24.703910722398753],[94.58355459933736,24.72331719816592],[94.57507809190632,24.72331719816592],[94.57420121182724,24.7051236271342],[94.56017113056208,24.7114913769953],[94.54409499577909,24.70057523437627],[94.55052544969229,24.686020377550893],[94.53824912858528,24.642355807074765],[94.5183731801263,24.60991060540153],[94.48300568360371,24.575646046625124],[94.46312973514473,24.56897507058016],[94.42717765190275,24.486800774753554],[94.40087124953058,24.48134270344404],[94.40905546360193,24.46314913241232],[94.40496335656626,24.424639407061843],[94.3967791424949,24.406749062213986],[94.36287311277077,24.39340711012406],[94.38362594130882,24.37824580093096],[94.3491353248653,24.335490909006413],[94.32370580257219,24.332761873351657],[94.32545956273034,24.286065041036906],[94.3105526013861,24.247858541870293],[94.29243041308527,24.23360691122878],[94.28249243885578,24.196310090613753],[94.28103097205732,24.173568126824104],[94.2599858501596,24.161439079469623],[94.25530915640454,24.1368777585768],[94.25706291656269,24.083206724033225],[94.24449430209597,24.056219593669507],[94.23046422083081,24.06076798642744],[94.24274054193783,24.038026022637787],[94.19188149735163,23.958883988649806],[94.19334296415008,23.931593632102224],[94.17405160241049,23.93280653683767],[94.16674426841821,23.922800072770226],[94.16557509497945,23.883077442684304],[94.15856005434686,23.84669030062086],[94.13663805237005,23.850025788643343],[94.11997733086767,23.836683836553416],[94.11150082343664,23.860638705078514],[94.0933786351358,23.887625835442233],[94.07321039331714,23.88732260925837],[94.04836545774342,23.894600037671058],[94.04076583039145,23.912187156335055],[94.01504401473866,23.92825814407974],[93.96681561038967,23.928561370263605],[93.95132406232605,23.94463235800829],[93.91858720604068,23.951303334053254],[93.89374227046696,23.94948397695008],[93.8639283477785,23.93280653683767],[93.83528359852879,23.927045239344295],[93.8057619692,23.927954917895878],[93.79143959457517,23.96252270285615],[93.77127135275649,23.977380785865385],[93.7549029246138,24.004671142412967],[93.73765761639204,23.99436145216166],[93.67539913077789,24.00649049951614],[93.66078446279334,24.000122749655038],[93.65055419520417,24.008916308987036],[93.61869421899787,24.009825987538623],[93.61898651235757,23.986780797565107],[93.60729477796993,23.96889045271725],[93.57806544200085,23.96585819087863],[93.5669582943326,23.984354988094214],[93.55292821306743,23.960703345752975],[93.52866786421309,23.95645817917891],[93.51317631614947,23.94281300090512],[93.47050148563461,23.966464643246354],[93.46524020516017,23.994967904529382],[93.4421490297446,24.023774391996273],[93.43104188207634,24.057432498404957],[93.40882758673985,24.07774865272371],[93.36469128942653,24.088968021526604],[93.34539992768693,24.108980949661497],[93.35212267495982,24.093819640468396],[93.33253901986053,24.086238985871848],[93.34043094057219,24.063497022082196],[93.33575424681713,24.049548617624545]],[[93.33575424681713,24.049548617624545],[93.28664896238907,24.047729260521372],[93.27232658776421,24.030142141857375],[93.253619812744,24.02013567778993],[93.25098917250679,24.030142141857375],[93.26209632017503,24.069258319575574],[93.24660477211143,24.081690593113915],[93.22526735685399,24.082903497849365],[93.2153293826245,24.046516355785922],[93.19253050056861,24.052580879463164],[93.1741160189081,24.050155069992268],[93.16856244507397,24.067742188656265],[93.14664044309716,24.084722854952535],[93.12793366807693,24.06076798642744],[93.09958121218693,24.041664736844133],[93.10104267898538,24.070774450494884],[93.0782437969295,24.099580937961775],[93.0525219812767,24.087451890607294],[92.99961688317265,24.112013211500116],[92.97535653431831,24.111709985316256],[92.9920172558207,24.14991648448287],[93.00429357692771,24.157497139079418],[93.00984715076183,24.17902619813362],[93.00195523005019,24.194490733510584],[93.01569301795566,24.196916542981477],[93.02270805858824,24.214503661645473],[93.00575504372617,24.250890803708916],[93.01306237771843,24.268477922372913],[93.00721651052461,24.27727148170491],[93.03439979297588,24.31517475468766],[93.04229171368752,24.340039301764346],[93.02066200507039,24.34367801597069],[93.02358493866731,24.387342586446817],[92.99961688317265,24.40007808616902]],[[93.47371671259121,25.30551147118097],[93.47225524579275,25.281556602655872],[93.48716220713699,25.271853364772287],[93.51025338255256,25.271550138588424],[93.50469980871844,25.240014615466777],[93.52019135678205,25.24486623440857],[93.56257389393723,25.242440424937673],[93.57426562832487,25.223337175354366],[93.58975717638847,25.215756520757814],[93.59238781662569,25.19968553301313],[93.60729477796993,25.197866175909958],[93.6374009940181,25.246079139144015],[93.64295456785221,25.26154367452098],[93.67218390382129,25.30733082828414],[93.67159931710191,25.324311494580414],[93.68650627844615,25.32673730405131],[93.69205985228027,25.357363148621374],[93.71105892066018,25.353724434415028],[93.72245836168813,25.371311553079025],[93.7391190831905,25.380105112411023],[93.74613412382308,25.401330945281362],[93.78033244690691,25.42013096868081],[93.80839260943723,25.461066503502177],[93.81336159655197,25.480169753085484],[93.7967008750496,25.499879455036517],[93.76893300587896,25.492298800439965],[93.76367172540454,25.511098823839408],[93.77127135275649,25.536266597099956],[93.77916327346814,25.533537561445197],[93.8192074637458,25.5399053113063],[93.83586818524817,25.558402108521882],[93.86159000090096,25.552944037212367],[93.89140392358944,25.563860179831398],[93.94313984825472,25.558705334705746],[93.95687763616019,25.55203435866078],[93.97996881157576,25.566285989302294],[94.01153649442237,25.570531155876363],[94.00978273426422,25.590544084011256],[94.02498198896815,25.58842150072422],[94.05333444485817,25.57174406061181],[94.06853369956208,25.553853715763953],[94.08519442106447,25.55476339431554],[94.09542468865365,25.536569823283816],[94.09133258161798,25.527776263951818],[94.13780722580881,25.518376252252096],[94.15914464106625,25.549911775373747],[94.1670365617779,25.541724668409472],[94.19392755086946,25.547182739718988],[94.18983544383379,25.525350454480925],[94.21380349932844,25.49472460991086],[94.25092475600917,25.493511705175415],[94.28570766581238,25.50624720489762],[94.3014915072357,25.488963312417482],[94.36345769949016,25.51564721659734],[94.3874257549848,25.53080852579044],[94.4189934378314,25.53687304946768],[94.42454701166554,25.547182739718988],[94.42133178470894,25.5702279296925],[94.4289314120609,25.58690536980491],[94.44325378668574,25.590240857827393],[94.47277541601453,25.6157118572718],[94.50668144573866,25.61298282161704],[94.50755832581774,25.620866702397457],[94.53035720787362,25.64421511855483],[94.53824912858528,25.645124797106416],[94.56397094423806,25.674840963124893],[94.57186286494972,25.691518403237303],[94.59583092044437,25.680905486802132],[94.58413918605675,25.66877643944765],[94.57478579854663,25.63845382106145],[94.59407716028623,25.637544142509867],[94.58267771925829,25.628447356994005],[94.55432526336827,25.57962794139222],[94.56017113056208,25.572047286795673],[94.56221718407993,25.533537561445197],[94.55607902352642,25.50655043108148],[94.6238910829747,25.462582634421487],[94.65721252597945,25.45045358706701],[94.6808882881144,25.453182622721766]],[[92.42526043138014,25.029575643866544],[92.40479989620178,25.032911131889026],[92.34546434418453,25.055046643310952],[92.34400287738609,25.07748538091674],[92.32675756916433,25.08051764275536],[92.30045116679216,25.071420857239502],[92.23234681398418,25.096588630500047],[92.2124708655252,25.111143487325425],[92.22240883975469,25.12114995139287],[92.18733363659179,25.132672546379627],[92.17885712916076,25.12266608231218],[92.13852064552341,25.142679010447072],[92.13764376544435,25.156324188720863],[92.12536744433733,25.165420974236724],[92.07772362670772,25.185737128555477],[92.0496634641774,25.18179518816527],[92.01400367429511,25.188466164210237],[91.9862358051245,25.17087904554624],[91.95028372188251,25.182704866716858],[91.91637769215838,25.182098414349134],[91.87896414211795,25.175730664488032],[91.84418123231474,25.17815647395893],[91.80939832251153,25.168756462259207],[91.7690618388742,25.16663387897217],[91.74977047713459,25.1711822717301],[91.74713983689738,25.148137081756587],[91.71411068725232,25.157537093456313],[91.6918963919158,25.13752416532142],[91.67494337705374,25.136614486769833],[91.64512945436528,25.12387898704763],[91.63109937310011,25.13024673690873],[91.62174598559,25.146014498469555],[91.60800819768454,25.142375784263212],[91.6059621441667,25.173001628833273],[91.58257867539143,25.16966614081079],[91.55685685973863,25.150866117411347],[91.51096680226718,25.144498367550245],[91.49605984092294,25.134188677298937],[91.47384554558643,25.135401582034383],[91.46975343855075,25.148743534124314],[91.43467823538786,25.155111283985416],[91.41684834044672,25.171788724097826],[91.40691036621723,25.165420974236724],[91.3794347904063,25.16663387897217],[91.35955884194732,25.17664034303962],[91.34845169427906,25.171788724097826],[91.32389905206503,25.18452422382003],[91.29437742273626,25.1863435809232],[91.29350054265718,25.193014556968166],[91.26748643364469,25.206053282874233],[91.25491781917799,25.19695649735837],[91.19616685388013,25.199382306829268],[91.17687549214054,25.194227461703615],[91.13770818194196,25.192408104600442],[91.08451079047822,25.20120166393244],[91.06668089553708,25.191498426048856],[91.04797412051687,25.189982295129546],[90.97256243371663,25.172091950281686],[90.91147312154123,25.16147903384652],[90.89452010667918,25.165724200420584],[90.87230581134267,25.159053224375622],[90.82232364683554,25.162995164765828],[90.79309431086645,25.18179518816527],[90.77789505616252,25.18179518816527],[90.76328038817798,25.164511295685138],[90.74428131979808,25.164511295685138],[90.73492793228797,25.15420160543383],[90.72352849126003,25.164208069501274],[90.69634520880878,25.159053224375622],[90.67150027323505,25.171788724097826],[90.65805477868928,25.192711330784302],[90.63905571030938,25.172698402649413],[90.59959610675111,25.173001628833273],[90.51336956564231,25.16784678370762],[90.44731126635217,25.1432854628148],[90.41223606318928,25.155414510169276],[90.38008379362329,25.161175807662655],[90.35494656468987,25.173608081200996],[90.33448602951151,25.191195199864993],[90.31197944081532,25.186646807107063],[90.27836570445086,25.197562949726095],[90.26316644974695,25.19483391407134],[90.23656775401508,25.203324247219474],[90.21727639227548,25.20271779485175],[90.19067769654362,25.215756520757814],[90.1626175340133,25.223033949170503],[90.11526600974338,25.22364040153823],[90.10357427535574,25.234253317973398],[90.07522181946572,25.24335010348926],[90.06265320499902,25.25547915084374],[90.0123787471322,25.271246912404564],[89.9837339978825,25.284892090678355],[89.97496519709176,25.300356626055315],[89.93199807321722,25.29914372131987],[89.91095295131947,25.30733082828414],[89.87207793448059,25.286711447781524],[89.83758731803707,25.295505007113523],[89.84284859851151,25.312182447225933],[89.82326494341221,25.347053458370066],[89.81683448949902,25.36949219597585],[89.81858824965717,25.387988993191435],[89.82881851724635,25.403150302384535],[89.83700273131768,25.434382599322323],[89.8557095063379,25.462582634421487],[89.8560017996976,25.47653103887914]],[[91.47121490534921,25.857989578177545],[91.47764535926241,25.856170221074372]],[[93.33575424681713,24.049548617624545],[93.34043094057219,24.026806653834893],[93.33575424681713,23.978896916784695],[93.3497843280823,23.974045297842903],[93.36322982262807,23.941903322353532],[93.39684355899251,23.92613556079271],[93.39362833203592,23.883380668868163],[93.3971358523522,23.82030962262487],[93.40911988009954,23.80363218251246],[93.40239713282665,23.77088375465536],[93.41584262737243,23.72843208891468],[93.41496574729335,23.708115934595927],[93.44273361646398,23.67839976857745],[93.4260728949616,23.64959328111056],[93.43074958871665,23.61472226996643],[93.43104188207634,23.57833512790299],[93.42198078792593,23.55741252121651],[93.42344225472439,23.52708990283031],[93.40532006642356,23.50434793904066],[93.40473547970417,23.4712962849997],[93.39625897227313,23.438851083326465],[93.39596667891345,23.407315560204815],[93.41204281369644,23.383967144047443],[93.3942129187553,23.37001873958979],[93.39655126563282,23.360315501706207],[93.37404467693663,23.358799370786894],[93.36352211598776,23.350612263822622],[93.37696761053354,23.328779978584556],[93.37901366405137,23.289663800866357],[93.37316779685756,23.278747658247326],[93.37609073045446,23.25236698025133],[93.39245915859715,23.22022500476196],[93.38515182460489,23.207186278855893],[93.37813678397231,23.16291525601204],[93.3714140366994,23.14654104208349],[93.38836705156149,23.144115232612595],[93.3912899851584,23.134715220912874],[93.36264523590869,23.112882935674808],[93.35943000895209,23.09165710280447],[93.34861515464353,23.076495793611368],[93.33020067298301,23.031921544583653],[93.2954177631798,23.002205378565176],[93.26560384049132,23.00887635461014],[93.2506968791471,23.003115057116762],[93.23169781076719,23.018276366309863],[93.21796002286172,23.041624782467238],[93.19223820720893,23.0570893178442],[93.16563951147705,23.045869949041307],[93.1451789762987,23.05830222257965],[93.13085660167386,23.044353818121994],[93.13348724191107,23.009786033161728],[93.12705678799787,22.997656985807247],[93.14547126965839,22.977340831488494],[93.14020998918396,22.961269843743807],[93.15102484349251,22.927308511151264],[93.16593180483675,22.915785916164506],[93.13641017550798,22.910024618671127],[93.13611788214828,22.890314916720097],[93.11945716064591,22.859689072150033],[93.11858028056683,22.834218072705625],[93.10893459969704,22.825121287189766],[93.11390358681177,22.81329546601915],[93.0969505719497,22.807230942341906],[93.11039606649548,22.74112763425999],[93.09315075827372,22.708075980219032],[93.10455019930167,22.683211433142347],[93.10104267898538,22.67108238578787],[93.11594964032962,22.648340421998217],[93.11244212001333,22.636211374643736],[93.13670246886767,22.61528876795726],[93.14313292278086,22.583146792467886],[93.13348724191107,22.578598399709954],[93.11302670673271,22.5519144955301],[93.10922689305673,22.528869305556587],[93.12822596143663,22.52310800806321],[93.12793366807693,22.503095079928315],[93.13582558878859,22.48368860416115],[93.13202577511261,22.471862782990527],[93.14313292278086,22.455488569061984],[93.17265455210963,22.448211140649292],[93.18814610017326,22.424256272124197],[93.19282279392831,22.400301403599094],[93.1898998603314,22.36785620192586],[93.19662260760428,22.33419809551718],[93.19925324784151,22.277798025318845],[93.20568370175471,22.258088323367815],[93.18756151345387,22.246565728381057],[93.14868649661499,22.24504959746175],[93.15628612396695,22.20684309829514],[93.16710097827551,22.197139860411554],[93.16008593764293,22.179552741747557],[93.12793366807693,22.176217253725074],[93.11711881376837,22.19562372949224],[93.09461222507218,22.196533408043827],[93.07882838364887,22.20563019355969],[93.05135280783793,22.2007785746179],[93.04375318048598,22.18743662252797],[93.052229687917,22.162875301635147],[93.04433776720535,22.136191397455292],[93.05661408831237,22.124972028652394],[93.06275224886588,22.099501029207985],[93.01335467107813,22.10313974341433],[93.01189320427967,22.082823589095575],[92.9981554163742,22.05341064926096],[92.99727853629513,22.037339661516278],[93.007801097244,22.00883640023325],[93.00663192380523,21.981546043685668],[92.98967890894318,21.97851378184705],[92.96395709329038,22.024907387977933],[92.95314223898181,22.027636423632693],[92.92508207645149,21.993675091040146],[92.91309804870417,21.963049246470085],[92.91339034206385,21.94728148490926],[92.90316007447467,21.951526651483327],[92.90228319439561,21.97881700803091],[92.89176063344674,22.010049304968696],[92.87217697834745,22.028242876000416],[92.86779257795209,22.05886872057048],[92.84645516269465,22.060384851489786],[92.82336398727908,22.077668743969923],[92.81459518648835,22.093739731714606],[92.76695136885874,22.114055886033363],[92.76344384854245,22.124668802468534],[92.73567597937182,22.13740430219074],[92.73041469889739,22.147713992442046],[92.70586205668336,22.151959159016116],[92.69855472269109,22.13679784982301],[92.69124738869881,22.07554616068289],[92.68744757502283,22.105565552885228],[92.68160170782902,22.103746195782055],[92.68773986838252,22.03946224480331],[92.67838648087242,22.012778340623456],[92.66084887929097,22.013991245358902],[92.62781972964589,21.9836686269727],[92.61554340853888,21.988520245914494],[92.60005186047528,22.010958983520283],[92.6053131409497,22.026423518897246],[92.59479058000083,22.07888164870537],[92.57374545810309,22.1201204097106],[92.56497665731237,22.12830751667488],[92.58426801905196,22.144075278235704],[92.59712892687836,22.126791385755567],[92.6085283679063,22.126488159571707],[92.61437423510012,22.16924305149625],[92.59975956711557,22.180765646483003],[92.6020979139931,22.199868896066313],[92.59274452648299,22.21775924091417],[92.59274452648299,22.254752835345336],[92.5798836186566,22.27870770387043],[92.58339113897289,22.3132754888307],[92.57433004482247,22.354817476019797],[92.55679244324102,22.41606916515992],[92.55006969596813,22.469436973519635],[92.54714676237123,22.52371446043093],[92.52990145414947,22.572533876032715],[92.53925484165957,22.577082268790647],[92.53487044126422,22.610133922831604],[92.52697852055256,22.62165651781836],[92.5351627346239,22.629843624782634],[92.52697852055256,22.642275898320975],[92.52054806663935,22.701101777990203],[92.51061009240988,22.73506311058275],[92.48050387636171,22.750830872143574],[92.47553488924697,22.779637359610465],[92.4650123282981,22.808747073261216],[92.45653582086706,22.81693418022549],[92.46472003493841,22.84695357242783],[92.44864390015542,22.892740726190993],[92.43665987240809,22.888192333433064],[92.41561475051034,22.918211725635402],[92.40392301612272,22.912753654325886],[92.40187696260487,22.927914963518987],[92.37557056023269,22.933676261012366],[92.37849349382961,22.962785974663117],[92.39106210829631,23.00554086658766],[92.3852162411025,23.021611854332345],[92.39661568213043,23.051328020350823],[92.38609312118157,23.088018388598126],[92.37673973367146,23.08710871004654],[92.36650946608228,23.10530228107826],[92.37381680007455,23.12622488776474],[92.36329423912568,23.138353935119216],[92.36797093288074,23.148966851554388],[92.36534029264351,23.18292818414693],[92.3594944254497,23.190812064927343],[92.36241735904662,23.237508897242094],[92.40596906964055,23.238115349609817],[92.39310816181415,23.263586349054226],[92.39983090908703,23.2717734560185],[92.3881391746994,23.29451541980815],[92.39193898837539,23.307250919530354],[92.37323221335517,23.328476752400697],[92.3849239477428,23.340909025939037],[92.379078080549,23.372141322876825],[92.36534029264351,23.375173584715444],[92.35686378521248,23.40155426271144],[92.36124818560785,23.41398653624978],[92.34809498442175,23.434605916752396],[92.33260343635814,23.429451071626744],[92.33464948987597,23.464322082770874],[92.3212039953302,23.517993117314447],[92.31301978125886,23.534367331242997],[92.31506583477669,23.553773807010163],[92.31009684766195,23.590464175257466],[92.29489759295802,23.59652869893471],[92.298697406634,23.62563841258546],[92.28408273864946,23.626244864953183],[92.27940604489442,23.64352875743332],[92.29606676639679,23.687496554093308],[92.28232897849132,23.715090136824752],[92.26859119058585,23.724490148524474]],[[92.26859119058585,23.724490148524474],[92.26712972378739,23.768457945184466],[92.25894550971606,23.81333542039604],[92.286421085527,23.815154777499213],[92.27356017770059,23.8400193245759],[92.29139007264173,23.869735490594376],[92.29460529959833,23.863670966917134],[92.31974252853175,23.863974193100997],[92.31652730157515,23.877316145190925],[92.33026508948062,23.919767810931607],[92.31301978125886,23.93280653683767],[92.31214290117978,23.968587226533387],[92.32851132932247,23.987993702300557],[92.31681959493484,24.01589051121586],[92.31652730157515,24.065013153001505],[92.32880362268216,24.08047768837847],[92.3279267426031,24.1368777585768],[92.33669554339382,24.145064865541077],[92.32821903596277,24.164168115124383],[92.3247115156465,24.20298106665872],[92.29752823319524,24.225419804264508],[92.29635905975647,24.24998112515733]],[[95.23741484496578,26.679732536443577],[95.2146159629099,26.649106691873516],[95.18158681326483,26.636977644519035],[95.15440353081358,26.613022775993937],[95.15411123745389,26.57451305064346],[95.1380351026709,26.554196896324708],[95.12634336828326,26.55601625342788],[95.11435934053594,26.541764622786367],[95.12020520772975,26.523267825570784],[95.102959899508,26.506590385458374],[95.06817698970478,26.460196779327486],[95.06583864282726,26.4441257915828],[95.08659147136531,26.44564192250211],[95.10792888662274,26.41713866121908],[95.10412907294676,26.39469992361329],[95.13511216907399,26.3810547453395],[95.12751254172203,26.348003091298544],[95.12897400852049,26.281899783216627],[95.11991291437006,26.268254604942836],[95.12868171516078,26.249454581543393],[95.12020520772975,26.231867462879396],[95.14154262298719,26.207306141986574],[95.12722024836233,26.19638999936754],[95.11582080733439,26.156060916913894],[95.12663566164295,26.129983465101763],[95.11962062101037,26.115125382092526],[95.12546648820418,26.093899549222183],[95.15031142377791,26.087835025544944],[95.16463379840276,26.09177696593515],[95.18421745350204,26.077525335293636],[95.16434150504307,26.04629303835585],[95.163464624964,26.027796241140265],[95.13949656946934,25.999292979857238],[95.11611310069408,25.980492956457795],[95.10500595302582,25.961086480690625],[95.07753037721488,25.94380258821049],[95.05619296195746,25.939860647820286],[95.02667133262868,25.912873517456568],[95.01790253183796,25.89407349405712],[95.01410271816198,25.86496378040637],[95.03193261310312,25.83949278096196],[95.03602472013878,25.813112102965967],[95.04800874788612,25.80280241271466],[95.04391664085044,25.775512056167077],[95.05093168148302,25.755499128032184],[95.0322249064628,25.734273295161845],[95.00796455760847,25.731241033323226],[94.9875040224301,25.70182809348861],[94.94132167159896,25.668169987079928],[94.9334297508873,25.657557070644756],[94.91939966962214,25.60782797649139],[94.88607822661739,25.580537619943808],[94.90332353483915,25.560221465625055],[94.85129531681417,25.55627952523485],[94.83521918203118,25.543544025512645],[94.81066653981715,25.48835686004976],[94.78289867064652,25.483505241107967],[94.77120693625888,25.47440845559211],[94.75513080147589,25.48532459821114],[94.7449005338867,25.472285872305072],[94.68702644866792,25.458943920215145],[94.6808882881144,25.453182622721766]],[[77.19706868484668,28.861444929330705],[77.21519087314752,28.8575029889405],[77.22775948761422,28.829909406209058],[77.22395967393824,28.808077120970992],[77.20496060555834,28.809896478074165],[77.21285252626998,28.784122252445894],[77.22746719425453,28.77623837166548],[77.24822002279258,28.753799634059696],[77.25874258374145,28.752283503140383],[77.2701420247694,28.732573801189353],[77.28124917243764,28.732877027373217],[77.29469466698342,28.718625396731703],[77.29498696034311,28.707102801744945],[77.3335696838223,28.710438289767428],[77.33766179085798,28.68648342124233],[77.32801610998818,28.673747921520125],[77.3212933627153,28.639180136559858],[77.34730747172777,28.616438172770206],[77.34613829828902,28.603399446864138],[77.31720125567962,28.59157362569352],[77.3049249345726,28.577018768868147],[77.30375576113384,28.56125100730732],[77.31310914864395,28.544876793378773],[77.33152363030447,28.530321936553396],[77.34759976508747,28.503334806189677]],[[79.85255385763803,10.988080747768663],[79.85196927091864,10.915609689825644],[79.84875404396205,10.879829000129927],[79.84933863068143,10.827067644137937]],[[79.84933863068143,10.827067644137937],[79.83735460293411,10.826764417954077],[79.82946268222246,10.84829347700828],[79.81046361384254,10.854964453053242],[79.82566286854647,10.864364464752965],[79.8090021470441,10.879525773946066],[79.82010929471235,10.886499976174893],[79.79292601226109,10.891351595116683],[79.79029537202388,10.904996773390474],[79.75872768917726,10.898629023529372],[79.76018915597572,10.914700011274057]],[[79.76018915597572,10.914700011274057],[79.74411302119273,10.912880654170886]],[[79.74411302119273,10.912880654170886],[79.74557448799118,10.917732273112678]],[[79.74557448799118,10.917732273112678],[79.74265155439427,10.918945177848126]],[[79.74265155439427,10.918945177848126],[79.74294384775396,10.922280665870609]],[[79.74294384775396,10.922280665870609],[79.74119008759581,10.923190344422194]],[[79.74119008759581,10.923190344422194],[79.7382671539989,10.920461308767436]],[[79.7382671539989,10.920461308767436],[79.73680568720046,10.92106776113516]],[[79.73680568720046,10.92106776113516],[79.73797486063921,10.925919380076952]],[[79.73797486063921,10.925919380076952],[79.72628312625159,10.928345189547848]],[[79.72628312625159,10.928345189547848],[79.72745229969036,10.932590356121917]],[[79.72745229969036,10.932590356121917],[79.72745229969036,10.934409713225088]],[[79.72745229969036,10.934409713225088],[79.72131413913684,10.934106487041227]],[[79.72131413913684,10.934106487041227],[79.7256985395322,10.941990367821639]],[[79.7256985395322,10.941990367821639],[79.73008293992757,10.943203272557087]],[[79.73008293992757,10.943203272557087],[79.7382671539989,10.950480700969774]],[[79.7382671539989,10.950480700969774],[79.73622110048107,10.95563554609543]],[[79.73622110048107,10.95563554609543],[79.72657541961128,10.950783927153637]],[[79.72657541961128,10.950783927153637],[79.72131413913684,10.950480700969774]],[[79.72131413913684,10.950480700969774],[79.72072955241745,10.967158141082184]],[[79.72072955241745,10.967158141082184],[79.72862147312911,10.967461367266047]],[[79.72862147312911,10.967461367266047],[79.75726622237882,10.958971034117912]],[[79.75726622237882,10.958971034117912],[79.76252750285325,10.958667807934049]],[[79.76252750285325,10.958667807934049],[79.76281979621294,10.96473233161129]],[[79.76281979621294,10.96473233161129],[79.75668163565943,10.9814097717237]],[[79.75668163565943,10.9814097717237],[79.75522016886097,10.98444203356232]],[[79.75522016886097,10.98444203356232],[79.74732824814933,10.98626139066549]],[[79.74732824814933,10.98626139066549],[79.74674366142995,10.9965710809168]],[[79.74674366142995,10.9965710809168],[79.74703595478964,11.000209795123144]],[[79.74703595478964,11.000209795123144],[79.75434328878191,11.004454961697212]],[[79.75434328878191,11.004454961697212],[79.76018915597572,11.000209795123144]],[[79.76018915597572,11.000209795123144],[79.78941849194482,10.995054949997488],[79.80052563961306,10.982622676459147],[79.81864782791389,11.001725926042454],[79.84173900332947,11.002029152226315],[79.85255385763803,10.988080747768663]],[[75.53684240180267,11.692778399063965],[75.52924277445071,11.705210672602306]],[[75.55525688346319,11.717642946140648],[75.55350312330505,11.718249398508373]],[[75.53684240180267,11.747359112159124],[75.53304258812669,11.75281718346864]],[[79.67600866838475,11.813765646424905],[79.68331600237703,11.812249515505595]],[[79.68331600237703,11.812249515505595],[79.67600866838475,11.813765646424905]],[[79.70173048403755,11.820133396286007],[79.70173048403755,11.820133396286007]],[[79.76457355637109,11.822862431940763],[79.7736346505215,11.821952753389178]],[[79.7736346505215,11.821952753389178],[79.79380289234017,11.831959217456625]],[[79.79380289234017,11.831959217456625],[79.79351059898048,11.832868896008211]],[[79.79351059898048,11.832868896008211],[79.79789499937584,11.834081800743657]],[[79.79789499937584,11.834081800743657],[79.79847958609523,11.837114062582279]],[[79.79847958609523,11.837114062582279],[79.7993564661743,11.83741728876614]],[[79.7993564661743,11.83741728876614],[79.80111022633244,11.834081800743657]],[[79.80111022633244,11.834081800743657],[79.8057869200875,11.831352765088901]],[[79.8057869200875,11.831352765088901],[79.80754068024564,11.831959217456625]],[[79.80754068024564,11.831959217456625],[79.79497206577894,11.784959158958014]],[[79.79497206577894,11.784959158958014],[79.77012713020521,11.78132044475167],[79.76340438293232,11.79041723026753],[79.75522016886097,11.774346242522842],[79.71254533834612,11.789204325532081],[79.71839120553993,11.796178527760908]],[[79.71839120553993,11.796178527760908],[79.7227756059353,11.79648175394477]],[[79.7227756059353,11.79648175394477],[79.72306789929499,11.801636599070424]],[[79.72306789929499,11.801636599070424],[79.7256985395322,11.801939825254285]],[[79.7256985395322,11.801939825254285],[79.72657541961128,11.808914027483112]],[[79.72657541961128,11.808914027483112],[79.73329816688417,11.808307575115387]],[[79.73329816688417,11.808307575115387],[79.73651339384077,11.808610801299249]],[[79.73651339384077,11.808610801299249],[79.73300587352448,11.81315919405718]],[[79.73300587352448,11.81315919405718],[79.73329816688417,11.821952753389178]],[[79.73329816688417,11.821952753389178],[79.73154440672602,11.824075336676213]],[[79.73154440672602,11.824075336676213],[79.73008293992757,11.837720514950004]],[[79.73008293992757,11.837720514950004],[79.73417504696323,11.839539872053173]],[[79.73417504696323,11.839539872053173],[79.76457355637109,11.831049538905038],[79.76457355637109,11.822862431940763]],[[79.67016280119094,11.814978551160351],[79.64619474569629,11.816191455895801],[79.64648703905598,11.842572133891794],[79.66139400040022,11.838630193501588],[79.67016280119094,11.814978551160351]],[[79.6362567714668,11.880475406874545],[79.6365490648265,11.886843156735647]],[[79.6365490648265,11.886843156735647],[79.66431693399713,11.86015925255579],[79.65028685273197,11.848939883752896],[79.6269033839567,11.852275371775377],[79.62894943747453,11.867133454784618],[79.60235074174267,11.856520538349447],[79.60205844838298,11.882597990161578],[79.60848890229617,11.877139918852063],[79.62281127692103,11.89017864475813],[79.6362567714668,11.880475406874545]],[[79.6719165613491,11.94748839350805],[79.65993253360176,11.949004524427359]],[[79.65993253360176,11.949004524427359],[79.66256317383898,11.968107774010665],[79.68886957621116,11.971746488217008],[79.68477746917549,11.952946464817565],[79.6719165613491,11.94748839350805]],[[79.80403315992935,12.020262677634928],[79.80403315992935,12.020262677634928]],[[79.64356410545908,11.953249691001426],[79.64327181209939,11.9462754887726]],[[79.64327181209939,11.9462754887726],[79.67133197462971,11.932933536682672],[79.67016280119094,11.916862548937985],[79.64210263866062,11.904733501583506]],[[79.64210263866062,11.904733501583506],[79.64181034530093,11.901094787377161]],[[79.64181034530093,11.901094787377161],[79.62661109059701,11.90230769211261],[79.62953402419392,11.916256096570262],[79.62018063668381,11.924443203534537]],[[79.62018063668381,11.924443203534537],[79.61988834332412,11.939907738911497]],[[79.61988834332412,11.939907738911497],[79.62953402419392,11.944152905485566],[79.6271956773164,11.975385202423354],[79.61930375660474,11.98266263083604],[79.62778026403576,12.030572367886236],[79.65437895976764,12.023901391841274],[79.63801053162494,11.977204559526525],[79.64853309257381,11.966591643091355],[79.64356410545908,11.953249691001426]],[[79.73066752664695,11.981752952284456],[79.72949835320819,11.969623904929975]],[[79.72949835320819,11.969623904929975],[79.74849742158808,11.9614367979657],[79.75171264854468,11.924746429718397]],[[79.75171264854468,11.924746429718397],[79.75200494190437,11.921714167879777]],[[79.75200494190437,11.921714167879777],[79.76281979621294,11.94324322693398],[79.78678785170759,11.960830345597977],[79.8025716931309,11.952946464817565],[79.80666380016658,11.962346476517286]],[[79.80666380016658,11.962346476517286],[79.80754068024564,11.971443262033148]],[[79.80754068024564,11.971443262033148],[79.81952470799297,11.977507785710387],[79.82332452166895,11.961133571781838],[79.84056982989071,11.954462595736874]],[[79.84056982989071,11.954462595736874],[79.82332452166895,11.898972204090128],[79.80812526696502,11.834081800743657]],[[79.80812526696502,11.834081800743657],[79.80315627985027,11.849546336120621]],[[79.80315627985027,11.849546336120621],[79.80140251969213,11.852881824143102]],[[79.80140251969213,11.852881824143102],[79.78240345131223,11.855004407430137],[79.77568070403933,11.837720514950004]],[[79.77568070403933,11.837720514950004],[79.77334235716181,11.836507610214554]],[[79.77334235716181,11.836507610214554],[79.76252750285325,11.847120526649725],[79.77012713020521,11.87228829991027],[79.75872768917726,11.874107657013443],[79.75375870206253,11.849546336120621],[79.73329816688417,11.862888288210549]],[[79.73329816688417,11.862888288210549],[79.73329816688417,11.861978609658962]],[[79.73329816688417,11.861978609658962],[79.71897579225931,11.85257859795924],[79.70845323131044,11.868346359520064]],[[79.70845323131044,11.868346359520064],[79.71079157818797,11.887752835287234]],[[79.71079157818797,11.887752835287234],[79.6970537902825,11.887752835287234]],[[79.6970537902825,11.887752835287234],[79.69559232348405,11.885023799632474]],[[79.69559232348405,11.885023799632474],[79.6935462699662,11.883810894897028]],[[79.6935462699662,11.883810894897028],[79.68828498949178,11.884114121080888]],[[79.68828498949178,11.884114121080888],[79.67425490822662,11.879868954506822],[79.67542408166537,11.89169477567744],[79.69500773676467,11.893514132780611],[79.69793067036157,11.91898513222502],[79.70669947115229,11.912010929996192],[79.70669947115229,11.892604454229026],[79.7321289934454,11.891088323309715],[79.74002091415706,11.905946406318954],[79.69266938988713,11.953552917185288],[79.7163451520221,11.966591643091355],[79.70962240474921,11.989333606881004],[79.68010077542043,11.981752952284456],[79.67454720158631,11.991152963984177],[79.65730189336455,11.98994005924873],[79.66168629375991,12.007527177912724]],[[79.66168629375991,12.007527177912724],[79.66197858711959,12.01146911830293]],[[79.66197858711959,12.01146911830293],[79.67425490822662,12.010862665935207],[79.6938385633259,12.033301403540996],[79.70640717779261,12.031482046437823],[79.70553029771354,12.010559439751345],[79.72072955241745,11.9917594163519],[79.73972862079737,11.992062642535764],[79.74966659502685,12.008740082648174],[79.767496489968,11.990546511616454],[79.7417746743152,11.976901333342663],[79.73066752664695,11.981752952284456]],[[79.7736346505215,11.876230240300476],[79.77860363763625,11.87835282358751]],[[79.77860363763625,11.87835282358751],[79.779772811075,11.878049597403649]],[[79.779772811075,11.878049597403649],[79.78064969115408,11.873197978461857]],[[79.78064969115408,11.873197978461857],[79.77948051771531,11.862281835842825]],[[79.77948051771531,11.862281835842825],[79.78444950483006,11.861978609658962]],[[79.78444950483006,11.861978609658962],[79.7897107853045,11.875623787932753]],[[79.7897107853045,11.875623787932753],[79.79789499937584,11.893514132780611],[79.77451153060058,11.903520596848058],[79.7736346505215,11.876230240300476]],[[79.85781513811247,12.004494916074105],[79.84086212325039,12.013288475406103],[79.8443696435667,12.031785272621686]],[[79.8443696435667,12.031785272621686],[79.84583111036514,12.038153022482788]],[[79.84583111036514,12.038153022482788],[79.84992321740081,12.050282069837268],[79.87506044633423,12.04330786760844]],[[79.87506044633423,12.04330786760844],[79.85781513811247,12.004494916074105]],[[76.93108172752801,30.503111488759604],[76.92874338065049,30.495227607979192]],[[76.22080886347925,29.83904614610181],[76.21350152948698,29.841471955572707]],[[74.52872260422893,29.943052727166478],[74.47610979948459,29.94456885808579],[74.4375270760054,29.94942047702758],[74.41326672715105,29.947297893740547],[74.33113229307793,29.953968869785513]],[[74.33113229307793,29.953968869785513],[74.29956461023131,29.95639467925641]],[[74.29956461023131,29.95639467925641],[74.28845746256306,29.955485000704822]],[[74.28845746256306,29.955485000704822],[74.19521588082168,29.960943072014338],[74.07829853694534,29.969736631346336],[73.90029188089362,29.97155598844951],[73.89006161330444,29.99763344026164],[73.90759921488589,30.05494318901156],[73.92747516334487,30.069498045836937],[73.96722706026281,30.120743270909614],[73.97599586105355,30.122562628012787],[73.97014999385972,30.144698139434713],[73.97599586105355,30.196549816875116]],[[73.97599586105355,30.196549816875116],[73.9675193536225,30.263259577324757],[73.94413588484724,30.30449833832999],[73.90701462816651,30.350891944460876],[73.88538491954938,30.362717765631494],[73.9675193536225,30.424272680955482],[73.96898082042097,30.443072704354925],[73.93069039030146,30.43913076396472],[73.93975148445188,30.45580820407713],[73.93507479069683,30.489466310485813],[73.95115092547982,30.48006629878609],[73.94998175204105,30.461872727754372],[73.9675193536225,30.46308563248982],[73.9707345805791,30.487950179566504],[73.98885676887994,30.510388917172293],[74.02042445172656,30.51311795282705],[74.01604005133119,30.532827654778078],[74.03562370643047,30.53100829767491],[74.0508229611344,30.540105083190767],[74.05608424160883,30.52251796452677],[74.06748368263678,30.5206986074236],[74.09145173813143,30.542227666477803],[74.07829853694534,30.556479297119317],[74.10314347251906,30.57679545143807],[74.1016820057206,30.61439549823696],[74.11951190066175,30.60711806982427],[74.12915758153154,30.633498747820266],[74.14055702255949,30.629253581246196],[74.19930798785735,30.66867298514826],[74.22064540311479,30.692324627489494],[74.2329217242218,30.72325369824342],[74.26770463402501,30.726285960082038],[74.2869959957646,30.7353827455979],[74.26361252698933,30.772073113845202],[74.28319618208863,30.77298279239679],[74.31037946453988,30.787234423038303],[74.29722626335378,30.797847339473474],[74.3188559719709,30.822408660366296],[74.32762477276164,30.84878933836229],[74.38579115134011,30.8654667784747],[74.36416144272299,30.87880873056463],[74.37234565679434,30.894879718309316],[74.40800544667661,30.912466836973312],[74.42554304825806,30.911557158421726],[74.42086635450302,30.935815253130684],[74.42788139513559,30.944608812462683],[74.46938705221169,30.961892704942816],[74.45974137134189,30.96977658572323],[74.49832409482109,30.975234657032747],[74.50680060225213,30.96644109770075],[74.52609196399172,30.985847573467915],[74.55006001948637,30.994337906616053],[74.54362956557317,31.01344115619936],[74.54976772612667,31.032544405782666],[74.56555156754999,31.05407346483687],[74.59653466367722,31.055286369572315],[74.59974989063382,31.043460548401697],[74.66814653680147,31.05498314338845],[74.69532981925272,31.072570262052448],[74.70672926028067,31.095918678209824],[74.70292944660468,31.115931606344716],[74.68889936533952,31.13169936790554],[74.67106947039838,31.128060653699198],[74.66493130984487,31.135641308295746],[74.63716344067424,31.123209034757405],[74.63862490747269,31.136550986847332],[74.60442658438886,31.134125177376436],[74.61231850510052,31.11229289213837],[74.60501117110825,31.088338023613275],[74.60004218399351,31.09409932110665],[74.577827888657,31.085305761774652],[74.55853652691741,31.08955092834872],[74.55444441988173,31.12381548712513],[74.53866057845842,31.123512260941265],[74.51820004328006,31.136854213031196],[74.51352334952502,31.181125235875047],[74.5266765507111,31.21053817570966],[74.5234613237545,31.232370460947728],[74.53456847142276,31.248744674876274],[74.5234613237545,31.27360922195296],[74.5424603921344,31.30848023309709],[74.53047636438708,31.31120926875185],[74.55035231284606,31.333344780173775],[74.55356753980266,31.367002886582455],[74.58805815624618,31.38398355287873],[74.60238053087103,31.422796504413064],[74.63131757348043,31.430073932825753],[74.65207040201847,31.41733843310355],[74.65587021569445,31.43098361137734],[74.64271701450836,31.447964277673613],[74.65499333561539,31.46282236068285],[74.63365592035795,31.4791965746114],[74.63950178755177,31.487990133943395],[74.61728749221527,31.491022395782018],[74.60793410470515,31.501635312217186],[74.57899706209577,31.502241764584912],[74.58601210272835,31.521041787984355],[74.61202621174083,31.528925668764767],[74.62050271917187,31.566525715563657],[74.5936117300803,31.578957989101998],[74.5775355952973,31.606551571833442],[74.55795194019802,31.611706416959095],[74.5360299382212,31.68084198687963],[74.5070928956118,31.69903555791135],[74.48604777371408,31.722383974068727],[74.54216809877471,31.751493687719478],[74.56438239411122,31.754222723374237],[74.55736735347864,31.778177591899336],[74.56788991442751,31.792125996356987],[74.56292092731276,31.800919555688985],[74.57373578162132,31.817293769617535],[74.56993596794534,31.830635721707463],[74.59419631679968,31.8454938047167],[74.6096878648633,31.866719637587043],[74.6161183187765,31.888248696641245],[74.64037866763084,31.8846099824349],[74.65265498873785,31.898861613076413],[74.66463901648518,31.899771291628],[74.6737001106356,31.920087445946756],[74.70351403332407,31.92433261252082],[74.72368227514274,31.921603576866065],[74.7213439282652,31.937068112243026],[74.73888152984665,31.944648766839578],[74.74765033063738,31.938281016978475],[74.76168041190255,31.953745552355436],[74.77337214629017,31.947681028678197],[74.81546239008566,31.96314556405516],[74.82452348423607,31.95768749274564],[74.83387687174618,31.978003647064398],[74.83183081822834,31.99528753954453],[74.85842951396022,32.009842396369905],[74.85462970028424,32.02166821754052],[74.87918234249827,32.02530693174687],[74.87655170226104,32.04653276461721],[74.89350471712311,32.05320374066217],[74.91162690542394,32.05077793119128],[74.92127258629374,32.06381665709735],[74.94027165467365,32.06684891893596],[74.98060813831098,32.05229406211059],[74.97797749807377,32.04441018133018],[75.00749912740254,32.04380372896245],[75.01334499459637,32.03501016963045],[75.02445214226461,32.04622953843335],[75.0443280907236,32.04380372896245],[75.0723882532539,32.06321020472962],[75.10921721657496,32.062300526178035],[75.11184785681218,32.07109408551003],[75.13464673886806,32.0841328114161],[75.16650671507436,32.08110054957748],[75.17907532954106,32.06866827603913],[75.19982815807913,32.08443603759996],[75.20801237215046,32.11597156072161],[75.2199963998978,32.11597156072161],[75.23958005499708,32.09080378746106],[75.28283947223132,32.11961027492795],[75.28137800543287,32.1359844888565],[75.30330000740967,32.15326838133664],[75.30973046132289,32.16964259526519],[75.3217144890702,32.17479744039084],[75.31382256835855,32.196023273261176],[75.33282163673846,32.21876523705083],[75.36117409262847,32.21846201086697],[75.37871169420993,32.23968784373731],[75.37198894693702,32.24939108162089],[75.38221921452622,32.26940400975579],[75.37140436021765,32.279107247639374],[75.34919006488114,32.27789434290392],[75.35211299847805,32.28668790223592],[75.32726806290432,32.30002985432584],[75.34129814416949,32.320649234828466],[75.33282163673846,32.32822988942502],[75.33954438401135,32.34248152006653]],[[74.28845746256306,29.955485000704822],[74.29956461023131,29.95639467925641]],[[74.29956461023131,29.95639467925641],[74.33113229307793,29.953968869785513]],[[76.02701836600421,28.27682484684476],[76.01561892497628,28.248928037929456]],[[77.28475669275393,27.801062964365272],[77.30434034785323,27.79439198832031],[77.31310914864395,27.782566167149692],[77.31018621504704,27.750727417844182],[77.31953960255714,27.731320942077012],[77.30521722793229,27.724346739848187],[77.31106309512612,27.707669299735777],[77.34263077797273,27.70221122842626],[77.34379995141148,27.675830550430266],[77.35110728540376,27.64732728914724],[77.31983189591683,27.606088528142003],[77.33444656390138,27.591230445132766],[77.35870691275572,27.587894957110283],[77.33883096429675,27.565456219504494],[77.34876893852623,27.541198124795535],[77.34116931117427,27.53301101783126],[77.34876893852623,27.51906261337361],[77.3847210217682,27.512998089696367],[77.40050486319151,27.496320649583957],[77.40196632998996,27.476307721449064],[77.43821070659163,27.456294793314175],[77.42359603860709,27.419604425066872],[77.43528777299473,27.410810865734874],[77.44025676010946,27.393526973254737],[77.47503966991268,27.3786688902455],[77.50573047268021,27.37563662840688],[77.51771450042754,27.36199145013309],[77.55132823679199,27.336823676872545],[77.5828959196386,27.32105591531172],[77.60131040129912,27.332275284114612],[77.6246938700744,27.332578510298475],[77.62206322983718,27.30892686795724],[77.60014122786036,27.294978463499586],[77.62264781655655,27.273449404445383],[77.6211863497581,27.25464938104594],[77.63170891070698,27.257984869068423],[77.65246173924503,27.233120321991738],[77.65041568572718,27.20916545346664],[77.66503035371173,27.207346096363466],[77.68139878185441,27.19461059664126],[77.6629843001939,27.16974604956458],[77.64427752517368,27.16428797825506],[77.62323240327594,27.169139597196853],[77.61329442904645,27.16277184733575],[77.61475589584491,27.148520216694237],[77.6018949880185,27.142152466833135],[77.60540250833479,27.123352443433692],[77.55249741023076,27.110010491343765],[77.53759044888652,27.098487896357007],[77.52180660746322,27.102429836747213],[77.50748423283837,27.0881782061057],[77.5256064211392,27.08393303953163],[77.52239119418259,27.064829789948323],[77.53466751528961,27.060887849558117],[77.55454346374859,27.07513948019963],[77.57383482548818,27.072410444544875],[77.57325023876881,27.048152349835913],[77.56535831805715,27.031171683539643],[77.5831882129983,27.036023302481436],[77.60686397513325,27.022984576575368],[77.62381698999532,27.02177167183992],[77.63550872438296,27.0099458506693],[77.64223147165585,27.021165219472195],[77.66503035371173,27.01692005289813],[77.67906043497689,27.04330073089412],[77.69250592952267,27.039055564320055],[77.69016758264515,27.027229743149437],[77.71179729126226,26.99448131529234],[77.73050406628248,26.99448131529234],[77.73021177292279,27.02025554092061],[77.74365726746856,27.028139421701024],[77.76324092256786,27.01692005289813],[77.74453414754764,26.98235226793786],[77.72261214557082,26.9859909821442],[77.70010555687463,26.973255482421997],[77.66473806035204,26.96840386348021],[77.58757261339366,26.92504251918794],[77.52648330121826,26.90988120999484],[77.4902389246166,26.898055388824222],[77.46305564216536,26.883803758182708],[77.4583789484103,26.86924890135733],[77.43031878587998,26.86136502057692],[77.43382630619627,26.84741661611927],[77.42505750540555,26.83710692586796],[77.44697950738235,26.81345528352672],[77.43616465307379,26.7801004033019],[77.43616465307379,26.76463586792494],[77.45867124176999,26.77494555817625],[77.47182444295608,26.764029415557214],[77.45604060153278,26.741287451767565],[77.48790057773907,26.74826165399639],[77.50426900588177,26.768577808315147],[77.48877745781814,26.782222986588934],[77.50573047268021,26.842261770993613],[77.52151431410353,26.839532735338853],[77.51976055394537,26.82224884285872],[77.52852935473611,26.81648754536534],[77.57266565204942,26.818913354836237],[77.60803314857202,26.836803699684097],[77.61621736264335,26.828919818903685],[77.63287808414573,26.841048866258166],[77.66532264707142,26.850752104141748],[77.67964502169627,26.868339222805744],[77.72378131900959,26.875616651218433],[77.72787342604526,26.891081186595397],[77.71881233189484,26.8974489364565],[77.73196553308094,26.91715863840753],[77.75681046865465,26.921100578797734],[77.76148716240971,26.932016721416765],[77.78165540422837,26.930500590497456],[77.7968546589323,26.916552186039805],[77.82959151521767,26.92049412643001],[77.87957367972481,26.899874745927395],[77.89828045474502,26.883803758182708],[77.91114136257143,26.895326353169462],[77.90500320201791,26.91412637656891],[77.9371554715839,26.907152174340084],[77.95030867276999,26.894113448434016],[77.97135379466773,26.90684894815622],[77.98333782241507,26.89168763896312],[78.00029083727713,26.905029591053047],[78.02221283925394,26.90260378158215],[78.0362429205191,26.87046180609278],[78.02455118613148,26.858029532554436],[78.0394581474757,26.859545663473746],[78.0526113486618,26.878648913057052],[78.05056529514395,26.909577983810976],[78.06897977680448,26.910184436178703],[78.09528617917665,26.89623603172105],[78.11107002059995,26.90411991250146],[78.1037626866077,26.923223162084767],[78.12100799482945,26.921707031165457],[78.1163313010744,26.944145768771246],[78.14789898392101,26.951423197183935],[78.1990503218669,26.940810280748764],[78.21688021680805,26.93383607851994],[78.22447984416002,26.948087709161452],[78.24114056566239,26.9277715548427],[78.27036990163147,26.924436066820217],[78.256632113726,26.89471990080174],[78.23821763206548,26.888048924756777],[78.23500240510889,26.876829555953883],[78.21337269649176,26.871674710828227],[78.19846573514752,26.877739234505466],[78.21278810977238,26.849842425590165],[78.22243379064217,26.842564997177476],[78.21804939024682,26.83013272363913]],[[76.85187022705179,26.035073669552954],[76.84690123993704,26.032647860082058]],[[74.75495766462966,24.27605857696946],[74.76664939901728,24.270297279476083]],[[74.02071674508625,23.33090256187159],[74.00084079662726,23.334238049894072]],[[71.09778314817777,24.686626829918616],[71.06358482509394,24.718162353040267],[71.02617127505351,24.80518826780866],[70.99489588556659,24.85946575471996],[70.96946636327348,24.896156122967263],[70.9469597745773,24.921020670043948],[70.93643721362842,24.9413368243627],[70.91656126516945,25.00167883495124],[70.90574641086089,25.04837566726599],[70.88557816904222,25.15116934359521],[70.84553397876456,25.191195199864993],[70.80052080137217,25.23122105613478],[70.75024634350535,25.28276950739132],[70.73533938216111,25.328859887338343],[70.71429426026337,25.353117982047305],[70.665481269195,25.39769223107502],[70.67103484302913,25.424679361438738],[70.67103484302913,25.455608432192662],[70.67921905710047,25.52656335921637],[70.66781961607253,25.53232465670975],[70.66898878951129,25.59903441715939],[70.67308089654696,25.669382891815378],[70.65788164184305,25.705770033878817],[70.63888257346314,25.71517004557854],[70.59357710271105,25.71213778373992],[70.52781109678061,25.685757105743924],[70.48162874594946,25.68545387956006],[70.4164473267384,25.67908612969896],[70.3907255110856,25.673628058389443],[70.35652718800178,25.681511939169855],[70.27614651408679,25.70940874808516],[70.2629933129007,25.719111985968745],[70.25159387187277,25.75277009237743],[70.23551773708976,25.776724960902527],[70.19401208001366,25.816144364804586],[70.16887485108026,25.8303959954461],[70.15630623661355,25.855260542522785],[70.09930903147384,25.935312255062353],[70.09170940412187,25.99322845618],[70.08586353692806,26.061757573732812],[70.08644812364744,26.087835025544944],[70.14753743582283,26.170312547555408],[70.16653650420272,26.2142803442154],[70.17413613155469,26.25673200995608],[70.16565962412366,26.301003032799933],[70.18348951906479,26.36134504338847],[70.17764365187098,26.42593222055108],[70.1831972257051,26.484151647852585],[70.17325925147561,26.55116463448609],[70.16390586396551,26.56056464618581],[70.11889268657312,26.586945324181805],[70.09872444475445,26.59513243114608],[70.04844998688763,26.600893728639456],[69.97391518016646,26.58785500273339],[69.87950442498632,26.580577574320703],[69.80438503154576,26.597558240616973],[69.77603257565576,26.613932454545523],[69.73686526545718,26.646377656218757],[69.7108511564447,26.66214541777958],[69.67022237944767,26.676700274604958],[69.63836240324137,26.69246803616578],[69.60357949343816,26.704900309704126],[69.55301274221164,26.727945499677638],[69.51472231209213,26.74189390413529],[69.50683039138049,26.750687463467287],[69.48432380268429,26.807997212217206],[69.49893847066883,26.87197793701209],[69.51530689881152,27.014494243427233],[69.5383980742271,27.065133016132187],[69.55155127541319,27.102733062931076],[69.589549412173,27.183088001654507],[69.65385395130498,27.2334235481756],[69.70500528925088,27.285275225616],[69.76404854790843,27.324694629518063],[69.7903549502806,27.350165628962472],[69.81052319209928,27.362597902500813],[69.87161250427467,27.409294734815564],[69.89704202656776,27.438404448466315],[69.9408860305214,27.5023851732612],[69.97771499384244,27.532404565463537],[70.02477422475266,27.561211052930428],[70.03471219898216,27.575462683571942],[70.05926484119618,27.634895015608894],[70.0750486826195,27.66430795544351],[70.13467652799643,27.807127488042514],[70.20015024056718,27.869288855734226],[70.2249951761409,27.898398569384977],[70.29368411566824,27.93660506855159],[70.31034483717063,27.94873411590607],[70.35535801456301,27.99573417440468],[70.37435708294292,28.01210838833323],[70.44246143575089,28.021508400032953],[70.49682800065338,28.03666970922605],[70.5473947518799,28.029392280813365],[70.5924079292723,28.009682578862332],[70.61900662500416,27.9772373771891],[70.66840420279192,27.934785711448416],[70.67688071022295,27.923869568829385],[70.68038823053924,27.870501760469672],[70.68740327117182,27.828050094728994],[70.72130930089595,27.782566167149692],[70.7388469024774,27.749514513108732],[70.7677839450868,27.72495319221591],[70.81718152287455,27.71434027578074],[70.8826552354453,27.7082757521035],[70.9051618241415,27.710398335390533],[70.96011297576338,27.7322306206286],[71.0328940223264,27.766495179405005],[71.08609141379013,27.785901655172175],[71.173194834978,27.820772666316305],[71.20827003814091,27.832901713670783],[71.27257457727289,27.85018560615092],[71.4096601629679,27.87353402230829],[71.54937638890013,27.87323079612443],[71.58708223230025,27.877172736514638],[71.6589863987842,27.875656605595328],[71.69873829570216,27.888998557685255],[71.76655035515043,27.916288914232837],[71.85979193689181,27.94721798498676],[71.8986669537307,27.963288972731448],[71.91357391507492,28.03181809028426],[71.91386620843461,28.053953601706187],[71.9270194096207,28.111263350456106],[71.93491133033235,28.13279240951031],[71.96794047997741,28.17099890867692],[71.99921586946434,28.214057026785326],[72.02756832535435,28.236798990574975],[72.12870182780739,28.30866359615027],[72.16933060480441,28.354753976097296],[72.2052826880464,28.39023143960915],[72.23626578417363,28.48392833042251],[72.28712482875983,28.62492850591834],[72.29384757603272,28.65494789812068],[72.31167747097386,28.68648342124233],[72.34821414093521,28.7210512062026],[72.38884291793224,28.768657717068933],[72.40696510623307,28.782606121526584],[72.4508091101867,28.797767430719684],[72.5244670368288,28.832941668047678],[72.5563270130351,28.852651369998707],[72.59257138963676,28.870238488662704],[72.65570675532999,28.90753530927773],[72.74660999019383,28.952109558305445],[72.94127736774794,29.026096747167774],[72.94946158181929,29.033070949396603],[72.99155182561476,29.120703316532722],[72.99885915960704,29.142838827954648],[73.08479340735614,29.236232492584143],[73.143544372654,29.332355192868402],[73.19820323091619,29.431510154991276],[73.20931037858445,29.444852107081203],[73.22860174032405,29.48214892769623],[73.26952281068077,29.54400706920408],[73.28238371850716,29.56947806864849],[73.30518260056304,29.63618782909813],[73.31979726854759,29.68894918509012],[73.3481497244376,29.771729933284448],[73.36685649945781,29.83904614610181],[73.37387154009039,29.85572358621422],[73.39374748854938,29.928801096524964],[73.40748527645485,29.9460849890051],[73.48377384333415,29.977014059759025],[73.54866296918553,29.9979366664455],[73.61998254895009,30.02462057062536],[73.66236508610527,30.033414129957357],[73.71819311780621,30.04918189151818],[73.76291400183891,30.058278677034043],[73.80325048547625,30.071317402940107],[73.84709448942988,30.110433580658306],[73.93302873717899,30.169259460327535],[73.9675193536225,30.187149805175395],[73.97599586105355,30.196549816875116]],[[74.31447157157554,23.94493558419215],[74.31447157157554,23.94493558419215]],[[74.26682775394593,23.93280653683767],[74.26682775394593,23.93280653683767]],[[88.75873252741815,27.147913764326514],[88.73944116567856,27.136997621707483],[88.72482649769401,27.143668597752445],[88.7189806305002,27.164894430622788],[88.69150505468926,27.180055739815888],[88.66666011911553,27.161862168784168],[88.64590729057748,27.167623466277544],[88.6263236354782,27.187636394412436],[88.59855576630757,27.194307370457402],[88.56611120338188,27.188546072964023],[88.52782077326238,27.174900894690232],[88.5371741607725,27.16550088299051],[88.52898994670115,27.150036347613547],[88.50268354432897,27.125171800536865],[88.47403879507927,27.113649205550107],[88.46176247397224,27.08939111084115],[88.43925588527605,27.081204003876874],[88.39482729460305,27.098184670173147],[88.37115153246809,27.098184670173147],[88.3480603570525,27.110313717527625],[88.33110734219045,27.10455242003425],[88.32789211523384,27.116378241204867],[88.31181598045085,27.128204062375485],[88.2846326979996,27.13093309803024],[88.2399118139669,27.119410503043486],[88.22120503894668,27.134875038420446],[88.18642212914347,27.134268586052723],[88.1598234334116,27.11122339607921],[88.096103480999,27.13821052644293],[88.09084220052456,27.164591204438924],[88.07505835910126,27.18975897769947],[88.08265798645323,27.20037189413464],[88.06599726495084,27.213410620040708],[88.04056774265774,27.220688048453397],[88.01689198052279,27.216442881879328]],[[88.01689198052279,27.216442881879328],[88.03326040866547,27.247675178817115],[88.0323835285864,27.26859778550359],[88.04875195672909,27.311655903611996],[88.06512038487178,27.33803658160799],[88.0613205711958,27.35319789080109],[88.04553672977248,27.367449521442605],[88.04670590321125,27.398681818380393],[88.05401323720352,27.414449579941216],[88.0706739587059,27.42566894874411],[88.06892019854774,27.450836722004656],[88.05050571688723,27.471759328691135],[88.04729048993063,27.493288387745338],[88.07008937198651,27.533920696382847],[88.0671664383896,27.549082005575947],[88.08353486653229,27.561514279114288],[88.07973505285631,27.579101397778285],[88.0861655067695,27.59001754039732],[88.11627172281767,27.613972408922418],[88.12211759001148,27.638230503631377],[88.15105463262088,27.668553122017578],[88.15193151269995,27.70403058552943],[88.16040802013099,27.73556610865108],[88.18086855530935,27.749211286924872],[88.19869845025049,27.788024238459208],[88.17736103499306,27.82046944013244],[88.19782157017141,27.834114618406232],[88.20249826392647,27.85018560615092],[88.17882250179152,27.865953367711743],[88.1341016177588,27.87292756994057],[88.13497849783788,27.89445662899477],[88.12240988337118,27.911740521474904],[88.1376091380751,27.93781797328704],[88.13264015096036,27.95025024682538],[88.14783940566429,27.962985746547584],[88.1823300221078,27.94418572314814],[88.20337514400555,27.94570185406745],[88.21214394479627,27.966018008386204],[88.24137328076534,27.96541155601848],[88.2524804284336,27.948127663538347],[88.27966371088485,27.95752767523807],[88.28901709839496,27.967230913121654],[88.3132774472493,27.96965672259255],[88.34630659689437,27.987547067440406],[88.37232070590684,27.98785029362427],[88.39833481491934,27.97754060337296],[88.41061113602635,27.98330190086634],[88.43574836495976,28.007863221759163],[88.47023898140328,28.019385816745917],[88.48017695563277,28.03636648304219],[88.50969858496154,28.04849553039667],[88.54185085452754,28.03636648304219],[88.56084992290745,28.06517297050908],[88.56318826978497,28.084579446276248],[88.58335651160364,28.085185898643974],[88.62515446203943,28.103379469675694],[88.61609336788902,28.127334338200793],[88.62983115579449,28.130669826223272],[88.64619958393718,28.103985922043417],[88.67542891990627,28.073663303657217],[88.69442798828617,28.078818148782872],[88.75960940749722,28.073056851289493],[88.79059250362445,28.050618113683704],[88.81368367904003,28.026360018974742],[88.83735944117498,28.014837423987988],[88.84905117556262,27.99088255546289],[88.84437448180756,27.931753449609797],[88.86717336386346,27.925082473564835],[88.88938765919997,27.892334045707738],[88.89347976623563,27.858979165482918],[88.88091115176893,27.827140416177407],[88.86366584354717,27.818043630661546],[88.86015832323088,27.77801777439176],[88.8689271240216,27.73556610865108],[88.8467128286851,27.71100478775826],[88.8531432825983,27.700088645139225],[88.85431245603706,27.668553122017578],[88.83005210718272,27.642475670205446],[88.81748349271601,27.64156599165386],[88.81309909232064,27.603056266303383],[88.79000791690507,27.573036874101046],[88.77568554228023,27.56757880279153],[88.7827005829128,27.53725618440533],[88.79614607745859,27.52846262507333],[88.79059250362445,27.496320649583957],[88.79088479698414,27.45538511476259],[88.80228423801209,27.44689478161445],[88.81660661263695,27.405049568241495],[88.84875888220293,27.377455985510053],[88.85986602987118,27.38624954484205],[88.87448069785573,27.36805597381033],[88.88646472560305,27.364114033420122],[88.89698728655192,27.336217224504818],[88.92943184947761,27.326210760437373],[88.9165709416512,27.305591379934757],[88.91774011508997,27.292855880212553],[88.90634067406202,27.274662309180833],[88.87944968497047,27.258591321436146],[88.84232842828973,27.262836488010215],[88.8081301052059,27.24737195263325],[88.80783781184621,27.220384822269533],[88.79673066417796,27.20158479887009],[88.79526919737951,27.185513811125404],[88.76545527469104,27.171868632851613],[88.75873252741815,27.147913764326514]],[[78.19174298787463,8.727226320893552],[78.19174298787463,8.727226320893552]],[[78.21688021680805,8.830626449590495],[78.21688021680805,8.830626449590495]],[[78.23324864495073,8.860645841792834],[78.23324864495073,8.860645841792834]],[[78.25487835356786,8.944639494722608],[78.25487835356786,8.944639494722608]],[[78.4966049620322,9.084729991666855],[78.4966049620322,9.084729991666855]],[[78.53927979254705,9.101407431779267],[78.53927979254705,9.101407431779267]],[[78.57669334258748,9.099284848492232],[78.57669334258748,9.099284848492232]],[[79.48689486466478,9.110200991111263],[79.48689486466478,9.110200991111263]],[[79.47695689043529,9.114446157685332],[79.47695689043529,9.114446157685332]],[[79.4670189162058,9.125059074120502],[79.4670189162058,9.125059074120502]],[[78.69887196693826,9.146284906990843],[78.69887196693826,9.146284906990843]],[[79.43691270015765,9.146588133174705],[79.43691270015765,9.146588133174705]],[[78.73307029002208,9.149620395013326],[78.73307029002208,9.149620395013326]],[[78.76229962599118,9.15629137105829],[78.76229962599118,9.15629137105829]],[[78.70530242085145,9.155684918690564],[78.70530242085145,9.155684918690564]],[[78.82923480536037,9.170846227883665],[78.82923480536037,9.170846227883665]],[[78.70968682124682,9.173878489722284],[78.70968682124682,9.173878489722284]],[[78.93942940196382,9.187523667996075],[78.93855252188474,9.181762370502698],[78.90523107887999,9.176910751560905],[78.91750739998702,9.186310763260627],[78.93942940196382,9.187523667996075]],[[78.96836644457322,9.181155918134973],[78.96836644457322,9.181155918134973]],[[79.08732984196739,9.19298173930559],[79.06248490639366,9.199046262982831],[79.0709614138247,9.206020465211658],[79.08732984196739,9.19298173930559]],[[79.13351219279855,9.210265631785726],[79.13351219279855,9.210265631785726]],[[79.1989859053693,9.229368881369032],[79.1989859053693,9.229368881369032]],[[79.18758646434135,9.230885012288342],[79.18758646434135,9.230885012288342]],[[79.18057142370877,9.240588250171927],[79.18057142370877,9.240588250171927]],[[79.21213910655538,9.243317285826684],[79.21213910655538,9.243317285826684]],[[79.32701039691389,9.296381868002536],[79.31648783596502,9.276368939867643],[79.35448597272483,9.23058178610448],[79.41645216497929,9.183884953789732],[79.42609784584909,9.172665584986838],[79.40066832355598,9.182975275238146],[79.33110250394955,9.231491464656067],[79.2624135644222,9.261207630674543],[79.21973873390735,9.258175368835923],[79.2086315862391,9.28819476103826],[79.22412313430272,9.293349606163915],[79.26036751090437,9.291530249060743],[79.27995116600366,9.299110903657294],[79.28988914023314,9.316394796137427],[79.31678012932471,9.324885129285564],[79.3331485574674,9.313059308114946],[79.32701039691389,9.296381868002536]],[[79.7897107853045,11.875623787932753],[79.78444950483006,11.861978609658962]],[[79.78444950483006,11.861978609658962],[79.77948051771531,11.862281835842825]],[[79.78064969115408,11.873197978461857],[79.779772811075,11.878049597403649]],[[79.77860363763625,11.87835282358751],[79.7736346505215,11.876230240300476]],[[80.32110011322246,13.392057933426642],[80.32110011322246,13.392057933426642]],[[80.30531627179916,13.421470873261256],[80.30531627179916,13.421470873261256]],[[80.31934635306432,13.413890218664706],[80.31934635306432,13.413890218664706]],[[80.32022323314338,13.438148313373667],[80.32022323314338,13.438148313373667]],[[79.69559232348405,11.885023799632474],[79.6935462699662,11.883810894897028]],[[79.69559232348405,11.885023799632474],[79.6970537902825,11.887752835287234]],[[79.71079157818797,11.887752835287234],[79.70845323131044,11.868346359520064]],[[79.73329816688417,11.861978609658962],[79.73329816688417,11.862888288210549]],[[79.77334235716181,11.836507610214554],[79.77568070403933,11.837720514950004]],[[79.80140251969213,11.852881824143102],[79.80315627985027,11.849546336120621]],[[79.80812526696502,11.834081800743657],[79.80754068024564,11.831959217456625]],[[79.8057869200875,11.831352765088901],[79.80111022633244,11.834081800743657]],[[79.80111022633244,11.834081800743657],[79.7993564661743,11.83741728876614]],[[79.7993564661743,11.83741728876614],[79.79847958609523,11.837114062582279]],[[79.79789499937584,11.834081800743657],[79.79351059898048,11.832868896008211]],[[79.79351059898048,11.832868896008211],[79.79380289234017,11.831959217456625]],[[79.7736346505215,11.821952753389178],[79.76457355637109,11.822862431940763]],[[79.73417504696323,11.839539872053173],[79.73008293992757,11.837720514950004]],[[79.73154440672602,11.824075336676213],[79.73329816688417,11.821952753389178]],[[79.73300587352448,11.81315919405718],[79.73651339384077,11.808610801299249]],[[79.73329816688417,11.808307575115387],[79.72657541961128,11.808914027483112]],[[79.7256985395322,11.801939825254285],[79.72306789929499,11.801636599070424]],[[79.7227756059353,11.79648175394477],[79.71839120553993,11.796178527760908]],[[79.79497206577894,11.784959158958014],[79.7864955583479,11.739475231378712],[79.767496489968,11.740991362298022],[79.78503409154945,11.726133279288785],[79.76983483684552,11.673675149480658],[79.75931227589665,11.612726686524393],[79.75901998253696,11.565726628025782],[79.767496489968,11.52297173610124],[79.77772675755718,11.50932655782745],[79.79058766538357,11.47597167760263],[79.81046361384254,11.439281309355326],[79.8244936951077,11.36711347759617],[79.80081793297275,11.37621026311203],[79.79877187945492,11.36862960851548],[79.81952470799297,11.354074751690103],[79.83823148301317,11.354681204057828],[79.83501625605658,11.30040371714653],[79.84641569708452,11.247035908786817],[79.85401532443649,11.195184231346413],[79.85723055139309,11.15091320850256],[79.8569382580334,11.012642068661485],[79.85255385763803,10.988080747768663]],[[79.76018915597572,11.000209795123144],[79.75434328878191,11.004454961697212]],[[79.74703595478964,11.000209795123144],[79.74674366142995,10.9965710809168]],[[79.74732824814933,10.98626139066549],[79.75522016886097,10.98444203356232]],[[79.75522016886097,10.98444203356232],[79.75668163565943,10.9814097717237]],[[79.76281979621294,10.96473233161129],[79.76252750285325,10.958667807934049]],[[79.76252750285325,10.958667807934049],[79.75726622237882,10.958971034117912]],[[79.72862147312911,10.967461367266047],[79.72072955241745,10.967158141082184]],[[79.72131413913684,10.950480700969774],[79.72657541961128,10.950783927153637]],[[79.73622110048107,10.95563554609543],[79.7382671539989,10.950480700969774]],[[79.73008293992757,10.943203272557087],[79.7256985395322,10.941990367821639]],[[79.72131413913684,10.934106487041227],[79.72745229969036,10.934409713225088]],[[79.72745229969036,10.934409713225088],[79.72745229969036,10.932590356121917]],[[79.72628312625159,10.928345189547848],[79.73797486063921,10.925919380076952]],[[79.73797486063921,10.925919380076952],[79.73680568720046,10.92106776113516]],[[79.73680568720046,10.92106776113516],[79.7382671539989,10.920461308767436]],[[79.74119008759581,10.923190344422194],[79.74294384775396,10.922280665870609]],[[79.74265155439427,10.918945177848126],[79.74557448799118,10.917732273112678]],[[79.74557448799118,10.917732273112678],[79.74411302119273,10.912880654170886]],[[79.74411302119273,10.912880654170886],[79.76018915597572,10.914700011274057]],[[79.84933863068143,10.827067644137937],[79.85080009747989,10.718209444131478],[79.85723055139309,10.669390028529696],[79.85810743147215,10.568415709303647],[79.86190724514813,10.48411883019001],[79.87096833929856,10.34038961903942],[79.87798337993114,10.286112132128121],[79.79146454546265,10.27246695385433],[79.78386491811068,10.292176655805362],[79.75931227589665,10.310673453020943],[79.73914403407798,10.316131524330459],[79.72862147312911,10.32977670260425],[79.70406883091508,10.325531536030182],[79.72394477937405,10.310370226837081],[79.69471544340497,10.315828298146597],[79.63801053162494,10.337963809568524],[79.61345788941091,10.318254107617493],[79.64853309257381,10.316131524330459],[79.6809776554995,10.30733796499846],[79.6999767238794,10.295208917643981],[79.72306789929499,10.28914439396674],[79.74762054150902,10.300060536585773],[79.75112806182531,10.288841167782879],[79.77275777044242,10.282170191737915],[79.76925025012613,10.272770180038194],[79.72014496569807,10.279744382267019],[79.66548610743588,10.291570203437637],[79.65174831953041,10.290054072518327],[79.61667311636752,10.301879893688945],[79.54476894988358,10.30855086973391],[79.55616839091151,10.32977670260425],[79.61111954253339,10.329473476420388],[79.60030468822482,10.347667047452108],[79.58189020656431,10.342512202326454],[79.52693905494243,10.354944475864796],[79.537753909251,10.341299297591005],[79.537753909251,10.32674444076563],[79.51933942759047,10.311886357756391],[79.43866646031579,10.324621857478595],[79.38780741572958,10.321589595639976],[79.36471624031401,10.297937953298739],[79.3489323988907,10.302183119872808],[79.35331679928606,10.290357298702189],[79.32905645043172,10.286112132128121],[79.31765700940377,10.271860501486607],[79.29895023438357,10.264583073073918],[79.2755667656083,10.238202395077924],[79.27790511248583,10.213944300368963],[79.2401992690857,10.174828122650766],[79.22879982805776,10.145111956632288],[79.23318422845313,10.12418934994581],[79.22704606789962,10.092653826824161],[79.23289193509343,10.076279612895613],[79.24516825620044,10.070821541586097],[79.25130641675396,10.04989893489962],[79.26358273786097,10.035950530441966],[79.2179849737492,10.002595650217145],[79.1928477448158,9.959234305924879],[79.1668336358033,9.94286009199633],[79.15104979438,9.910718116506958],[79.12562027208689,9.888582605085032],[79.12298963184968,9.85795676051497],[79.08089938805419,9.81125992820022],[79.074468934141,9.793369583352362],[79.05576215912077,9.771537298114298],[79.03734767746026,9.760621155495265],[79.0136719153253,9.731814668028376],[78.99174991334849,9.71271141844507],[78.97713524536394,9.68269202624273],[78.97421231176703,9.665104907578733],[78.94878278947392,9.61598226579309],[78.92539932069866,9.586266099774612],[78.91867657342577,9.56473704072041],[78.91546134646917,9.499543411190079],[78.89792374488772,9.488930494754909],[78.8988006249668,9.460124007288018],[78.94235233556073,9.402207806170376],[78.98765780631281,9.354298069120178],[79.05167005208511,9.30002058220888],[79.08002250797512,9.29729154655412],[79.09814469627595,9.289407665773709],[79.12094357833183,9.293046379980053],[79.15338814125752,9.286072177751228],[79.19167857137703,9.285768951567366],[79.18437123738475,9.277885070786953],[79.14958832758154,9.274852808948333],[79.08236085485265,9.259085047387508],[79.03120951690676,9.26545279724861],[78.98765780631281,9.275156035132195],[78.94176774884136,9.270607642374266],[78.91516905310948,9.258781821203646],[78.9049387855203,9.248168904768477],[78.87746320970936,9.256659237916612],[78.81491243073552,9.237555988333305],[78.74125450409343,9.210568857969587],[78.72722442282827,9.209355953234141],[78.72079396891507,9.187220441812213],[78.6941952731832,9.194801096408764],[78.67285785792578,9.193891417857177],[78.64567457547452,9.175091394457734],[78.65152044266834,9.157504275793737],[78.63018302741091,9.156594597242151],[78.60007681136275,9.147497811726291],[78.57435499570995,9.128091335959123],[78.53226475191447,9.136278442923397],[78.46591415926466,9.124149395568917],[78.42236244867071,9.113536479133746],[78.34753534858986,9.064717063531964],[78.33584361420222,9.052284789993621],[78.3077834516719,9.03712348080052],[78.30690657159283,9.028936373836247],[78.28206163601911,9.021658945423559],[78.27475430202684,9.010742802804526],[78.25897046060354,9.02620733818149],[78.23909451214455,9.03530412369735],[78.21629563008867,9.028633147652386],[78.24494037933837,9.028329921468522],[78.26773926139425,9.000736338737081],[78.21249581641268,8.961620161018882],[78.19145069451494,8.928568506977923],[78.18297418708391,8.896426531488551],[78.17215933277535,8.880355543743864],[78.16485199878308,8.793026402791607],[78.16543658550246,8.758458617831337],[78.17537455973195,8.766342498611749],[78.20606536249949,8.766948950979474],[78.19671197498938,8.747542475212306],[78.1835587738033,8.751484415602512],[78.16982098589781,8.7436005348221],[78.15988301166833,8.716310178274519],[78.14439146360472,8.699026285794385],[78.12626927530388,8.635348787183364],[78.1417608233675,8.59077453815565],[78.13474578273492,8.552871265172898],[78.12480780850544,8.536193825060488],[78.13299202257677,8.498593778261599],[78.12919220890079,8.484038921436223],[78.10551644676583,8.463116314749744],[78.06722601664633,8.416419482434996],[78.05991868265406,8.380942018923141],[78.0681028967254,8.37457426906204],[78.04091961427416,8.35820005513349],[77.97456902162433,8.334548412792255],[77.94797032589247,8.306045151509226],[77.90967989577297,8.290580616132264],[77.89009624067369,8.27056768799737],[77.86963570549533,8.260864450113788],[77.81439226051376,8.24630959328841],[77.78691668470282,8.225690212785794],[77.78691668470282,8.202948248996144],[77.76587156280507,8.192638558744836],[77.75301065497868,8.178386928103322],[77.73284241316,8.168683690219737],[77.67292227442339,8.156251416681396],[77.65538467284193,8.159283678520016],[77.5893263735518,8.141393333672157],[77.56301997117963,8.121683631721126],[77.55863557078426,8.106825548711889],[77.56594290477653,8.090148108599479],[77.55278970359045,8.077715835061136],[77.49930001876702,8.080748096899756],[77.45487142809401,8.08893520386403],[77.38910542216357,8.107735227263476],[77.36104525963324,8.123199762640438],[77.31749354903931,8.121380405537264],[77.29995594745786,8.147154631165535],[77.27686477204229,8.164135297461808],[77.2505583696701,8.170199821139047],[77.23389764816773,8.189303070722353],[77.1871307106172,8.219928915292417],[77.16842393559698,8.240851521978895],[77.12837974531934,8.265716069055578],[77.10002728942932,8.29149029468385]],[[80.26965648191687,13.563077501124813],[80.28397885654172,13.534271013657921],[80.29274765733244,13.497580645410618],[80.3038548050007,13.47210964596621],[80.31876176634493,13.45664511058925],[80.3099929655542,13.448761229808838],[80.31086984563328,13.432387015880288],[80.28719408349832,13.439664444292976],[80.29303995069213,13.413890218664706],[80.28894784365647,13.402974076045673],[80.32840744721473,13.385386957381677],[80.32431534017906,13.435419277718909],[80.3292843272938,13.438451539557528],[80.3324995542504,13.40236762367795],[80.34623734215587,13.312612673254797],[80.34185294176051,13.271070686065702],[80.3324995542504,13.24499323425357],[80.30765461867668,13.151902795807933],[80.29917811124565,13.131889867673042],[80.30151645812317,13.084586582990568],[80.28514802998049,13.055476869339817],[80.2787175760673,13.012418751231412],[80.26030309440677,12.937218657633633],[80.25182658697572,12.877483099412817],[80.24714989322068,12.79318622029918],[80.25387264049357,12.766805542303187],[80.23662733227181,12.726173233665678],[80.20739799630272,12.642179580735903],[80.18752204784374,12.571831106079916],[80.16384628570879,12.517250392984757],[80.16384628570879,12.478134215266557],[80.1311094294234,12.447205144512633],[80.13812447005598,12.432347061503394],[80.07937350475812,12.359876003560377],[80.06066672973792,12.339863075425484],[80.01565355234553,12.27709525536605],[79.99051632341211,12.227366161212679],[79.89464410143351,12.08090791440733],[79.87506044633423,12.04330786760844]],[[79.84583111036514,12.038153022482788],[79.8443696435667,12.031785272621686]],[[79.85781513811247,12.004494916074105],[79.84056982989071,11.954462595736874]],[[79.80754068024564,11.971443262033148],[79.80666380016658,11.962346476517286]],[[79.75200494190437,11.921714167879777],[79.75171264854468,11.924746429718397]],[[79.72949835320819,11.969623904929975],[79.73066752664695,11.981752952284456]],[[79.66197858711959,12.01146911830293],[79.66168629375991,12.007527177912724]],[[79.68828498949178,11.884114121080888],[79.6935462699662,11.883810894897028]],[[79.6935462699662,11.883810894897028],[79.69559232348405,11.885023799632474]],[[79.6365490648265,11.886843156735647],[79.6362567714668,11.880475406874545]],[[79.64327181209939,11.9462754887726],[79.64356410545908,11.953249691001426]],[[79.61988834332412,11.939907738911497],[79.62018063668381,11.924443203534537]],[[79.64181034530093,11.901094787377161],[79.64210263866062,11.904733501583506]],[[79.65993253360176,11.949004524427359],[79.6719165613491,11.94748839350805]],[[79.68331600237703,11.812249515505595],[79.67600866838475,11.813765646424905]],[[79.2591983374656,11.38833931046651],[79.2591983374656,11.38833931046651]],[[79.4348666466398,11.340126347232452],[79.4348666466398,11.340126347232452]],[[79.49770971897334,11.257042372854261],[79.49770971897334,11.257042372854261]],[[81.39352444992818,17.814308598870127],[81.41778479878252,17.812489241766954],[81.4344455202849,17.828863455695505],[81.44613725467254,17.823102158202126],[81.47858181759821,17.830986038982537],[81.48968896526647,17.81066988466378],[81.56247001182949,17.824315062937572],[81.58351513372723,17.835231205556607],[81.61975951032889,17.823405384385985],[81.6513271931755,17.847360252911088],[81.6545424201321,17.864340919207358],[81.67149543499417,17.884960299709974],[81.69692495728728,17.892844180490385],[81.7118319186315,17.86919253814915],[81.7667830702534,17.901334513638524]],[[92.26859119058585,23.724490148524474],[92.2539765226013,23.722064339053578],[92.24403854837182,23.709935291699097],[92.24666918860903,23.695986887241446],[92.2384849745377,23.670212661613174],[92.22445489327254,23.65292876913304],[92.21188627880582,23.661115876097316],[92.21685526592057,23.69083204211579],[92.20837875848953,23.704780446573444],[92.17827254244138,23.71327077972158],[92.17710336900261,23.7378321006144],[92.14612027287538,23.72843208891468],[92.13676688536528,23.70720625604434],[92.10666066931712,23.676580411474276],[92.08970765445505,23.676277185290417],[92.07713903998834,23.64534811453649],[92.04206383682543,23.647773924007385],[92.01254220749667,23.66323845938435],[92.00026588638966,23.685070744622415],[91.98389745824696,23.730554672201713],[91.95642188243602,23.728128862730816],[91.95349894883911,23.71327077972158],[91.96168316291046,23.69810947052848],[91.94063804101272,23.68779978027717],[91.94034574765303,23.664148137935936],[91.94940684180344,23.646257793088076],[91.94823766836468,23.62685131732091],[91.95963710939262,23.605019032082843],[91.95525270899725,23.5862190086834],[91.96694444338489,23.538309271633203],[91.96168316291046,23.518902795866033],[91.97103655042056,23.511928593637208],[91.97863617777253,23.48221242761873],[91.94677620156622,23.470689832631976],[91.94619161484684,23.438851083326465],[91.91199329176301,23.43945753569419],[91.89240963666373,23.43339301201695],[91.86668782101093,23.407618786388678],[91.84008912527906,23.39276070337944],[91.84125829871783,23.37335422761227],[91.82459757721546,23.348489680535586],[91.80647538891462,23.332418692790903],[91.78864549397348,23.30664446716263],[91.77783063966491,23.27632184877643],[91.7784152263843,23.251154075515885],[91.79156842757038,23.231141147380992],[91.79302989436884,23.20081852899479],[91.80530621547585,23.17989592230831],[91.81144437602936,23.134715220912874],[91.82138235025886,23.09923775740102],[91.83395096472556,23.100450662136467],[91.81085978930997,23.069521591382543],[91.7877686138944,23.074069984140472],[91.77724605294553,23.064063520073027],[91.78572256037657,23.042837687202685],[91.77403082598893,23.041018330099515],[91.74830901033614,23.01312152118421],[91.71586444741045,22.987650521739802],[91.70358812630344,22.990986009762285],[91.67055897665837,22.97855373622394],[91.65945182899011,22.980373093327113],[91.63869900045208,22.968547272156496],[91.62145369223032,22.944289177447533],[91.59543958321782,22.97703760530463],[91.57907115507514,22.970063403075805],[91.55831832653709,22.981889224246423],[91.55890291325647,23.002205378565176],[91.54604200543007,22.997656985807247],[91.5483803523076,23.041321556283375],[91.53727320463935,23.039805425364065],[91.53844237807812,23.0570893178442],[91.5197356030579,23.118341006984327],[91.5071669885912,23.13259263762584],[91.51768954954005,23.144115232612595],[91.4940137874051,23.155941053783213],[91.49693672100202,23.180199148492175],[91.50453634835398,23.19020561255962],[91.48290663973685,23.190508838743483],[91.48290663973685,23.21901210002651],[91.45835399752282,23.219921778578097],[91.47063031862983,23.2326572783003],[91.45718482408405,23.25812827774471],[91.42474026115838,23.260554087215606],[91.41626375372734,23.28208314626981],[91.41655604708703,23.26116053958333],[91.40106449902342,23.245392778022506],[91.40311055254125,23.230231468829405],[91.3917111115133,23.225379849887613],[91.39141881815361,23.203244338465687],[91.38440377752103,23.195057231501412],[91.3884958845567,23.160792672725005],[91.39580321854898,23.151392661025284],[91.40866412637537,23.0937796860915],[91.42152503420178,23.071340948485716],[91.39317257831176,23.062244162969854],[91.37066598961556,23.07497966269206],[91.35371297475349,23.100450662136467],[91.33500619973327,23.155637827599353],[91.3279911591007,23.16443138693135],[91.32652969230224,23.23841857579368],[91.31805318487122,23.282992824821395],[91.30402310360606,23.297850907830632],[91.31805318487122,23.308463824265804],[91.29466971609594,23.32028964543642],[91.30022328993007,23.33999934738745],[91.31688401143245,23.360012275522344],[91.29963870321069,23.350612263822622],[91.28619320866491,23.376689715634754],[91.28268568834862,23.40640588165323],[91.27245542075944,23.432786559649223],[91.25930221957336,23.448251095026187],[91.24965653870356,23.489793082215282],[91.22510389648951,23.499193093915004],[91.20552024139023,23.520418926785343],[91.21341216210189,23.55013509280382],[91.19850520075765,23.56165768779058],[91.16313770423506,23.6013803178765],[91.16138394407692,23.663541685568212],[91.20727400154838,23.64959328111056],[91.20464336131116,23.689619137380344],[91.15787642376063,23.68931591119648],[91.1526151432862,23.711451422618406],[91.16401458431413,23.746019207578676],[91.19996666755611,23.75450954072681],[91.22744224336705,23.745412755210953],[91.22831912344611,23.78695474240005],[91.23474957735932,23.807574122902665],[91.25404093909891,23.837593515105002],[91.23328811056086,23.88580647833906],[91.24702589846633,23.912793608702778],[91.2420569113516,23.92825814407974],[91.26894790044315,23.925225882241122],[91.27596294107573,23.933109763021534],[91.26544038012686,23.947058167479184],[91.28443944850676,23.980109821520145],[91.29730035633315,23.969800131268837],[91.30723833056265,23.989509833219866],[91.3282834524604,23.99284532124235],[91.3408520669271,23.981929178623318],[91.3633586556233,23.985264666645797],[91.3852806576001,23.975864654946076],[91.3794347904063,23.998303392551865],[91.40427972598002,24.05379378419861],[91.38615753767918,24.06895509339171],[91.38206543064351,24.10503900927129],[91.42824778147465,24.108677723477633],[91.46975343855075,24.096851902307016],[91.49664442764232,24.096245449939293],[91.50161341475706,24.086238985871848],[91.59105518282246,24.074413164701227],[91.605669850807,24.08078091456233],[91.60303921056979,24.095335771387706],[91.62993019966135,24.096548676123156],[91.64483716100558,24.12020031846439],[91.64045276061022,24.145368091724936],[91.65155990827847,24.178722971949757],[91.66266705594671,24.185393947994722],[91.65448284187538,24.219355280587266],[91.67552796377312,24.23209078030947],[91.67289732353589,24.209955268887544],[91.67991236416847,24.204800423761892],[91.69452703215302,24.16689715077914],[91.71557215405076,24.154464877240798],[91.76087762480284,24.138697115679975],[91.76789266543543,24.149006805931283],[91.76233909160129,24.167806829330726],[91.74977047713459,24.244826280031674],[91.79799888148358,24.221781090058162],[91.81465960298596,24.22269076860975],[91.83132032448833,24.21359398309389],[91.84798104599072,24.225116578080645],[91.85558067334267,24.1911552454881],[91.88276395579393,24.158710043814864],[91.88977899642651,24.140516472783144],[91.90731659800795,24.1368777585768],[91.9155008120793,24.147793901195833],[91.91930062575528,24.176600388662724],[91.931869240222,24.228148839919264],[91.94414556132901,24.25756177975388],[91.9447301480484,24.27454244605015],[91.92748483982663,24.321542504548763],[91.92806942654602,24.33912962321276],[91.96226774962983,24.357929646612202],[91.97571324417562,24.338826397028896],[91.9985121262315,24.327910254409865],[92.0049425801447,24.33791671847731],[91.992373965678,24.350955444383377],[91.97454407073685,24.382794193688888],[91.98740497856325,24.3818845151373],[92.00581946022378,24.393103883940196],[92.01020386061914,24.38461355079206],[92.03651026299131,24.377336122379372],[92.0943843482101,24.374303860540753],[92.12419827089857,24.382187741321165],[92.13939752560249,24.421607145223224],[92.17184208852818,24.421607145223224],[92.15605824710487,24.4904394889599],[92.1586888873421,24.524704047736307],[92.17038062172972,24.527433083391063],[92.19610243738252,24.51742661932362],[92.22094737295623,24.50135563157893],[92.23351598742295,24.501658857762795]],[[80.07031241060771,28.829302953841335],[80.08229643835503,28.823541656347956],[80.11912540167609,28.825967465818852],[80.13344777630094,28.822025525428646],[80.19950607559106,28.7665351337819],[80.22435101116479,28.755618991162866],[80.24744218658037,28.758044800633762],[80.27082565535564,28.743489943808385],[80.2620568545649,28.72590282514439],[80.28222509638357,28.708922158848118],[80.32285387338061,28.696489885309777],[80.3324995542504,28.6667737192913],[80.36202118357917,28.6516124100982],[80.37225145116835,28.63341883906648],[80.39358886642579,28.63068980341172],[80.42632572271117,28.63857368419213],[80.46227780595314,28.624322053550618],[80.47396954034078,28.601276863577105],[80.47192348682293,28.587934911487178],[80.48799962160594,28.584599423464695],[80.52278253140915,28.557612293100977],[80.53301279899833,28.566405852432975],[80.5207364778913,28.579747804522903],[80.50933703686337,28.642212398398478],[80.50875245014399,28.665864040739713],[80.53739719939368,28.686180195058466],[80.55785773457204,28.69133504018412],[80.5911791775768,28.67920599282964],[80.58445643030392,28.661315647981784],[80.59410211117371,28.646154338788683],[80.60754760571949,28.64888337444344],[80.63151566121414,28.636754327088962],[80.66776003781581,28.640393041295304],[80.68442075931819,28.602489768312555],[80.69874313394303,28.60188331594483],[80.69494332026706,28.586115554384005],[80.70254294761901,28.575502637948837],[80.73937191094006,28.56670907861684],[80.74726383165171,28.57307682847794],[80.77210876722543,28.564586495329802],[80.7732779406642,28.55003163850443],[80.78818490200844,28.540631626804704],[80.78701572856967,28.52456063906002],[80.8241369852504,28.515767079728022],[80.84196688019155,28.4975735086963],[80.8659349356862,28.492115437386783],[80.86476576224743,28.504850937108987],[80.89224133805837,28.504547710925127],[80.90860976620107,28.494844473041542],[80.90159472556849,28.483321878054785],[80.90247160564755,28.460883140449],[80.92877800801973,28.454515390587897],[80.94222350256551,28.466341211758515],[80.9393005689686,28.451179902565414],[80.96063798422603,28.44632828362362],[80.97729870572842,28.451483128749274],[80.96619155806016,28.436321819556174],[80.9904519069145,28.44026375994638],[81.00214364130213,28.449966997829964],[81.01558913584792,28.446934735991345],[81.01646601592698,28.433289557717554],[81.03020380383245,28.4369282719239],[81.04014177806195,28.425405676937142],[81.0223118831208,28.41327662958266],[81.03721884446503,28.400237903676597],[81.04014177806195,28.41115404629563],[81.05358727260773,28.40690887972156],[81.08690871561248,28.38416691593191],[81.11029218438775,28.375979808967635],[81.18979597822366,28.36476044016474],[81.21581008723615,28.357483011752052],[81.23802438257265,28.3220055482402],[81.24036272945017,28.281070013418827],[81.29297553419453,28.222850586117325],[81.32045111000546,28.201927979430845],[81.32746615063805,28.17099890867692],[81.30729790881938,28.164024706448092],[81.32863532407681,28.157050504219267],[81.31811276312794,28.14219242121003],[81.36429511395909,28.140069837922997],[81.38124812882117,28.14795371870341],[81.37335620810951,28.165237611183542],[81.38124812882117,28.173121491963954],[81.42918423981047,28.17099890867692],[81.45022936170821,28.156444051851544],[81.45549064218264,28.13643112371665],[81.48413539143235,28.113992386110862],[81.47828952423852,28.084276220092388],[81.56422377198763,28.04061164961626],[81.58088449349,28.028179376077915],[81.60923694938002,28.017869685826607],[81.63291271151498,28.002708376633507],[81.67208002171355,27.989669650727443],[81.69721725064697,27.98936642454358],[81.75509133586576,27.943882496964278],[81.78139773823793,27.920534080806902],[81.81355000780393,27.899611474120427],[81.82231880859464,27.902340509775183],[81.89071545476232,27.857463034563608],[81.92140625752985,27.855037225092712],[81.92725212472367,27.876869510330774],[81.95735834077182,27.9077985810847],[81.97138842203698,27.9293276401389],[82.05264597603104,27.922050211726212],[82.07456797800785,27.923566342645525],[82.10379731397694,27.8838437125596],[82.12601160931344,27.86565014152788],[82.15231801168562,27.85806948693133],[82.15991763903759,27.86534691534402],[82.1879778015679,27.85048883233478],[82.2072691633075,27.845637213392987],[82.23211409888123,27.82198557105175],[82.2584205012534,27.810462976064997],[82.28881901066124,27.781656488598106],[82.34903144275756,27.753456453498938],[82.37913765880572,27.7322306206286],[82.38556811271891,27.716462859067775],[82.42999670339192,27.687959597784747],[82.45864145264163,27.676133776614126],[82.52586892537052,27.68886927633633],[82.56562082228848,27.68856605015247],[82.60361895904829,27.701908002242398],[82.62378720086696,27.702817680793984],[82.63401746845614,27.711914466309842],[82.70387558142225,27.717978989987085],[82.71965942284555,27.68856605015247],[82.71615190252926,27.662185372156475],[82.73310491739133,27.65217890808903],[82.74421206505959,27.63155952758641],[82.73778161114639,27.612153051819245],[82.75327315921,27.58880463566187],[82.75385774592938,27.577282040675115],[82.74099683810299,27.544533612818018],[82.74888875881464,27.52088197047678],[82.73982766466422,27.502081947077336],[82.81816228506136,27.49541097103237],[82.84125346047695,27.50117226852575],[82.88451287771119,27.49662387576782],[82.9257262414276,27.500565816158026],[82.93800256253462,27.494804518664647],[82.94735595004472,27.47357868579431],[82.97541611257505,27.463875447910723],[83.05550449313034,27.4481076863499],[83.11220940491036,27.449320591085346],[83.16160698269812,27.454778662394865],[83.1841135713943,27.452959305291692],[83.20545098665174,27.43567541281156],[83.21597354760061,27.417178615595976],[83.24666435036815,27.401714080219012],[83.27238616602095,27.380488247348673],[83.27267845938064,27.353501116984955],[83.31184576957921,27.329243022275993],[83.35773582705067,27.339855938711164],[83.37439654855305,27.365326938155572],[83.39105727005543,27.37260436656826],[83.40596423139966,27.398681818380393],[83.40537964468028,27.41505603230894],[83.39164185677481,27.434765734259972],[83.40684111147874,27.45417221002714],[83.39398020365233,27.47539804289748],[83.40333359116245,27.478127078552237],[83.45126970215175,27.474791590529755],[83.5708176862653,27.469939971587962],[83.60969270310419,27.469939971587962],[83.65149065353998,27.452959305291692],[83.70585721844247,27.425365722560247],[83.78243807868148,27.390494711416117],[83.8233591490382,27.375030176039157],[83.86661856627244,27.345010783836816]],[[83.47056106389134,24.733626888417227],[83.4749454642867,24.733020436049504]],[[77.57617317236571,30.39971136006266],[77.59078784035026,30.407595240843072],[77.62235552319686,30.405472657556036],[77.63521643102327,30.39971136006266],[77.64749275213028,30.406079109923763],[77.66093824667605,30.393040384017695],[77.68636776896916,30.380608110479354],[77.7109204111832,30.34543387315136],[77.72378131900959,30.333608051980743],[77.76441009600661,30.31965964752309],[77.8222841812254,30.286911219665992],[77.87869679964574,30.26538216061179],[77.88454266683955,30.269324101002],[77.91347970944895,30.25931763693455],[77.94446280557618,30.241730518270554],[77.9310173110304,30.21959500684863],[77.91757181648462,30.209891768965043],[77.90909530905358,30.181085281498152],[77.88483496019924,30.15773686534078],[77.86817423869687,30.128323925506166],[77.83076068865644,30.086175485949347],[77.79919300580983,30.094665819097482],[77.7711328432795,30.045239951127975],[77.78662439134312,30.026743153912392],[77.75710276201434,30.00369796393888],[77.7424880940298,29.982168904884677],[77.75651817529496,29.966704369507717],[77.75271836161897,29.95366564360165],[77.73021177292279,29.92971077507655],[77.74541102762672,29.908181716022348],[77.71442793149949,29.866639728833253],[77.72553507916774,29.851175193456292],[77.7424880940298,29.84783970543381],[77.74161121395073,29.832375170056846],[77.75125689482053,29.824794515460297],[77.75359524169805,29.805994492060854],[77.77697871047332,29.780220266432583],[77.77405577687641,29.738375053059627],[77.78136311086868,29.729278267543766],[77.76967137648106,29.710478244144323],[77.79480860541446,29.70289758954777],[77.809423273399,29.6922846731126],[77.80123905932766,29.68045885194198],[77.84099095624562,29.66378141182957],[77.88600413363801,29.69652983968667],[77.91201824265049,29.6922846731126],[77.93247877782885,29.708355660857286],[77.95293931300722,29.708962113225013],[77.95761600676227,29.68167175667743],[77.97544590170341,29.664691090381158],[77.98918368960888,29.636491055281994],[77.98889139624919,29.60859424636669],[77.96170811379794,29.607684567815102],[77.96024664699948,29.58463937784159],[77.99619873024146,29.574329687590282],[77.98889139624919,29.558258699845595],[77.99999854391744,29.540368354997735],[78.00613670447095,29.549465140513597],[78.04881153498582,29.5470393310427],[78.05465740217963,29.566142580626007],[78.04851924162612,29.57523936614187],[78.06284161625098,29.592523258622002],[78.0906094854216,29.59403938954131],[78.10288580652862,29.619207162801857],[78.1192542346713,29.627394269766132],[78.14614522376286,29.65286526921054],[78.1514065042373,29.670452387874537],[78.17829749332886,29.67378787589702],[78.19466592147154,29.685916923251497],[78.2057730691398,29.70441372046708],[78.23354093831043,29.711994375063632],[78.2437712058996,29.69834919678984],[78.27709264890436,29.72109116057949],[78.31538307902386,29.752020231333415],[78.34432012163326,29.79052995668389],[78.39868668653575,29.7680912190781],[78.42528538226762,29.766575088158792],[78.43697711665526,29.75596217172362],[78.50011248234848,29.735646017404868],[78.51998843080746,29.685007244699914],[78.52408053784313,29.64498138843013],[78.54307960622303,29.61799425806641],[78.5889696636945,29.574632913774142],[78.63398284108689,29.5470393310427],[78.65181273602803,29.541884485917045],[78.70559471421114,29.50307153438271],[78.75148477168261,29.499129593992503],[78.77808346741448,29.477903761122164],[78.79795941587345,29.470019880341752],[78.87804779642875,29.453645666413202],[78.93533729492815,29.45031017839072],[78.91283070623196,29.440606940507138],[78.90873859919628,29.417561750533626],[78.89938521168618,29.40300689370825],[78.86898670227833,29.379658477550873],[78.844726353424,29.375413310976807],[78.84852616709998,29.36540684690936],[78.82631187176347,29.364193942173912],[78.82105059128904,29.376929441896117],[78.8093588569014,29.349639085348535],[78.80994344362078,29.332355192868402],[78.80088234947036,29.32325840735254],[78.796497949075,29.33690358562633],[78.78159098773077,29.334781002339298],[78.76960695998343,29.343877787855156],[78.75353082520044,29.326593895375023],[78.74037762401436,29.328110026294333],[78.74066991737405,29.312948717101232],[78.7260552493895,29.313251943285096],[78.77311448029972,29.287477717656824],[78.7707761334222,29.28080674161186],[78.79942088267191,29.259277682557656],[78.82572728504408,29.24623895665159],[78.86255624836514,29.256245420719036],[78.9110769460738,29.19650986249822],[78.90640025231876,29.18983888645326],[78.91663051990794,29.157090458596162],[78.90698483903813,29.15072270873506],[78.92627620077774,29.142838827954648],[78.93562958828784,29.15102593491892],[78.95638241682589,29.14344528032237],[78.9785967121624,29.15951626806706],[78.99087303326941,29.148600125448027],[78.99554972702447,29.13131623296789],[79.01250274188654,29.110393626281414],[79.03384015714397,29.112819435752307],[79.04290125129438,29.1240388045552],[79.02039466259819,29.133438816254927],[79.02536364971293,29.151632387286647],[79.04056290441686,29.14647754216099],[79.03384015714397,29.16133562517023],[79.04582418489129,29.164974339376574],[79.05810050599831,29.148600125448027],[79.08469920173017,29.145871089793268],[79.1127593642605,29.12555493547451],[79.12971237912257,29.127677518761548],[79.1542650213366,29.113729114303894],[79.15514190141567,29.092806507617418],[79.14666539398463,29.075825841321144],[79.15543419477535,29.05399355608308],[79.17735619675217,29.04519999675108],[79.16624904908392,29.021245128225985],[79.18027913034908,29.009722533239227],[79.21593892023137,29.023064485329154],[79.24955265659581,29.000625747723365],[79.29076602031222,28.95878053435041],[79.31327260900842,28.94665148699593],[79.31911847620223,28.952412784489308],[79.36150101335741,28.946045034628206],[79.3714389875869,28.964238605659926],[79.39102264268618,28.930277273067382],[79.41440611146145,28.922999844654694],[79.40739107082887,28.879335274178565],[79.42288261889249,28.849619108160088],[79.44509691422898,28.855380405653467],[79.47140331660117,28.85295459618257],[79.48835633146324,28.861141703146846],[79.51904713423077,28.85719976275664],[79.54476894988358,28.884186893120358],[79.5658140717813,28.87236107194974],[79.5625988448247,28.839915870276503],[79.5883206604775,28.844161036850572],[79.6041045019008,28.86053525077912],[79.62544191715824,28.862657834066155],[79.66577840079557,28.842644905931262],[79.69617691020343,28.851135239079397],[79.69822296372126,28.860838476962982],[79.71692973874147,28.864173964985465],[79.72160643249653,28.873270750501323],[79.75229723526407,28.87721269089153],[79.76194291613386,28.887219154958977],[79.7862032649882,28.885703024039667],[79.81455572087822,28.865690095904775],[79.82010929471235,28.85022556052781],[79.80637150680687,28.84689007250533],[79.81338654743945,28.8271803705543],[79.8087098536844,28.81050293044189],[79.79789499937584,28.814748097015958],[79.79526435913863,28.799283561638994],[79.81309425407977,28.79837388308741],[79.8277089220643,28.806257763867823],[79.8247859884674,28.82414810871568],[79.83618542949534,28.838702965541056],[79.8659993521838,28.838096513173333],[79.88704447408155,28.82414810871568],[79.88295236704587,28.81019970425803],[79.85810743147215,28.81535454938368],[79.85226156427834,28.802619049661477],[79.87915255336989,28.790490002306996],[79.91305858309404,28.795948073616515],[79.90078226198702,28.779573859687964],[79.92387343740259,28.75895447918535],[79.93410370499177,28.726509277512115],[79.96450221439963,28.711347968319014],[79.99986971092221,28.71104474213515],[80.01740731250366,28.723477015673495],[80.04663664847276,28.757135122082175],[80.05219022230688,28.77714805021707],[80.03757555432233,28.79382549032948],[80.07031241060771,28.829302953841335]],[[77.67379915450246,28.108534314801346],[77.67379915450246,28.108534314801346]],[[78.92218409374206,31.25420274618579],[78.93241436133124,31.262996305517788],[78.93153748125216,31.282099555101095],[78.93913710860413,31.29635118574261],[78.93855252188474,31.320306054267707],[78.94585985587702,31.33273832780605],[78.99613431374385,31.351841577389358],[79.00899522157025,31.362454493824526],[79.02244071611602,31.395506147865486],[79.04991629192696,31.423099730596928],[79.05283922552387,31.45220944424768],[79.07271517398286,31.46737075344078],[79.09200653572245,31.453119122799265],[79.1446193404668,31.4337126470321],[79.16449528892578,31.406119064300654],[79.17910995691032,31.393686790762313],[79.19314003817547,31.367002886582455],[79.21038534639723,31.348506089366875],[79.2372763354888,31.332131875438325],[79.23698404212911,31.31424153059047],[79.26358273786097,31.291499566800816],[79.26329044450128,31.27997697181406],[79.24926036323612,31.263905984069375],[79.24955265659581,31.248744674876274],[79.27995116600366,31.23873821080883],[79.3039192214983,31.19022202139091],[79.29748876758511,31.17566716456553],[79.31502636916656,31.14382841526002],[79.34045589145967,31.12442193949285],[79.36910064070938,31.11653805871244],[79.39453016300247,31.11502192779313],[79.40183749699474,31.1041057851741],[79.40768336418856,31.07438961915562],[79.42142115209403,31.071660583500865],[79.42814389936692,31.032241179598802],[79.48104899747096,31.035879893805145],[79.51641649399356,31.033757310518112],[79.52050860102923,31.01798954895729],[79.537753909251,30.999189525557846],[79.53453868229438,30.98978951385812],[79.55295316395491,30.985847573467915],[79.54798417684017,30.967654002436195],[79.56873700537821,30.95340237179468],[79.59095130071472,30.948853979036752],[79.60468908862019,30.937331384049994],[79.63099549099236,30.9564346336333],[79.66460922735682,30.9652281929653],[79.66694757423434,30.97887337123909],[79.70845323131044,30.976144335584333],[79.74002091415706,30.985544347284055],[79.75346640870283,31.000705656477155],[79.77568070403933,30.987666930571088],[79.82010929471235,30.972202395194124],[79.84553881700545,30.978570145055226],[79.86716852562257,30.97462820466502],[79.87915255336989,30.96067980020737],[79.89289034127536,30.920957170121447],[79.91276628973435,30.916105551179655],[79.9303038913158,30.88669261134504],[79.94959525305539,30.887299063712764],[79.98291669606014,30.876686147277592],[80.01419208554707,30.858795802429736],[80.03991390119987,30.83817642192712],[80.05920526293946,30.83847964811098],[80.08463478523257,30.813918327218158],[80.08901918562793,30.794208625267128],[80.11824852159701,30.774195697132235],[80.15244684468084,30.790569911060786],[80.15449289819867,30.805731220253886],[80.17436884665766,30.80664089880547],[80.20038295567014,30.779956994625614],[80.20535194278489,30.75812470938755],[80.22288954436634,30.75206018571031],[80.23779650571056,30.75964084030686],[80.25241117369511,30.732047257575417],[80.23838109242995,30.709002067601904],[80.23458127875396,30.69171817512177],[80.20038295567014,30.67655686592867],[80.1954139685554,30.66412459239033],[80.21528991701437,30.649872961748812],[80.2240587178051,30.635924557291162],[80.21353615685622,30.621066474281925],[80.22552018460355,30.60984710547903],[80.2205511974888,30.59165353444731],[80.22552018460355,30.57679545143807],[80.25182658697572,30.560421237509523],[80.27170253543471,30.568608344473798],[80.27521005575099,30.560724463693383],[80.29274765733244,30.568911570657658],[80.32022323314338,30.561937368428833],[80.33016120737287,30.548292190155042],[80.38306630547692,30.521305059791324],[80.39592721330331,30.51796957176884],[80.41521857504291,30.525550226365393],[80.43830975045849,30.500079226920985],[80.47163119346325,30.488253405750363],[80.50875245014399,30.48036952496995],[80.52015189117192,30.46308563248982],[80.54119701306966,30.44853077566444],[80.57013405567906,30.46156950157051],[80.58094890998763,30.48309856062471],[80.60813219243887,30.47673081076361],[80.658114356946,30.44185979961948],[80.6806209456422,30.437917859229273],[80.71423468200665,30.412750085968725],[80.74580236485326,30.39667909822404],[80.77386252738359,30.36969196786032],[80.79052324888596,30.33754999237095],[80.83232119932175,30.311169314374954],[80.86008906849239,30.30146607649137],[80.8977949118925,30.29388542189482],[80.93111635489726,30.282362826908063],[81.00857409521534,30.264775708244066],[81.03429591086812,30.244459553925314],[81.03283444406968,30.228388566180627],[81.04306471165886,30.19867240016215],[80.99337484051141,30.18684657899153],[80.98343686628192,30.19139497174946],[80.936085342012,30.176840114924087],[80.91971691386931,30.188969162278564],[80.92176296738715,30.207465959494147],[80.90276389900724,30.215956292642286],[80.88288795054827,30.184117543336775],[80.86798098920403,30.171988495982294],[80.87645749663507,30.15045943692809],[80.87470373647693,30.1304465087932],[80.85132026770165,30.11710455670327],[80.84576669386753,30.105278735532654],[80.8118606641434,30.094969045281346],[80.78935407544719,30.066465783998314],[80.76187849963625,30.046452855863425],[80.76158620627656,30.032201225221907],[80.7443408980548,30.00218183301957],[80.72475724295552,30.00066570210026],[80.69231268002983,29.97489147647199],[80.68149782572127,29.960639845830475],[80.64174592880332,29.95942694109503],[80.62888502097692,29.963672107669097],[80.60024027172722,29.95366564360165],[80.57247240255658,29.92303979903159],[80.57422616271474,29.89483976393242],[80.55522709433482,29.85360100292719],[80.54382765330689,29.84935583635312],[80.50115282279202,29.812362241921956],[80.49647612903696,29.795988027993406],[80.47046202002448,29.801142873119062],[80.45409359188179,29.79780738509658],[80.4380174570988,29.805388039693128],[80.40995729456847,29.789620278132304],[80.40148078713744,29.758994433562243],[80.3740052113265,29.748987969494795],[80.37254374452804,29.72078793439563],[80.39066593282888,29.685613697067637],[80.39475803986456,29.668633030771364],[80.42077214887703,29.649529781188058],[80.42457196255302,29.635581376730407],[80.41317252152507,29.61526522241165],[80.41375710824445,29.597678103747654],[80.39768097346146,29.570690973383936],[80.38745070587228,29.5709941995678],[80.34945256911247,29.547342557226564],[80.35675990310475,29.532484474217323],[80.35179091599,29.514897355553327],[80.31788488626586,29.4927618441314],[80.31613112610772,29.48063279677692],[80.30268563156193,29.485787641902576],[80.29274765733244,29.466987618503133],[80.30005499132471,29.44849082128755],[80.2816405096642,29.45667792825182],[80.24714989322068,29.44576178563279],[80.24890365337882,29.4081617388339],[80.27754840262853,29.39421333437625],[80.28544032334017,29.343574561671296],[80.29683976436812,29.326897121558886],[80.31671571282709,29.322651954984817],[80.31905405970463,29.29778740790813],[80.30794691203637,29.282929324898895],[80.2974243510875,29.235019587848697],[80.30327021828131,29.202877612359323],[80.29187077725338,29.195600183946635],[80.28251738974326,29.207729231301116],[80.25416493385326,29.219251826287874],[80.25036512017728,29.202574386175463],[80.26410290808275,29.187413076982363],[80.26351832136336,29.16467111319271],[80.27404088231224,29.14496141124168],[80.25007282681759,29.131619459151754],[80.24071943930747,29.11888395942955],[80.21938202405005,29.11918718561341],[80.19015268808096,29.133135590071063],[80.15215455132115,29.104632328788036],[80.13607841653815,29.07249035329866],[80.14367804389012,29.05884517502487],[80.13023254934433,29.034587080315912],[80.13052484270403,29.014270925997156],[80.13812447005598,29.00426446192971],[80.12467897551021,29.001232200091092],[80.12117145519392,28.985161212346405],[80.10246468017371,28.9812192719562],[80.06972782388833,28.926335332677176],[80.06329736997513,28.903896595071387],[80.06358966333482,28.84537394158602],[80.07031241060771,28.829302953841335]],[[88.01864574068092,21.572797147839683],[88.01864574068092,21.572797147839683]],[[88.49771455721422,21.5997842782034],[88.53395893381588,21.57795199296534],[88.53220517365774,21.54338420800507],[88.5175905056732,21.539745493798726],[88.48163842243123,21.554603576807963],[88.48514594274752,21.58583587374575],[88.49771455721422,21.5997842782034]],[[88.17765332835275,21.60099718293885],[88.18671442250316,21.56006164811748],[88.17443810139615,21.566732624162444],[88.16771535412326,21.59614556399706],[88.17765332835275,21.60099718293885]],[[88.83472880093777,21.607364932799953],[88.87331152441696,21.594022980710022],[88.89260288615657,21.57946812388465],[88.9040023271845,21.56006164811748],[88.89523352639378,21.550358410233898],[88.85489704275645,21.550055184050034],[88.84203613493004,21.554603576807963],[88.82829834702457,21.578558445333062],[88.83472880093777,21.607364932799953]],[[88.72891860472969,21.637081098818427],[88.73681052544134,21.609790742270846],[88.75697876726001,21.600087504387265],[88.74119492583671,21.57370682639127],[88.71401164338545,21.578558445333062],[88.70728889611256,21.595539111629336],[88.7128424699467,21.624648825280087],[88.72891860472969,21.637081098818427]],[[88.5371741607725,21.63859722973774],[88.571664777216,21.623132694360777],[88.58627944520055,21.60706170661609],[88.58657173856024,21.588261683216647],[88.57663376433075,21.57522295731058],[88.55003506859889,21.56370036232382],[88.53658957405311,21.588261683216647],[88.50999087832125,21.6022100876743],[88.52431325294609,21.626164956199396],[88.5237286662267,21.65254563419539],[88.5371741607725,21.63859722973774]],[[88.89231059279686,21.65224240801153],[88.89231059279686,21.65224240801153]],[[88.77422407548177,21.648300467621326],[88.77393178212208,21.619797206338294],[88.79789983761673,21.593719754526163],[88.79000791690507,21.581893933355545],[88.74937913990804,21.5782552191492],[88.75844023405847,21.5997842782034],[88.73739511216073,21.610700420822432],[88.72950319144907,21.639506908289327],[88.7698396750864,21.65557789603401],[88.77422407548177,21.648300467621326]],[[88.96567622607927,21.64162949157636],[88.98964428157392,21.64466175341498],[88.99519785540805,21.62646818238326],[88.98789052141578,21.613126230293332],[88.96626081279865,21.61403590884492],[88.93995441042648,21.647087562885876],[88.95398449169164,21.676197276536627],[88.96567622607927,21.64162949157636]],[[88.63450784954955,21.656790800769457],[88.63450784954955,21.656790800769457]],[[88.57692605769044,21.69166181191359],[88.59300219247345,21.654364991298564],[88.60323246006263,21.621010111073744],[88.59241760575406,21.617977849235125],[88.55471176235395,21.64739078906974],[88.57049560377725,21.664977907733736],[88.56757267018034,21.690752133362004],[88.57692605769044,21.69166181191359]],[[88.59183301903468,21.694087621384487],[88.60644768701923,21.679835990742973],[88.58949467215714,21.657700479321043],[88.58043357800673,21.682565026397732],[88.59183301903468,21.694087621384487]],[[88.98438300109949,21.70561021637124],[88.99402868196928,21.673165014698007],[88.9873059346964,21.664977907733736],[88.99432097532898,21.648906919989045],[89.02355031129807,21.65284886037925],[89.02471948473682,21.63101657514119],[89.03670351248415,21.613429456477192],[89.02150425778022,21.60251331385816],[88.99841308236465,21.603119766225884],[88.99110574837238,21.645268205782703],[88.9680145729568,21.64162949157636],[88.95456907841103,21.68074566929456],[88.95135385145443,21.701365049797175],[88.97210667999246,21.69742310940697],[88.98438300109949,21.70561021637124]],[[88.80666863840744,21.70682312110669],[88.81017615872375,21.68862955007497],[88.80666863840744,21.663765002998286],[88.79702295753765,21.65527466985015],[88.76837820828794,21.665584360101455],[88.75931711413753,21.663158550630563],[88.73184153832659,21.683171478765452],[88.74061033911732,21.689539228626558],[88.75756335397939,21.682261800213865],[88.7634092211732,21.69135858572973],[88.80666863840744,21.70682312110669]],[[88.31093910037177,21.706216668738968],[88.32847670195322,21.70530699018738],[88.35069099728973,21.680139216926833],[88.34601430353467,21.66133919352739],[88.357998331282,21.64739078906974],[88.34104531641992,21.62495205146395],[88.31532350076714,21.607971385167676],[88.30801616677486,21.611003647006296],[88.30684699333611,21.63556496789912],[88.31620038084621,21.66133919352739],[88.31181598045085,21.68862955007497],[88.3004165394229,21.702881180716485],[88.31093910037177,21.706216668738968]],[[88.45416284662029,21.709248930577587],[88.47082356812267,21.673771467065734],[88.45123991302339,21.62070688488988],[88.4410096454342,21.615248813580365],[88.43779441847761,21.63313915842822],[88.42054911025585,21.651332729459945],[88.41937993681708,21.689236002442694],[88.44247111223265,21.708945704393724],[88.45416284662029,21.709248930577587]],[[88.69705862852338,21.71288764478393],[88.70728889611256,21.68104889547842],[88.75142519342589,21.648603693805185],[88.72482649769401,21.637990777370014],[88.70641201603348,21.665281133917595],[88.68712065429389,21.683474704949315],[88.69705862852338,21.71288764478393]],[[88.2045443174443,21.721074751748205],[88.21652834519163,21.70045537124559],[88.19431404985512,21.68862955007497],[88.2045443174443,21.67225533614642],[88.22529714598235,21.67073920522711],[88.23085071981649,21.639506908289327],[88.20542119752338,21.609184289903126],[88.19285258305666,21.639203682105464],[88.18145314202873,21.689236002442694],[88.18788359594193,21.707126347290554],[88.2045443174443,21.721074751748205]],[[89.05891780782065,21.72198443029979],[89.07265559572612,21.689842454810417],[89.09194695746572,21.666797264836905],[89.09311613090448,21.63738432500229],[89.08171668987654,21.627377860934843],[89.05190276718807,21.61767462305126],[89.0285192984128,21.635261741715254],[89.02091967106084,21.663158550630563],[89.02647324489496,21.688326323891108],[89.01068940347166,21.70803602584214],[89.03378057888725,21.71986184701276],[89.05891780782065,21.72198443029979]],[[88.97795254718629,21.726836049241584],[89.00133601596156,21.715313454254826],[89.02413489801744,21.687113419155658],[89.01799673746393,21.66164241971125],[88.99169033509176,21.651635955643805],[88.99549014876774,21.676197276536627],[88.99169033509176,21.70318440690035],[88.97064521319402,21.721074751748205],[88.97795254718629,21.726836049241584]],[[88.54565066820352,21.736236060941305],[88.57108019049663,21.7322941205511],[88.58744861863931,21.709248930577587],[88.59066384559591,21.69014568099428],[88.58014128464704,21.684687609684765],[88.56728037682065,21.6931779428329],[88.56669579010126,21.663461776814422],[88.53863562757094,21.64162949157636],[88.52811306662207,21.656487574585597],[88.53337434709651,21.668616621940078],[88.5172982123135,21.711977966232347],[88.54565066820352,21.736236060941305]],[[88.19548322329389,21.724410239770684],[88.19548322329389,21.724410239770684]],[[88.88295720528676,21.745332846457167],[88.91394030141399,21.725926370689997],[88.91744782173028,21.713190870967793],[88.9361545967505,21.701668275981035],[88.94200046394431,21.689842454810417],[88.92095534204657,21.632229479876635],[88.90020251350852,21.65284886037925],[88.88880307248058,21.656790800769457],[88.88208032520768,21.683474704949315],[88.87301923105727,21.69439084756835],[88.87243464433789,21.720468299380478],[88.88295720528676,21.745332846457167]],[[88.4123648961845,21.731384441999513],[88.42844103096749,21.70257795453262],[88.41324177626356,21.691055359545864],[88.41119572274573,21.65830693168877],[88.43194855128378,21.627074634750983],[88.41265718954419,21.62222301580919],[88.40184233523563,21.595539111629336],[88.38722766725108,21.61161009937402],[88.38722766725108,21.64921014617291],[88.37962803989912,21.68074566929456],[88.40447297547284,21.710765061496897],[88.39131977428676,21.726229596873857],[88.36910547895025,21.72501669213841],[88.39073518756737,21.7386618704122],[88.39511958796274,21.754732858156885],[88.4123648961845,21.731384441999513]],[[88.22091274558699,21.762010286569577],[88.27235637689259,21.753823179605302],[88.26154152258403,21.73108121581565],[88.27674077728794,21.725623144506134],[88.2843404046399,21.70682312110669],[88.31152368709115,21.672861788514147],[88.28989397847403,21.62828753948643],[88.28638645815775,21.60402944477747],[88.30597011325703,21.58037780243623],[88.29164773863218,21.563093909956102],[88.27060261673444,21.557635838646583],[88.24838832139793,21.56400358850769],[88.24049640068628,21.57491973112672],[88.24517309444133,21.59190039742299],[88.217112931911,21.619797206338294],[88.23465053349247,21.635261741715254],[88.23318906669401,21.665281133917595],[88.22325109246452,21.675894050352767],[88.20746725104121,21.674377919433454],[88.1981138635311,21.689842454810417],[88.22120503894668,21.702274728348762],[88.2109747713575,21.72501669213841],[88.21448229167379,21.754732858156885],[88.22091274558699,21.762010286569577]],[[88.92709350260009,21.762010286569577],[88.96158411904361,21.75351995342144],[88.97064521319402,21.73896509659606],[88.98467529445918,21.746242525008753],[88.97064521319402,21.71743603754186],[88.9837984143801,21.706519894922828],[88.97298356007154,21.698636014142416],[88.95018467801566,21.702274728348762],[88.92241680884503,21.72016507319662],[88.93118560963575,21.735932834757442],[88.92709350260009,21.762010286569577]],[[88.36530566527426,21.76413286985661],[88.35975209144014,21.73411347765427],[88.37261299926655,21.717739263725722],[88.39804252155965,21.713190870967793],[88.38518161373325,21.70045537124559],[88.35186017072849,21.690448907178144],[88.33753779610365,21.70985538294531],[88.34893723713158,21.725623144506134],[88.34250678321838,21.753823179605302],[88.36530566527426,21.76413286985661]],[[89.00513582963754,21.765042548408196],[89.02676553825466,21.75564253670847],[89.05687175430282,21.724107013586824],[89.01741215074455,21.717739263725722],[89.01565839058641,21.73350702528655],[89.00162830932125,21.749881239215092],[89.00513582963754,21.765042548408196]],[[88.83180586734086,21.766255453143643],[88.8654196037053,21.756248989076198],[88.84934346892231,21.738358644228338],[88.83999008141221,21.71561668043869],[88.84262072164942,21.680442443110696],[88.85986602987118,21.636777872634568],[88.83940549469283,21.620403658706017],[88.81543743919818,21.629197218038016],[88.80871469192529,21.639203682105464],[88.82303706655014,21.671042431410974],[88.81952954623385,21.7019715021649],[88.80433029152992,21.716526358990272],[88.7701319684461,21.699848918877862],[88.78036223603527,21.730171537264063],[88.79263855714228,21.73532638238972],[88.79117709034384,21.749274786847373],[88.81339138568035,21.75048769158282],[88.83180586734086,21.766255453143643]],[[88.38488932037356,21.76443609604047],[88.38751996061077,21.742300584618548],[88.36384419847582,21.731687668183376],[88.36150585159828,21.74775865592806],[88.37290529262623,21.763526417488883],[88.38488932037356,21.76443609604047]],[[88.20045221040863,21.76868126261454],[88.20045221040863,21.76868126261454]],[[88.28287893784145,21.765042548408196],[88.28287893784145,21.765042548408196]],[[87.94528010739853,21.745029620273304],[87.9362190132481,21.749881239215092],[87.96018706874275,21.77019739353385],[87.95989477538306,21.75564253670847],[87.94528010739853,21.745029620273304]],[[87.88419079522313,21.74442316790558],[87.88302162178437,21.75685544144392],[87.90085151672551,21.77201675063702],[87.88419079522313,21.74442316790558]],[[88.58218733816489,21.7777780481304],[88.58627944520055,21.752913501053715],[88.62106235500376,21.734416703838132],[88.59270989911374,21.71864894227731],[88.57984899128735,21.725926370689997],[88.58014128464704,21.75564253670847],[88.56903413697879,21.769287714982262],[88.58218733816489,21.7777780481304]],[[88.30246259294074,21.724410239770684],[88.2972013124663,21.70561021637124],[88.27790995072671,21.72804895397703],[88.28901709839496,21.778384500498124],[88.29895507262445,21.76716513169523],[88.30597011325703,21.733203799102682],[88.30246259294074,21.724410239770684]],[[88.50531418456619,21.782932893256053],[88.50531418456619,21.782932893256053]],[[88.9995822558034,21.78535870272695],[89.01039711011197,21.777474821946537],[88.99724390892588,21.771107072085435],[89.00162830932125,21.745332846457167],[89.01478151050733,21.71864894227731],[88.9998745491631,21.717132811358],[88.97707566710721,21.72804895397703],[88.98935198821422,21.744119941721717],[88.97093750655371,21.740481227515374],[88.95106155809472,21.757765119995508],[88.9902288682933,21.78899741693329],[88.9995822558034,21.78535870272695]],[[88.60966291397582,21.79021032166874],[88.62047776828439,21.780203857601293],[88.63070803587357,21.744119941721717],[88.61930859484562,21.717132811358],[88.60907832725644,21.70803602584214],[88.59855576630757,21.715313454254826],[88.62077006164407,21.726836049241584],[88.61638566124871,21.74442316790558],[88.58627944520055,21.756248989076198],[88.58920237879747,21.779900631417433],[88.60966291397582,21.79021032166874]],[[88.27411013705073,21.790816774036465],[88.28814021831589,21.782023214704466],[88.28258664448177,21.769590941166125],[88.26417216282124,21.792636131139638],[88.27411013705073,21.790816774036465]],[[88.18320690218687,21.787481286013985],[88.18320690218687,21.787481286013985]],[[88.45854724701564,21.788694190749432],[88.47491567515834,21.788087738381705],[88.46731604780638,21.737145739492888],[88.45503972669937,21.710765061496897],[88.43311772472255,21.704397311635795],[88.42347204385274,21.741087679883098],[88.42405663057212,21.769287714982262],[88.43867129855667,21.780203857601293],[88.44597863254894,21.798094202449153],[88.45854724701564,21.788694190749432]],[[88.71605769690329,21.807494214148875],[88.72804172465061,21.7777780481304],[88.75931711413753,21.759281250914817],[88.7508406067065,21.73684251330903],[88.77568554228023,21.724107013586824],[88.75697876726001,21.71137151386462],[88.7604862875763,21.684990835868625],[88.73125695160721,21.68893277625883],[88.73096465824753,21.681958574030006],[88.75464042038249,21.666190812469182],[88.74791767310958,21.65830693168877],[88.71138100314823,21.689539228626558],[88.69501257500555,21.743816715537854],[88.71196558986762,21.787481286013985],[88.71605769690329,21.807494214148875]],[[88.17122287443955,21.808707118884325],[88.17122287443955,21.808707118884325]],[[88.54448149476477,21.810223249803634],[88.5684495502594,21.795061940610534],[88.56260368306559,21.760190929466404],[88.57254165729508,21.735629608573582],[88.53395893381588,21.732900572918822],[88.5175905056732,21.720468299380478],[88.50326813104834,21.76413286985661],[88.51116005176,21.7841457979915],[88.53191288029805,21.805068404677982],[88.54448149476477,21.810223249803634]],[[88.4217182836946,21.81113292835522],[88.44276340559234,21.799913559552326],[88.43545607160007,21.78111353615288],[88.42230287041399,21.77019739353385],[88.42288745713337,21.71986184701276],[88.40301150867438,21.7386618704122],[88.40242692195501,21.751094143950542],[88.38284326685573,21.777171595762674],[88.4217182836946,21.81113292835522]],[[88.9995822558034,21.811739380722944],[89.0159506839461,21.81264905927453],[89.01390463042826,21.78960386930102],[89.02267343121899,21.760190929466404],[88.99812078900496,21.768984488798402],[89.00981252339258,21.78384257180764],[88.9902288682933,21.78960386930102],[88.9995822558034,21.811739380722944]],[[88.75054831334681,21.795365166794397],[88.75551730046155,21.780203857601293],[88.74674849967083,21.772623203004745],[88.7283340180103,21.779597405233574],[88.73008777816845,21.79597161916212],[88.75113290006618,21.81386196400998],[88.75054831334681,21.795365166794397]],[[88.82800605366488,21.804158726126396],[88.82157559975168,21.78081030996902],[88.8303444005424,21.76716513169523],[88.80900698528498,21.749578013031233],[88.79146938370353,21.749578013031233],[88.7856235165097,21.768984488798402],[88.79702295753765,21.789907095484878],[88.82303706655014,21.822352297158112],[88.82800605366488,21.804158726126396]],[[88.78737727666785,21.745029620273304],[88.77656242235929,21.73077798963179],[88.7572710606197,21.733203799102682],[88.76428610125228,21.75806834617937],[88.74967143326774,21.769590941166125],[88.76457839461197,21.78384257180764],[88.78503892979033,21.824171654261285],[88.79351543722136,21.810223249803634],[88.78796186338724,21.794152262058947],[88.79585378409888,21.787178059830122],[88.78211599619343,21.76686190551137],[88.78737727666785,21.745029620273304]],[[88.91569406157214,21.825687785180598],[88.93673918346988,21.815984547297013],[88.91774011508997,21.79172645258805],[88.91861699516905,21.769590941166125],[88.90546379398296,21.751700596318265],[88.8946489396744,21.75564253670847],[88.89815645999069,21.78687483364626],[88.88354179200614,21.809010345068188],[88.91569406157214,21.825687785180598]],[[88.18203772874811,21.825687785180598],[88.18203772874811,21.825687785180598]],[[88.55997304282837,21.826900689916044],[88.55997304282837,21.826900689916044]],[[88.48485364938783,21.834784570696456],[88.50034519745144,21.81264905927453],[88.4857305294669,21.798700654816876],[88.45650119349781,21.802339369023223],[88.45182449974277,21.816590999664736],[88.48485364938783,21.834784570696456]],[[88.94141587722493,21.8472168442348],[88.95047697137535,21.82932649938694],[88.97678337374752,21.820532940054942],[88.96889145303587,21.802642595207082],[88.9551536651304,21.8081006665166],[88.93878523698771,21.788694190749432],[88.95983035888545,21.775655464843368],[88.94901550457689,21.76413286985661],[88.92124763540626,21.766255453143643],[88.92037075532718,21.792636131139638],[88.93878523698771,21.8168942258486],[88.92475515572255,21.835391023064183],[88.94141587722493,21.8472168442348]],[[88.59212531239437,21.849945879889557],[88.61784712804716,21.829932951754664],[88.60937062061613,21.821139392422666],[88.61200126085335,21.79779097626529],[88.5912484323153,21.79748775008143],[88.57604917761137,21.8168942258486],[88.58101816472612,21.839029737270522],[88.59212531239437,21.849945879889557]],[[88.51992885255073,21.854494272647486],[88.52577471974455,21.835997475431903],[88.51583674551506,21.83933296345439],[88.51992885255073,21.854494272647486]],[[88.53805104085156,21.8535845940959],[88.53805104085156,21.8535845940959]],[[88.33110734219045,21.860558796324725],[88.35273705080756,21.854191046463626],[88.35186017072849,21.820532940054942],[88.36150585159828,21.79597161916212],[88.37962803989912,21.788390964565572],[88.3769973996619,21.76746835787909],[88.34279907657807,21.759584477098677],[88.3451374234556,21.721681204115928],[88.3322765156292,21.710461835313033],[88.31590808748652,21.708945704393724],[88.30567781989734,21.717739263725722],[88.309769926933,21.730474763447926],[88.29924736598414,21.771107072085435],[88.28638645815775,21.788694190749432],[88.26417216282124,21.793849035875084],[88.26271069602278,21.81113292835522],[88.30830846013455,21.83084263030625],[88.31152368709115,21.853887820279763],[88.33110734219045,21.860558796324725]],[[88.8560662161952,21.865410415266517],[88.85548162947582,21.857223308302245],[88.87623445801387,21.852674915544313],[88.88237261856739,21.796578071529844],[88.89698728655192,21.781719988520607],[88.8911414193581,21.762616738937297],[88.89903334006976,21.746545751192613],[88.92183222212564,21.742603810802407],[88.9133557146946,21.72774572779317],[88.87944968497047,21.749274786847373],[88.8753575779348,21.76868126261454],[88.86337355018748,21.7777780481304],[88.83560568101684,21.78111353615288],[88.84145154821066,21.807494214148875],[88.83735944117498,21.843881356212314],[88.8560662161952,21.865410415266517]],[[88.58277192488427,21.865410415266517],[88.58277192488427,21.865410415266517]],[[88.13702455135572,21.875113653150102],[88.15163921934027,21.83993941582211],[88.1723920478783,21.812042606906807],[88.16450012716666,21.805068404677982],[88.17122287443955,21.765345774592056],[88.17093058107986,21.744119941721717],[88.15397756621779,21.69439084756835],[88.15485444629687,21.650119824724495],[88.14053207167201,21.631623027508915],[88.11568713609829,21.625861730015536],[88.08996532044549,21.629197218038016],[88.0414446227368,21.649513372356772],[88.03706022234145,21.671042431410974],[88.04436755633373,21.718042489909585],[88.0642435047927,21.740481227515374],[88.07213542550434,21.778384500498124],[88.12182529665179,21.86571364145038],[88.13702455135572,21.875113653150102]],[[88.789131036826,21.878752367356448],[88.80462258488961,21.866623320001967],[88.82157559975168,21.871171712759896],[88.82975981382303,21.862074927244038],[88.82128330639199,21.825687785180598],[88.79497690401982,21.79142322640419],[88.78971562354538,21.82144261860653],[88.76574756805073,21.829023273203077],[88.77802388915775,21.86844267710514],[88.789131036826,21.878752367356448]],[[88.97912172062505,21.893610450365685],[89.02735012497403,21.867532998553553],[89.02939617849188,21.831752308857837],[89.01828903082362,21.816287773480873],[88.99402868196928,21.81416519019384],[88.99198262845145,21.80082323810391],[88.97386044015062,21.776261917211087],[88.94404651746214,21.784449024175366],[88.9519384381738,21.801429690471636],[88.97678337374752,21.805068404677982],[88.97941401398474,21.82144261860653],[88.95836889208701,21.825991011364458],[88.95047697137535,21.840242642005972],[88.97912172062505,21.871778165127623],[88.96918374639556,21.890274962343206],[88.97912172062505,21.893610450365685]],[[88.62164694172314,21.897855616939754],[88.63947683666429,21.871778165127623],[88.65292233121006,21.868745903289003],[88.64298435698058,21.78899741693329],[88.62807739563634,21.788087738381705],[88.61200126085335,21.817500678216323],[88.61901630148593,21.83357166596101],[88.60849374053706,21.837513606351216],[88.59504824599128,21.856920082118386],[88.603817046782,21.876933010253275],[88.62164694172314,21.897855616939754]],[[88.13731684471541,21.895126581285],[88.13731684471541,21.895126581285]],[[88.81689890599662,21.901191104962237],[88.84115925485096,21.885726569585273],[88.83092898726179,21.865410415266517],[88.82274477319045,21.872081391311482],[88.80023818449425,21.870565260392173],[88.81689890599662,21.901191104962237]],[[88.5623113897059,21.89755239075589],[88.57634147097106,21.88815237905617],[88.57283395065477,21.85843621303769],[88.56318826978497,21.83084263030625],[88.5526657088361,21.817500678216323],[88.53278976037713,21.835694249248043],[88.5304514134996,21.84903620133797],[88.5430200279663,21.85843621303769],[88.54915818851981,21.877539462621],[88.54477378812444,21.90482981916858],[88.5623113897059,21.89755239075589]],[[88.42434892393182,21.905739497720166],[88.42434892393182,21.905739497720166]],[[88.44656321926833,21.90482981916858],[88.48456135602814,21.882391081562794],[88.49069951658164,21.85024910607342],[88.45211679310245,21.820532940054942],[88.44919385950554,21.805068404677982],[88.43048708448532,21.80052001192005],[88.41821076337831,21.811739380722944],[88.40330380203409,21.79748775008143],[88.39248894772552,21.832661987409423],[88.40038086843717,21.87299106986307],[88.41996452353646,21.892094319446375],[88.41996452353646,21.90301046206541],[88.44656321926833,21.90482981916858]],[[88.71810375042112,21.907255628639476],[88.74236409927546,21.898765295491337],[88.7701319684461,21.877236236437135],[88.78065452939497,21.859345891589278],[88.77159343524454,21.855707177382936],[88.76545527469104,21.825991011364458],[88.77714700907867,21.821745844790392],[88.76399380789259,21.787481286013985],[88.75347124694372,21.7865716074624],[88.74967143326774,21.816287773480873],[88.72570337777309,21.79445548824281],[88.70758118947225,21.81143615453908],[88.69588945508463,21.84115232055756],[88.69822780196215,21.859952343957005],[88.71810375042112,21.907255628639476]],[[88.10808750874632,21.893307224181825],[88.10808750874632,21.893307224181825]],[[88.5050218912065,21.912410473765128],[88.49040722322195,21.88936528379162],[88.47666943531648,21.898765295491337],[88.48865346306381,21.910287890478095],[88.5050218912065,21.912410473765128]],[[88.45240908646214,21.90634595008789],[88.45240908646214,21.90634595008789]],[[88.64006142338367,21.921810485464853],[88.66753699919461,21.91271369994899],[88.65292233121006,21.87329429604693],[88.63450784954955,21.870565260392173],[88.62340070188128,21.901494331146097],[88.64006142338367,21.921810485464853]],[[88.13468620447819,21.926662104406645],[88.14462417870769,21.915139509419888],[88.12942492400376,21.898765295491337],[88.11685630953704,21.913016926132855],[88.13468620447819,21.926662104406645]],[[88.83648256109592,21.917868545074647],[88.85694309627428,21.91059111666196],[88.88646472560305,21.914533057052164],[88.91452488813337,21.92817823532595],[88.93440083659235,21.915139509419888],[88.97473732022969,21.896945938388168],[88.96596851943896,21.891791093262512],[88.97678337374752,21.868745903289003],[88.94726174441874,21.840545868189835],[88.9390775303474,21.8535845940959],[88.93118560963575,21.837816832535076],[88.89201829943718,21.813255511642254],[88.88061885840924,21.82022971387108],[88.87418840449604,21.855100725015213],[88.86103520330995,21.855707177382936],[88.85402016267737,21.88966850997548],[88.82654458686643,21.91271369994899],[88.82186789311137,21.929087913877538],[88.83648256109592,21.917868545074647]],[[88.72365732425524,21.931816949532298],[88.73213383168628,21.91968790217782],[88.75434812702278,21.926662104406645],[88.79936130441519,21.91968790217782],[88.8145605591191,21.901494331146097],[88.80871469192529,21.885726569585273],[88.7759778356399,21.86965558184059],[88.75902482077784,21.879662045908034],[88.75054831334681,21.895429807468858],[88.72921089808938,21.899674974042924],[88.71664228362266,21.917868545074647],[88.72365732425524,21.931816949532298]],[[88.1633309537279,21.937275020841817],[88.17151516779924,21.93212017571616],[88.16537700724572,21.916049187971474],[88.1633309537279,21.937275020841817]],[[88.74528703287237,21.979726686582495],[88.75464042038249,21.974571841456843],[88.75025601998712,21.955165365689673],[88.77510095556084,21.941520187415883],[88.78357746299187,21.950920199115604],[88.805207171609,21.933029854267744],[88.7888387434663,21.92029435454554],[88.75580959382124,21.93060404479685],[88.73271841840567,21.925145973487332],[88.7221958574568,21.943036318335192],[88.7251187910537,21.97851378184705],[88.74528703287237,21.979726686582495]],[[88.75902482077784,21.998526709981938],[88.74148721919639,21.988823472098353],[88.75785564733908,22.007017043130077],[88.75902482077784,21.998526709981938]],[[88.65993737184264,22.019146090484554],[88.6742597464675,22.019146090484554],[88.70085844219936,22.003681555107594],[88.71547311018391,22.000952519452838],[88.69238193476832,21.96972022251505],[88.69442798828617,21.961533115550775],[88.67805956014348,21.94273309215133],[88.65730673160543,21.954255687138087],[88.63333867611078,21.951526651483327],[88.62836968899603,21.967900865411877],[88.63421555618984,21.994887995775596],[88.65993737184264,22.019146090484554]],[[88.14140895175109,22.026423518897246],[88.14374729862861,22.020965447587727],[88.08148881301446,21.931816949532298],[88.05664387744073,21.913016926132855],[88.04582902313217,21.915442735603747],[88.05635158408104,21.96062343699919],[88.0703816653462,21.99094605538539],[88.09376513412147,22.011262209704142],[88.14140895175109,22.026423518897246]],[[88.81280679896096,22.019449316668418],[88.85255869587891,22.017933185749108],[88.86688107050377,22.02430093561021],[88.8753575779348,22.01217188825573],[88.90371003382481,22.01065575733642],[88.90750984750079,21.969416996331187],[88.9072175541411,21.9293911400614],[88.8882184857612,21.920597580729407],[88.85665080291459,21.919081449810093],[88.83005210718272,21.937578247025677],[88.79059250362445,21.941520187415883],[88.78533122315002,21.95486213950581],[88.7762701289996,21.943339544519056],[88.75171748678557,21.95880407989602],[88.75697876726001,21.974571841456843],[88.74967143326774,21.981849269869528],[88.75990170085691,21.996100900511045],[88.76136316765536,22.014597697726625],[88.77685471571898,22.01490092391049],[88.80140735793302,22.029759006919726],[88.81280679896096,22.019449316668418]],[[88.7315492449669,22.04522354229669],[88.7315492449669,22.04522354229669]],[[88.7637015145329,22.051591292157788],[88.78006994267558,22.04552676848055],[88.79146938370353,22.030062233103585],[88.77802388915775,22.01975254285228],[88.76165546101507,22.02126867377159],[88.75142519342589,22.05037838742234],[88.7637015145329,22.051591292157788]],[[88.90283315374575,22.04522354229669],[88.90166398030698,22.018842864300694],[88.87740363145264,22.014597697726625],[88.8560662161952,22.043707411377376],[88.8882184857612,22.044920316112826],[88.88588013888366,22.05765581583503],[88.90283315374575,22.04522354229669]],[[88.03150664850733,22.060688077673653],[88.03150664850733,22.060688077673653]],[[89.01624297730578,22.05098483979007],[89.04167249959889,22.04795257795145],[89.07382476916489,22.003681555107594],[89.07791687620056,21.98215249605339],[89.06330220821602,21.934545985187057],[89.03027305857094,21.926358878222782],[89.00425894955846,21.94394599688678],[88.99928996244373,21.9533460085865],[89.01770444410424,21.98033313895022],[89.00542812299723,21.98639766262746],[88.99256721517082,21.973662162905256],[88.97502961358938,21.9924621863047],[88.97853713390566,22.00610736457849],[88.9680145729568,22.01429447154276],[88.98467529445918,22.05462355399641],[89.00133601596156,22.059475172938203],[89.01624297730578,22.05098483979007]],[[88.635969316348,22.050681613606205],[88.635969316348,22.050681613606205]],[[88.81192991888189,22.060688077673653],[88.83180586734086,22.04977193505462],[88.83209816070055,22.027029971264966],[88.81368367904003,22.024907387977933],[88.8049148782493,22.03370094730993],[88.78006994267558,22.037946113884],[88.78854645010662,22.059778399122067],[88.81192991888189,22.060688077673653]],[[88.87068088417975,22.07888164870537],[88.86980400410067,22.06341711332841],[88.89084912599841,22.049468708870755],[88.85051264236108,22.043100959009656],[88.85986602987118,22.026726745081106],[88.83531338765715,22.02612029271338],[88.83414421421838,22.05037838742234],[88.82128330639199,22.059778399122067],[88.82946752046334,22.07008808937337],[88.87068088417975,22.07888164870537]],[[88.6900435878908,22.08009455344082],[88.6900435878908,22.08009455344082]],[[88.9040023271845,22.08433972001489],[88.89026453927903,22.060081625305926],[88.87038859082006,22.065842922799305],[88.87068088417975,22.087068755669645],[88.9040023271845,22.08433972001489]],[[88.7221958574568,22.099197803024126],[88.69384340156678,22.077668743969923],[88.69062817461018,22.084036493831025],[88.7221958574568,22.099197803024126]],[[88.80345341145085,22.085249398566475],[88.82654458686643,22.08646230330192],[88.83648256109592,22.06705582753475],[88.78737727666785,22.062507434776823],[88.78123911611435,22.04825580413531],[88.74791767310958,22.05917194675434],[88.75902482077784,22.080701005808542],[88.77890076923683,22.10313974341433],[88.79702295753765,22.10920426709157],[88.80345341145085,22.085249398566475]],[[88.8177757860757,22.123152671549224],[88.84729741540448,22.117391374055845],[88.84934346892231,22.103746195782055],[88.86746565722315,22.082823589095575],[88.83619026773623,22.07433325594744],[88.82537541342766,22.087371981853508],[88.80579175832838,22.08464294619875],[88.7987767176958,22.11041717182702],[88.80462258488961,22.123455897733088],[88.8177757860757,22.123152671549224]],[[88.72921089808938,22.113752659849503],[88.72921089808938,22.113752659849503]],[[88.86512731034563,22.167120468209212],[88.88032656504954,22.16772692057694],[88.90020251350852,22.147713992442046],[88.90634067406202,22.129217195226463],[88.92300139556441,22.108597814723847],[88.90750984750079,22.087068755669645],[88.89552581975346,22.0922236007953],[88.87214235097821,22.087675208037368],[88.8531432825983,22.101926838678885],[88.84729741540448,22.1201204097106],[88.83063669390211,22.12709461193943],[88.86074290995026,22.147107540074323],[88.84846658884324,22.168636599128526],[88.86512731034563,22.167120468209212]],[[88.94989238465597,22.18925597963114],[88.96099953232422,22.18925597963114],[88.96655310615834,22.1704559562317],[88.98496758781887,22.148623670993633],[88.98175236086226,22.113752659849503],[88.96976833311494,22.083430041463302],[88.95749201200793,22.073726803579717],[88.93673918346988,22.07251389884427],[88.92183222212564,22.054926780180274],[88.92387827564349,22.02430093561021],[88.93118560963575,22.00004284090125],[88.94609257097999,22.00004284090125],[88.93498542331173,22.027636423632693],[88.9390775303474,22.0619009824091],[88.9580765987273,22.060384851489786],[88.97707566710721,22.038249340067864],[88.96509163935988,22.01732673338138],[88.97561420030877,22.004894459843044],[88.97239897335216,21.987913793546767],[88.98759822805609,21.98397185315656],[88.99052116165299,21.970629901066637],[89.01361233706857,21.976694424743876],[88.9934440952499,21.958500853712152],[88.99461326868867,21.941823413599742],[89.02150425778022,21.921204033097126],[89.01478151050733,21.902707235881543],[88.99461326868867,21.905739497720166],[88.96655310615834,21.9230233902003],[88.94375422410246,21.929997592429125],[88.93147790299544,21.942126639783606],[88.91277112797522,21.994281543407872],[88.91598635493183,22.013688019175042],[88.90780214086048,22.034913852045378],[88.91101736781708,22.04522354229669],[88.90137168694729,22.06523647043158],[88.90867902093956,22.07888164870537],[88.92826267603884,22.093739731714606],[88.93089331627606,22.107991362356124],[88.90867902093956,22.135281718903705],[88.8946489396744,22.162875301635147],[88.89698728655192,22.17136563478328],[88.92417056900317,22.163784980186733],[88.94989238465597,22.18925597963114]],[[89.00192060268094,22.199262443698586],[89.01419692378795,22.194410824756794],[89.01448921714764,22.164391432554456],[89.0220888444996,22.148623670993633],[89.04985671367024,22.12861074285874],[89.03524204568569,22.11041717182702],[89.03114993865002,22.093739731714606],[89.03758039256323,22.0531074230771],[89.00835105659414,22.052500970709374],[89.00104372260186,22.060384851489786],[88.98438300109949,22.056746137283444],[88.97853713390566,22.03976547098717],[88.96275329248236,22.05007516123848],[88.96246099912267,22.060688077673653],[88.97707566710721,22.07312035121199],[88.9934440952499,22.118907504975155],[88.99695161556619,22.138617206926185],[88.97590649366845,22.1704559562317],[88.97269126671185,22.193501146205207],[89.00192060268094,22.199262443698586]],[[88.69530486836524,22.20866245539831],[88.71927292385989,22.197443086595413],[88.7666244481298,22.191075336734315],[88.76837820828794,22.180765646483003],[88.789131036826,22.169546277680112],[88.76633215477011,22.146197861522737],[88.7379796988801,22.13467526653598],[88.71722687034205,22.10768813617226],[88.69150505468926,22.09252682697916],[88.68419772069699,22.066752601350892],[88.70115073555905,22.04977193505462],[88.73067236488782,22.037642887700137],[88.74031804575763,22.020358995220004],[88.72102668401803,22.005197686026904],[88.70582742931411,22.006713816946213],[88.6742597464675,22.023391257058623],[88.66344489215894,22.023997709426347],[88.66169113200078,22.052197744525515],[88.65263003785037,22.080701005808542],[88.63421555618984,22.105565552885228],[88.65263003785037,22.163178527819007],[88.67776726678379,22.183494682137763],[88.68507460077606,22.207752776846725],[88.69530486836524,22.20866245539831]],[[88.84466677516727,22.18925597963114],[88.85197410915953,22.202901157904932],[88.86395813690686,22.197746312779277],[88.86834253730223,22.17106240859942],[88.84642053532541,22.171668860967145],[88.85577392283551,22.145894635338873],[88.82128330639199,22.126791385755567],[88.80403799817023,22.130430099961913],[88.79380773058105,22.113752659849503],[88.77188572860425,22.10647523143681],[88.7701319684461,22.093436505530747],[88.75171748678557,22.083733267647162],[88.73885657895917,22.056746137283444],[88.70465825587534,22.06493324424772],[88.70553513595442,22.08191391054399],[88.73534905864288,22.104959100517505],[88.74674849967083,22.132855909432806],[88.76574756805073,22.140436564029358],[88.81192991888189,22.179552741747557],[88.83005210718272,22.16499788492218],[88.83999008141221,22.16924305149625],[88.82625229350674,22.205023741191965],[88.83560568101684,22.20684309829514],[88.84466677516727,22.18925597963114]],[[87.98970869807152,22.21745601473031],[87.98970869807152,22.21745601473031]],[[88.93235478307452,22.225036669326858],[88.95427678505132,22.221701181304375],[88.95983035888545,22.19259146765362],[88.92387827564349,22.179249515563697],[88.90809443422017,22.195926955676107],[88.92037075532718,22.230797966820234],[88.93235478307452,22.225036669326858]],[[88.98467529445918,22.382411058751238],[88.98847510813516,22.36452071390338],[88.98350612102041,22.325404536185182],[89.00133601596156,22.321765821978836],[89.0223811378593,22.299327084373047],[88.99724390892588,22.296901274902154],[88.99549014876774,22.283559322812224],[89.01711985738486,22.268701239802986],[89.01945820426239,22.25141734732285],[89.03144223200971,22.257785097183955],[89.04050332616012,22.222004407488235],[89.06300991485632,22.202901157904932],[89.06914807540983,22.189862431998865],[89.06096386133848,22.166210789657626],[89.06944036876952,22.146501087706596],[89.09077778402695,22.145894635338873],[89.06184074141756,22.12830751667488],[89.05044130038962,22.14680431389046],[89.02267343121899,22.166817242025353],[89.02735012497403,22.18773984871183],[89.01858132418332,22.206539872111275],[89.00045913588248,22.211088264869204],[88.98672134797701,22.20563019355969],[88.96772227959711,22.215939883810996],[88.96041494560484,22.244139918910165],[88.94755403777845,22.255056061529196],[88.95281531825287,22.274462537296365],[88.95076926473504,22.2981141796376],[88.95398449169164,22.360275547329312],[88.96392246592113,22.366643297190414],[88.97064521319402,22.408488510563373],[88.98905969485455,22.391204618083236],[88.98467529445918,22.382411058751238]],[[87.93855736012563,22.397269141760475],[87.93855736012563,22.397269141760475]],[[88.86191208338903,22.39878527267979],[88.88471096544491,22.371191689948343],[88.897864166631,22.363914261535655],[88.89874104671007,22.336623904988073],[88.87448069785573,22.363611035351795],[88.86337355018748,22.367552975742],[88.85577392283551,22.395146558473442],[88.86191208338903,22.39878527267979]],[[88.86775795058284,22.410914320034266],[88.86775795058284,22.410914320034266]],[[88.91890928852874,22.42668208159509],[88.91890928852874,22.42668208159509]],[[87.92569645229923,22.424862724491916],[87.92569645229923,22.424862724491916]],[[87.91195866439377,22.43214015290461],[87.91195866439377,22.43214015290461]],[[88.8592814431518,22.469436973519635],[88.8592814431518,22.469436973519635]],[[88.78153140947404,22.500669270457422],[88.79351543722136,22.497637008618803],[88.8113453321625,22.478836985219356],[88.81222221224158,22.454275664326534],[88.82742146694551,22.446695009729986],[88.81572973255787,22.433656283823915],[88.80433029152992,22.443965974075226],[88.80082277121363,22.46124986655536],[88.78153140947404,22.500669270457422]],[[88.8975718732713,22.54888223369148],[88.90283315374575,22.536753186337],[88.90371003382481,22.495514425331766],[88.89231059279686,22.4824756994257],[88.89231059279686,22.46549503312943],[88.90809443422017,22.43426273619164],[88.90487920726358,22.41121754621813],[88.92124763540626,22.399088498863648],[88.8975718732713,22.386049772957584],[88.88967995255965,22.371798142316067],[88.87652675137356,22.38695945150917],[88.88237261856739,22.403333665437717],[88.86191208338903,22.41273367713744],[88.85489704275645,22.438507902765707],[88.85840456307272,22.481869247057976],[88.86775795058284,22.487933770735218],[88.85518933611613,22.509159603605557],[88.8882184857612,22.55403707881713],[88.8975718732713,22.54888223369148]],[[88.93410854323267,22.56404354288458],[88.93410854323267,22.56404354288458]],[[88.9200784619675,22.56525644762003],[88.93381624987296,22.555856435920305],[88.95924577216607,22.549791912243066],[88.97152209327308,22.498243460986522],[88.97882942726537,22.481262794690252],[88.99490556204836,22.46792084260032],[88.98818281477547,22.44760468828157],[88.99812078900496,22.428804664882126],[88.96596851943896,22.41121754621813],[88.9645070526405,22.3739207256031],[88.94901550457689,22.35845619022614],[88.95076926473504,22.343598107216902],[88.94287734402339,22.31024322699208],[88.92855496939853,22.3132754888307],[88.9072175541411,22.335714226436487],[88.89640269983254,22.37968202309648],[88.91540176821245,22.391811070450963],[88.93001643619698,22.39029493953165],[88.92592432916132,22.406365927276337],[88.90780214086048,22.416978843711505],[88.92066304868688,22.425165950675783],[88.8946489396744,22.466101485497152],[88.89698728655192,22.486417639815905],[88.91423259477368,22.514011222547346],[88.9069252607814,22.522198329511625],[88.89552581975346,22.560404828678237],[88.9200784619675,22.56525644762003]],[[89.60199887012624,25.96078325450676],[89.61544436467203,25.951989695174767],[89.61193684435574,25.942892909658905],[89.58387668182542,25.93470580269463],[89.57598476111376,25.95138324280704],[89.60199887012624,25.96078325450676]],[[88.79906901105548,26.20669968961885],[88.80228423801209,26.192448058977334],[88.78825415674693,26.173951261761754],[88.79410002394074,26.14453832192714],[88.7888387434663,26.130589917469486],[88.77100884852517,26.13119636983721],[88.76224004773444,26.148177036133482],[88.77802388915775,26.159396404936377],[88.76428610125228,26.16303511914272],[88.77714700907867,26.17668029741651],[88.78036223603527,26.201544844493196],[88.76954738172671,26.209125499089744],[88.76837820828794,26.234293272350293],[88.78123911611435,26.2382352127405],[88.79936130441519,26.225802939202158],[88.79906901105548,26.20669968961885]],[[88.6897512945311,26.247028772072497],[88.6993969754009,26.22519648683443],[88.7219035640971,26.232777141430983],[88.71927292385989,26.21155130856064],[88.7315492449669,26.19457064226437],[88.71956521721958,26.17637707123265],[88.70845806955133,26.181835142542166],[88.71050412306916,26.2054867848834],[88.68828982773266,26.213067439479953],[88.680397907021,26.231564236695533],[88.6897512945311,26.247028772072497]],[[88.6613988386411,26.267648152575113],[88.64795334409533,26.252790069565876],[88.64006142338367,26.259461045610838],[88.64649187729687,26.284932045055246],[88.6613988386411,26.267648152575113]],[[88.75873252741815,27.147913764326514],[88.75814794069876,27.142758919200862],[88.80696093176714,27.13669439552362],[88.83297504077963,27.117591145940313],[88.87681904473325,27.108494360424455],[88.87828051153171,27.077565289670527],[88.88558784552399,27.03814588576847],[88.87711133809294,27.010552303037027],[88.87944968497047,26.95688126849345],[88.88529555216428,26.950816744816212],[88.90049480686821,26.976894196628344],[88.92563203580163,26.99599744621165],[88.9551536651304,26.975984518076757],[88.96216870576298,26.95415223283869],[88.94784633113812,26.938384471277868],[88.96889145303587,26.924132840636354],[88.99110574837238,26.92049412643001],[89.03144223200971,26.94020382838104],[89.05482570078499,26.91594573367208],[89.05277964726714,26.903513460133738],[89.07411706252458,26.903210233949874],[89.10159263833552,26.88744247238905],[89.09399301098355,26.87197793701209],[89.11036143912624,26.85984888965761],[89.1083153856084,26.836197247316374],[89.1401753618147,26.807390759849483],[89.18109643217143,26.821339164307133],[89.19600339351567,26.80830043840107],[89.24218574434681,26.82073271193941],[89.2582618791298,26.81648754536534],[89.29567542917025,26.834074664029337],[89.32607393857809,26.853177913612644],[89.33455044600912,26.84013918770658],[89.37108711597048,26.865306960967125],[89.3830711437178,26.86621663951871],[89.3956397581845,26.84165531862589],[89.45380613676298,26.834681116397064],[89.46520557779093,26.806177855114033],[89.50203454111198,26.802842367091554],[89.5172337958159,26.816790771549204],[89.53418681067797,26.818913354836237],[89.55172441225942,26.811939152607412],[89.56458532008583,26.815577866813758],[89.57247724079747,26.801629462356104],[89.61690583147048,26.789197188817763],[89.6323973795341,26.776158462911695],[89.64555058072018,26.78313266514052],[89.66016524870473,26.76342296318949],[89.64759663423801,26.747048749260944],[89.62158252522553,26.732493892435567],[89.63941242016668,26.718848714161776],[89.6642573557404,26.718242261794053],[89.67507221004897,26.739164868480533],[89.7089782397731,26.737042285193496],[89.73206941518868,26.72218420218426],[89.76509856483374,26.734919701906463],[89.76217563123683,26.71611967850702],[89.78146699297642,26.698835786026883],[89.80718880862922,26.714300321403847],[89.82618787700912,26.714300321403847],[89.86243225361079,26.703687404968676]],[[89.72271602767856,26.165460928613616],[89.71394722688784,26.15393833362686],[89.68880999795442,26.167886738084512],[89.69991714562268,26.172435130842445],[89.67916431708463,26.20851904672202],[89.69436357178856,26.211854534744504],[89.68354871748,26.230048105776223],[89.6642573557404,26.22216422499581],[89.64876580767678,26.228835201040777],[89.64116618032482,26.215493248950846],[89.65198103463338,26.195480320815957],[89.6356126064907,26.18880934477099],[89.65870378190627,26.184564178196922],[89.65402708815122,26.167886738084512],[89.64116618032482,26.180015785438993],[89.619244178348,26.180015785438993],[89.61690583147048,26.162428666774996],[89.59849134980996,26.161822214407273],[89.60842932403945,26.1208866795859],[89.62772068577904,26.113912477357076],[89.6034603369247,26.11148666788618],[89.59819905645027,26.100873751451008],[89.6131060177945,26.08904793028039],[89.6321050861744,26.107544727495974],[89.63912012680699,26.07964791858067],[89.65344250143184,26.068428549777774],[89.62567463226121,26.056299502423293],[89.6098907908379,26.067518871226188],[89.61485977795265,26.049325300194468],[89.59293777597583,26.043867228884952],[89.58270750838665,26.025976884037096],[89.59118401581769,25.979583277906208],[89.58153833494788,25.96806068291945],[89.57247724079747,25.97533811133214],[89.5619546798486,25.96624132581628],[89.54821689194313,25.97078971857421],[89.55026294546096,25.998686527489514],[89.50378830127012,26.005357503534476],[89.47718960553826,25.995957491834755],[89.43188413478617,26.015363967601925],[89.42983808126834,26.04053174086247],[89.41025442616905,26.040834967046333],[89.3956397581845,26.022641396014613],[89.39534746482482,26.01020912247627],[89.3576416214247,26.011118801027855],[89.3447807135983,26.016880098521234],[89.3254893518587,26.0387123837593],[89.28222993462447,26.052964014400814],[89.25972334592826,26.074493073455017],[89.26849214671898,26.092989870670596],[89.25972334592826,26.094506001589906],[89.22435584940567,26.126041524711557],[89.17671203177606,26.131499596021072],[89.16151277707215,26.139686702985347],[89.15391314972018,26.16940286900382],[89.14075994853408,26.18547385674851],[89.15099021612326,26.207306141986574],[89.1404676551744,26.242177153130704],[89.10656162545025,26.289177211629315],[89.10656162545025,26.30646110410945],[89.1211762934348,26.292815925835658],[89.1369601348581,26.316770794360757],[89.09983887817737,26.331628877369997],[89.09954658481769,26.355886972078956],[89.09136237074634,26.399551542555084],[89.07411706252458,26.39409347124557],[89.03699580584384,26.39591282834874],[89.03553433904538,26.405919292416186],[89.0127354569895,26.41077091135798],[89.0092279366732,26.41986769687384],[88.99578244212742,26.408041875703223],[88.98116777414289,26.407132197151636],[88.98818281477547,26.44382256539894],[88.96772227959711,26.45898387459204],[88.95398449169164,26.448067731973005],[88.94989238465597,26.431390291860595],[88.93264707643421,26.431693518044458],[88.93264707643421,26.41289349464501],[88.91686323501091,26.40622251860005],[88.92124763540626,26.36286117430778],[88.93264707643421,26.36559020996254],[88.95983035888545,26.35770632918213],[88.95924577216607,26.333145008289307],[88.96859915967619,26.348306317482407],[88.98555217453824,26.351035353137163],[89.00425894955846,26.326170806060478],[88.99052116165299,26.30615787792559],[89.01828903082362,26.29160302110021],[89.02618095153528,26.308886913580345],[89.02968847185157,26.28675140215842],[89.05277964726714,26.283415914135936],[89.06300991485632,26.288873985445452],[89.06417908829509,26.254609426669045],[89.05219506054776,26.24339005786615],[89.00338206947939,26.246725545888633],[88.97210667999246,26.241267474579118],[88.95632283856916,26.251273938646566],[88.92943184947761,26.28250623558435],[88.91744782173028,26.287964306893866],[88.87886509825108,26.285841723606833],[88.86717336386346,26.255822331404495],[88.88529555216428,26.23702230800505],[88.84788200212387,26.233080367614843],[88.8402823747719,26.25036426009498],[88.82625229350674,26.251577164830426],[88.82332935990982,26.29615141385814],[88.80082277121363,26.308886913580345],[88.77977764931589,26.29918367569676],[88.75990170085691,26.310706270683518],[88.74382556607392,26.290086890180902],[88.72073439065834,26.28068687848118],[88.69998156212029,26.278867521378007],[88.68770524101328,26.262493307449457],[88.67572121326594,26.265222343104217],[88.66987534607213,26.28523527123911],[88.69472028164586,26.296757866225864],[88.68010561366131,26.319803056199376],[88.6932588148474,26.328293389347515],[88.69588945508463,26.316467568176897],[88.72599567113278,26.31252562778669],[88.74937913990804,26.323744996589582],[88.74177951255608,26.330415972634547],[88.74937913990804,26.34769986511468],[88.70641201603348,26.33678372249565],[88.69355110820709,26.376506352581572],[88.70495054923504,26.388635399936053],[88.68419772069699,26.393487018877845],[88.68712065429389,26.40925478043867],[88.6546760913682,26.41713866121908],[88.65233774449068,26.426538672918802],[88.6327540893914,26.4353322322508],[88.63333867611078,26.455345160385694],[88.61726254132779,26.47414518378514],[88.60177099326417,26.46868711247562],[88.5909561389556,26.45322257709866],[88.57283395065477,26.458074196040453],[88.5529580021958,26.482635516933275],[88.53103600021899,26.48809358824279],[88.51408298535691,26.514474266238786],[88.50385271776773,26.511745230584026],[88.48368447594906,26.541764622786367],[88.46877751460482,26.549042051199052],[88.45913183373503,26.536913003844575],[88.43633295167915,26.548738825015192],[88.42961020440626,26.567235622230776],[88.42405663057212,26.6221195615098],[88.40447297547284,26.62575827571614],[88.39365812116428,26.608171157052144],[88.40476526883253,26.601500181007182],[88.38605849381233,26.59695178824925],[88.3676440121518,26.546313015544296],[88.35916750472076,26.509622647296993],[88.34630659689437,26.49961618322955],[88.34046072970055,26.477783897991483],[88.3644287851952,26.451099993811624],[88.36822859887118,26.484758100220308],[88.39833481491934,26.476267767072173],[88.4094419625876,26.482029064565552],[88.418503056738,26.465958076820865],[88.43604065831946,26.47293227904969],[88.45007073958462,26.461106457879072],[88.46380852749009,26.465958076820865],[88.48719199626535,26.459893553143623],[88.49391474353824,26.444429017766662],[88.50034519745144,26.407132197151636],[88.51174463847939,26.39257734032626],[88.52577471974455,26.391970887958536],[88.51612903887475,26.37286763837523],[88.53308205373682,26.373474090742953],[88.5269438931833,26.355886972078956],[88.51232922519877,26.347093412746958],[88.51291381191815,26.36104181720461],[88.49420703689793,26.349822448401717],[88.46877751460482,26.360435364836885],[88.4635162341304,26.37317086455909],[88.44188652551327,26.3379966272311],[88.41821076337831,26.333145008289307],[88.42317975049306,26.319196603831653],[88.40476526883253,26.318893377647793],[88.36413649183551,26.293422378203385],[88.35069099728973,26.257641688507668],[88.35916750472076,26.24157070076298],[88.35419851760602,26.22155777262809],[88.3261383550757,26.204577106331815],[88.31736955428497,26.208822272905884],[88.27440243041042,26.19184160660961],[88.25277272179329,26.192448058977334],[88.23757346708936,26.17940933307127],[88.21828210534977,26.173041583210168],[88.18291460882719,26.14757058376576],[88.17589956819461,26.11785441774728],[88.1630386603682,26.105118918025077],[88.16274636700851,26.07934469239681],[88.18612983578379,26.063273704652122],[88.17414580803646,26.051447883481504],[88.17940708851089,26.02233816983075],[88.14550105878675,26.013847836682615],[88.14930087246273,25.997170396570205],[88.12533281696808,25.968363909103314],[88.12620969704716,25.94319613584277],[88.09961100131528,25.926215469546495],[88.09434972084085,25.89407349405712],[88.10341081499126,25.884370256173536],[88.10048788139436,25.868905720796576],[88.11890236305489,25.851925054500303],[88.10487228178972,25.844344399903754],[88.11364108258044,25.796434662853557],[88.14374729862861,25.791583043911764],[88.14491647206737,25.773692699063908],[88.17297663459769,25.784305615499076],[88.18525295570471,25.794615305750384],[88.21155935807688,25.786428198786112],[88.21214394479627,25.79400885338266],[88.27118720345382,25.808563710208038],[88.2782022440864,25.788854008257005],[88.2717717901732,25.778544318005697],[88.28901709839496,25.77278302051232],[88.31736955428497,25.750950735274255],[88.32087707460127,25.73669910463274],[88.34396825001684,25.730028128587776],[88.37787427974098,25.71244100992378],[88.37495134614407,25.699705510201575],[88.40768820242944,25.679692582066686],[88.42113369697522,25.663015141954276],[88.43516377824038,25.667866760896064],[88.45620890013812,25.662711915770412],[88.4603010071738,25.640273178164623],[88.45036303294431,25.601157000446424],[88.47140815484205,25.5853892388856],[88.49829914393361,25.579931167576085],[88.49800685057392,25.56082791799278],[88.52431325294609,25.537479501835403],[88.53512810725465,25.537782728019266],[88.54272773460661,25.510189145287825],[88.55968074946868,25.51413108567803],[88.59358677919282,25.506853657265342],[88.60732456709829,25.51443431186189],[88.62398528860066,25.49896977648493],[88.64123059682242,25.49775687174948],[88.64766105073562,25.482898788740243],[88.66315259879924,25.47653103887914],[88.70699660275287,25.476834265063],[88.71225788322731,25.496847193197894],[88.74207180591577,25.501092359771963],[88.74294868599485,25.489569764785205],[88.76867050164765,25.496543967014034],[88.76165546101507,25.519285930803683],[88.78533122315002,25.51413108567803],[88.8019919446524,25.522318192642302],[88.8148528524788,25.490479443336792],[88.83589797437654,25.48107943163707],[88.83823632125406,25.465008443892383],[88.83151357398117,25.413459992635843],[88.81836037279508,25.410427730797224],[88.8402823747719,25.397995457258883],[88.8467128286851,25.36585348176951],[88.86746565722315,25.35281475586344],[88.87272693769758,25.33916957758965],[88.88938765919997,25.32673730405131],[88.90224856702636,25.33765344667034],[88.91686323501091,25.315517935248415],[88.93761606354894,25.306724375916417],[88.9837984143801,25.306421149732557],[89.00513582963754,25.300053399871455],[89.01244316362981,25.267304972014358],[88.98789052141578,25.270034007669114],[88.95603054520947,25.245775912960156],[88.96392246592113,25.210601675632162],[88.94053899714586,25.203627473403337],[88.94960009129628,25.181188735797548],[88.91949387524812,25.165724200420584],[88.89494123303409,25.18331131908458],[88.88208032520768,25.176337116855755],[88.87448069785573,25.19058874749727],[88.84934346892231,25.20999522326444],[88.83502109429746,25.207872639977403],[88.833559627499,25.194530687887475],[88.80900698528498,25.17391130738486],[88.78065452939497,25.17815647395893],[88.77743930243837,25.188162938026373],[88.75697876726001,25.17815647395893],[88.72687255121184,25.200898437748577],[88.6868283609342,25.20999522326444],[88.66958305271244,25.203324247219474],[88.62486216867974,25.20575005669037],[88.59300219247345,25.19331778315203],[88.58861779207808,25.181188735797548],[88.5684495502594,25.174517759752582],[88.55412717563456,25.19331778315203],[88.51408298535691,25.198775854461545],[88.48719199626535,25.21363393747078],[88.46702375444669,25.196046818806785],[88.44276340559234,25.20847909234513],[88.45007073958462,25.17087904554624],[88.46176247397224,25.145104819917968],[88.44831697942647,25.122969308496042],[88.45211679310245,25.070207952504052],[88.43808671183729,25.049285345817577],[88.45153220638306,25.029272417682684],[88.43779441847761,25.00774335862848],[88.41411865634264,24.995917537457863],[88.41207260282481,24.97469170458752],[88.40301150867438,24.970749764197315],[88.39804252155965,24.94406586001746],[88.37144382582778,24.952556193165595],[88.34689118361375,24.940123919627254],[88.3322765156292,24.916472277286015],[88.34659889025406,24.90131096809292],[88.34630659689437,24.884330301796645],[88.33432256914705,24.870988349706717],[88.32526147499662,24.880994813774162],[88.30626240661672,24.87917545667099],[88.27644848392825,24.891607730209333],[88.26621821633907,24.878265778119403],[88.26446445618093,24.914349693998982],[88.23874264052813,24.952252966981735],[88.22120503894668,24.958317490658974],[88.17589956819461,24.94558199093677],[88.14170124511077,24.92890455082436],[88.1694691142814,24.897975480070436],[88.15806967325346,24.891001277841607],[88.16099260685037,24.870685123522854],[88.17589956819461,24.862801242742442],[88.16157719356976,24.8503689692041],[88.14930087246273,24.853098004858857],[88.14345500526892,24.831568945804655],[88.13556308455726,24.833085076723965],[88.14111665839138,24.80367213688935],[88.13293244432005,24.803975363073214],[88.1276711638456,24.826717326862862],[88.11773318961612,24.81853021989859],[88.10837980210601,24.780626946915838],[88.07125854542528,24.769104351929084],[88.0738891856625,24.735143019336537],[88.06336662471362,24.71603976975323],[88.04787507665002,24.705426853318063],[88.01367675356619,24.669949389806206],[88.01747656724217,24.659033247187175],[88.05167489032598,24.630529985904147],[88.10311852163159,24.54653633297437],[88.14667023222552,24.50711692907231],[88.17794562171244,24.49074271514376],[88.1951909299342,24.46466526333163],[88.21535917175287,24.45435557308032],[88.2337736534134,24.453445894528734],[88.27001803001505,24.44222652572584],[88.30626240661672,24.405232931294677],[88.35449081096571,24.372787729621443],[88.39190436100614,24.371878051069856],[88.42025681689614,24.379155479482545],[88.44597863254894,24.376426443827786],[88.5079448248034,24.344587694522275],[88.52811306662207,24.341858658867515],[88.5462352549229,24.319116695077867],[88.55149653539735,24.30274248114932],[88.56728037682065,24.303652159700903],[88.57312624401446,24.32245218310035],[88.60586310029984,24.30941345719428],[88.61170896749366,24.316387659423107],[88.64064601010304,24.306381195355662],[88.67542891990627,24.31517475468766],[88.70378137579627,24.311232814297455],[88.7251187910537,24.299710219310697],[88.74119492583671,24.269084374740636],[88.73593364536227,24.224206899529058],[88.73388759184442,24.172355222088655],[88.74704079303052,24.15325197250535],[88.74791767310958,24.13839388949611],[88.73242612504598,24.12778097306094],[88.70144302891875,24.119897092280528],[88.70173532227844,24.09867125941019],[88.72950319144907,24.09745835467474],[88.72628796449247,24.0674389624724],[88.74031804575763,24.057129272221093],[88.74148721919639,24.015284058848138],[88.73096465824753,23.996180809264832],[88.76253234109413,24.009825987538623],[88.77510095556084,23.989206607036003],[88.73856428559948,23.97920014296856],[88.74470244615298,23.934625893940844],[88.73710281880102,23.91612909672526],[88.70816577619163,23.9158258705414],[88.70758118947225,23.9006645613483],[88.67075222615121,23.88580647833906],[88.66870617263336,23.873980657168442],[88.63684619642707,23.86306451454941],[88.6263236354782,23.87549678808775],[88.60644768701923,23.86609677638803],[88.59621741943005,23.872464526249132],[88.57984899128735,23.8615483836301],[88.59007925887653,23.853361276665826],[88.59154072567499,23.836380610369552],[88.60557080694015,23.81879349170556],[88.59066384559591,23.814245098947627],[88.59592512607034,23.80241927777701],[88.5848179784021,23.79059345660639],[88.56348056314467,23.78725796858391],[88.58277192488427,23.767245040449016],[88.5751722975323,23.726612731811507],[88.56815725689972,23.716909493927925],[88.57780293776952,23.672032018716347],[88.56611120338188,23.64201262651401],[88.59621741943005,23.638677138491527],[88.5941713659122,23.61684485325346],[88.58452568504241,23.60289644879581],[88.61083208741458,23.60289644879581],[88.64736875737594,23.61047710339236],[88.64298435698058,23.599257734589465],[88.66519865231709,23.551954449906994],[88.68799753437297,23.54103830728796],[88.69910468204122,23.51981247441762],[88.73096465824753,23.5104124627179],[88.74645620631114,23.483122106170317],[88.77422407548177,23.494947927340935],[88.79994589113456,23.49858664154728],[88.80316111809117,23.479483391963974],[88.79205397042291,23.468567249344943],[88.79351543722136,23.44279302371667],[88.76867050164765,23.445218833187567],[88.75639418054062,23.40003813179213],[88.76633215477011,23.37001873958979],[88.75025601998712,23.352431620925792],[88.73710281880102,23.350005811454896],[88.74002575239794,23.328779978584556],[88.74967143326774,23.322109002539595],[88.74557932623206,23.308463824265804],[88.73564135200257,23.318167062149385],[88.72628796449247,23.301489622036975],[88.71313476330639,23.31119285992056],[88.70056614883967,23.29421219362429],[88.72716484457155,23.27207668220236],[88.72365732425524,23.25509601590609],[88.75054831334681,23.23993470671299],[88.77071655516548,23.242360516183886],[88.7888387434663,23.22022500476196],[88.81748349271601,23.21901210002651],[88.81222221224158,23.25236698025133],[88.83414421421838,23.24721213512568],[88.8560662161952,23.227199206990786],[88.9165709416512,23.23235405211644],[88.92387827564349,23.211431445429962],[88.93352395651328,23.21446370726858],[88.9548613717707,23.20506369556886],[88.98262924094134,23.224470171336026],[88.99724390892588,23.211734671613822],[88.98555217453824,23.184747541250104],[88.97181438663279,23.194754005317552],[88.95866118544669,23.179592696124452],[88.94112358386525,23.171708815344036],[88.93440083659235,23.141082970773976],[88.91101736781708,23.124102304477702],[88.90049480686821,23.108637769100742],[88.87272693769758,23.09802485266557],[88.86951171074098,23.071644174669576],[88.87623445801387,23.06315384152144],[88.88149573848831,23.03161831839979],[88.87331152441696,23.004327961852212],[88.8499280556417,23.004631188036072],[88.87097317753944,22.992502140681594],[88.8718500576185,22.971579533995115],[88.86454272362624,22.957934355721324],[88.90020251350852,22.951869832044085],[88.89991022014883,22.929431094438296],[88.91686323501091,22.921547213657885],[88.90634067406202,22.906689130648644],[88.91247883461554,22.880308452652653],[88.94053899714586,22.872121345688377],[88.94901550457689,22.880308452652653],[88.97064521319402,22.84543744150852],[88.9612918256839,22.79722447827446],[88.94200046394431,22.78964382367791],[88.92212451548534,22.764779276601228],[88.92358598228378,22.736882467685923],[88.94170817058462,22.711714694425375],[88.96216870576298,22.694127575761378],[88.95018467801566,22.66289527882359],[88.93177019635513,22.64075976740167],[88.9393698237071,22.622262970186085],[88.95719971864824,22.60983069664774],[88.93703147682956,22.59436616127078],[88.93761606354894,22.569804840377955],[88.89640269983254,22.563437090516857],[88.8785728048914,22.544637067117414],[88.865711897065,22.5431209361981],[88.86717336386346,22.52341123424707],[88.84466677516727,22.500972496641282],[88.8592814431518,22.49884991335425],[88.85197410915953,22.456095021429704],[88.85957373651149,22.444875652626813],[88.8528509892386,22.43274660527233],[88.82625229350674,22.435475640927088],[88.82683688022613,22.450333723936325],[88.81426826575941,22.456398247613567],[88.81105303880281,22.48217247324184],[88.7794853559562,22.504914437031488],[88.80228423801209,22.443965974075226],[88.81894495951447,22.430320795801435],[88.84554365524633,22.43214015290461],[88.8560662161952,22.406062701092473],[88.85781997635334,22.37058523758062],[88.89172600607749,22.342688428665316],[88.90575608734265,22.31782388158863],[88.93673918346988,22.299933536740774],[88.9297241428373,22.263546394677334],[88.94930779793658,22.245656049829474],[88.95427678505132,22.226856026430028],[88.9200784619675,22.23292055010727],[88.90634067406202,22.1919850152859],[88.92124763540626,22.17530757517349],[88.91423259477368,22.166210789657626],[88.8975718732713,22.178036610828247],[88.88588013888366,22.167423694393076],[88.87214235097821,22.17136563478328],[88.86015832323088,22.205326967375825],[88.8467128286851,22.19016565818273],[88.82975981382303,22.210178586317618],[88.82742146694551,22.19501727712452],[88.83765173453469,22.176217253725074],[88.83239045406025,22.167120468209212],[88.80549946496869,22.182585003586176],[88.79468461066013,22.1704559562317],[88.77071655516548,22.185010813057072],[88.76808591492826,22.19380437238907],[88.74236409927546,22.2007785746179],[88.73359529848474,22.19562372949224],[88.69968926876061,22.210178586317618],[88.68098249374039,22.20926890776603],[88.65935278512326,22.21745601473031],[88.65263003785037,22.211088264869204],[88.63450784954955,22.21806246709803],[88.6578913183248,22.239288299968372],[88.67075222615121,22.272643180193192],[88.68507460077606,22.29781095345374],[88.680397907021,22.325707762369042],[88.67835185350317,22.29508191779898],[88.6578913183248,22.259907680470988],[88.65759902496512,22.25141734732285],[88.63100032923325,22.22291408603982],[88.64093830346275,22.20744955066286],[88.66753699919461,22.207752776846725],[88.6646140655977,22.185314039240936],[88.64327665034027,22.164088206370593],[88.64006142338367,22.142862373500254],[88.6263236354782,22.129823647594186],[88.61872400812624,22.105565552885228],[88.62866198235572,22.051591292157788],[88.635969316348,22.043100959009656],[88.61755483468747,22.020965447587727],[88.60206328662386,21.990339603017667],[88.59884805966726,21.96426215120553],[88.61492419445025,21.93697179465795],[88.60147869990448,21.905739497720166],[88.5783875244889,21.88936528379162],[88.57312624401446,21.906649176271753],[88.56172680298653,21.898765295491337],[88.54506608148414,21.90604272390403],[88.54769672172137,21.890578188527066],[88.53658957405311,21.85661685593452],[88.52811306662207,21.852978141728176],[88.49829914393361,21.873900748414655],[88.4953762103367,21.885726569585273],[88.5205134392701,21.91180402139741],[88.48309988922968,21.909984664294235],[88.47374650171957,21.895429807468858],[88.4567934868575,21.898462069307477],[88.46234706069163,21.922416937832576],[88.43311772472255,21.902707235881543],[88.42142599033491,21.907558854823336],[88.41382636298295,21.888758831423893],[88.39745793484026,21.885423343401413],[88.39395041452397,21.852371689360453],[88.38693537389139,21.84297167766073],[88.39073518756737,21.79900388100074],[88.38167409341696,21.79172645258805],[88.36355190511613,21.798700654816876],[88.35565998440447,21.82022971387108],[88.3547831043254,21.855707177382936],[88.32496918163693,21.862074927244038],[88.31123139373146,21.855403951199072],[88.30567781989734,21.830236177938527],[88.26329528274216,21.81386196400998],[88.25832629562743,21.80082323810391],[88.28200205776238,21.765042548408196],[88.27206408353288,21.730474763447926],[88.26300298938247,21.731687668183376],[88.27411013705073,21.752307048685992],[88.217112931911,21.76443609604047],[88.20951330455905,21.801429690471636],[88.1919757029776,21.83387489214487],[88.17794562171244,21.84903620133797],[88.1633309537279,21.87935881972417],[88.17706874163336,21.922113711648713],[88.15397756621779,21.960016984631466],[88.17882250179152,21.98215249605339],[88.2138977049544,22.034610625861518],[88.22442026590329,22.091313922243714],[88.2109747713575,22.131036552329636],[88.20308285064584,22.166817242025353],[88.18086855530935,22.1919850152859],[88.13264015096036,22.202294705537206],[88.11656401617736,22.20926890776603],[88.07272001222373,22.209875360133758],[88.08499633333075,22.235649585762026],[88.08850385364704,22.262636716125748],[88.10311852163159,22.288410941754016],[88.10487228178972,22.304785155682566],[88.08879614700673,22.303269024763253],[88.07915046613692,22.285681906099256],[88.07535065246095,22.25384315679375],[88.04904425008877,22.219881824201202],[88.02624536803289,22.222610859855962],[87.9938008051072,22.238681847600645],[87.96018706874275,22.27992060860588],[87.9584333085846,22.343598107216902],[87.9490799210745,22.399391725047508],[87.92657333237831,22.42213368883716],[87.92511186557985,22.433353057640055],[87.88097556826654,22.438204676581847],[87.89851316984799,22.421527236469437],[87.91254325111315,22.421527236469437],[87.92978855933491,22.40363689162158],[87.94703386755667,22.34966263089414],[87.94498781403883,22.326010988552905],[87.93300378629151,22.313881941198424],[87.94001882692409,22.260210906654848],[87.9715865097707,22.236559264313613],[87.97538632344668,22.222004407488235],[87.99000099143123,22.209572133949894],[88.02449160787475,22.199868896066313],[88.03004518170887,22.208359229214444],[88.04992113016785,22.205023741191965],[88.07301230558342,22.18713339634411],[88.10224164155251,22.1919850152859],[88.13556308455726,22.18470758687321],[88.14696252558521,22.166514015841493],[88.19372946313574,22.11193330274633],[88.18642212914347,22.09525586263392],[88.16450012716666,22.07130099410882],[88.08704238684858,22.02430093561021],[88.06219745127487,22.013081566807315],[88.02682995475227,22.047649351767582],[88.02946059498949,22.06705582753475],[87.99847749886226,22.08949456514054],[87.99000099143123,22.103746195782055],[87.96369458905905,22.103746195782055],[87.96486376249781,22.094346184082333],[87.98152448400019,22.098894576840266],[88.01104611332896,22.070391315557234],[88.01718427388246,22.041281601906483],[88.0323835285864,22.024907387977933],[88.05196718368569,22.01490092391049],[88.02127638091814,21.949707294380154],[88.00753859301267,21.91150079521354],[87.98795493791339,21.877539462621],[87.97567861680636,21.845094260947764],[87.96106394882183,21.825991011364458],[87.92628103901862,21.79475871442667],[87.89675940968985,21.782023214704466],[87.89646711633014,21.774139333924055],[87.86986842059828,21.745939298824887],[87.81462497561671,21.70075859742945],[87.78714939980577,21.688023097707244],[87.7547048368801,21.682261800213865],[87.74418227593122,21.668010169572355],[87.7067687258908,21.64466175341498],[87.66730912233253,21.6325327060605],[87.5977433027261,21.623435920544637],[87.55068407181588,21.61130687319016],[87.49017934635987,21.60251331385816]],[[87.49017934635987,21.60251331385816],[87.48637953268388,21.63101657514119],[87.47205715805904,21.650726277092218],[87.46299606390863,21.650119824724495],[87.47264174477843,21.682261800213865],[87.47498009165595,21.712281192416206],[87.44750451584501,21.747152203560336],[87.44370470216903,21.769287714982262],[87.37969245639673,21.772926429188608],[87.35660128098115,21.790513547852605],[87.34110973291754,21.7841457979915],[87.30311159615773,21.799307107184603],[87.29726572896391,21.810223249803634],[87.2849894078569,21.803855499942532],[87.25985217892348,21.848732975154107],[87.24932961797461,21.86116524869245],[87.25196025821184,21.87632655788555],[87.23939164374512,21.90028142641065],[87.25663695196688,21.925449199671196],[87.2399762304645,21.9381846993934],[87.23939164374512,21.95880407989602],[87.19963974682717,21.958197627528293],[87.17216417101623,21.977907329479322],[87.16514913038365,21.96699118686029],[87.16456454366427,21.938487925577263],[87.1414733682487,21.922416937832576],[87.1189667795525,21.926662104406645],[87.09821395101444,21.912410473765128],[87.09938312445321,21.865107189082657],[87.0584620540965,21.86571364145038],[87.03507858532123,21.86995880802445],[87.02484831773205,21.890274962343206],[87.00263402239554,21.912107247581268],[87.0102336497475,21.94515890162223],[87.03917069235689,21.993675091040146],[87.02689437124988,22.016417054829798],[87.03069418492586,22.03309449494221],[87.02250997085451,22.04552676848055],[87.00000338215833,22.05007516123848],[86.96200524539852,22.087675208037368],[86.91377684104953,22.090707469875987],[86.85297982223383,22.102533291046605],[86.83690368745083,22.099501029207985],[86.82842718001979,22.117088147871982],[86.81118187179803,22.118301052607432],[86.80533600460421,22.150139801912943],[86.79539803037473,22.158023682693354],[86.75739989361492,22.14801721862591],[86.72057093029387,22.147713992442046],[86.71794029005665,22.182281777402316],[86.72787826428615,22.21927537183348]],[[88.112179615782,26.538732360947744],[88.10662604194786,26.555106574876294],[88.1151025493789,26.56935820551781],[88.13147097752159,26.57269369354029],[88.13205556424097,26.602409859558765],[88.13994748495263,26.621209882958212],[88.1598234334116,26.635764739783585],[88.16654618068449,26.680945441179027],[88.18116084866904,26.70550676207185],[88.188760476021,26.729158404413084],[88.18496066234502,26.797081069598175],[88.16888452756203,26.838319830603407],[88.17589956819461,26.851661782693334],[88.1723920478783,26.868035996621884],[88.144331885348,26.889261829492224],[88.144331885348,26.9277715548427],[88.12328676345025,26.951423197183935],[88.13527079119757,26.98083613701855],[88.11597942945798,26.987810339247375],[88.0928882540424,27.00691358883068],[88.08587321340983,27.03359749301054],[88.06921249190745,27.031171683539643],[88.04582902313217,27.03814588576847],[88.02829142155072,27.0554297782486],[88.02507619459412,27.084842718083216],[88.01075381996927,27.10030725346018],[87.99321621838783,27.10788790805673],[87.99409309846689,27.126687931456175],[88.01543051372433,27.162165394968028],[88.01689198052279,27.216442881879328]],[[88.18320690218687,25.289440483436284],[88.18320690218687,25.289440483436284]],[[86.38940255376414,19.963575790084022],[86.38443356664939,19.978737099277122],[86.42623151708518,20.010272622398773],[86.41044767566189,19.986924206241397],[86.39349466079982,19.97691774217395],[86.38940255376414,19.963575790084022]],[[86.43236967763869,20.023311348304837],[86.43236967763869,20.023311348304837]],[[86.79072133661967,20.358679507656213],[86.79072133661967,20.358679507656213]],[[86.80738205812206,20.369595650275247],[86.80065931084917,20.390215030777863],[86.80972040499958,20.39597632827124],[86.80738205812206,20.369595650275247]],[[86.79510573701504,20.396279554455106],[86.78779840302276,20.405073113787104],[86.80007472412979,20.443582839137576],[86.80007472412979,20.49118935000391],[86.81001269835927,20.470873195685158],[86.81118187179803,20.44236993440213],[86.79510573701504,20.396279554455106]],[[87.0581697607368,20.733467070909654],[87.0581697607368,20.733467070909654]],[[87.07570736231825,20.747112249183445],[87.07570736231825,20.747112249183445]],[[87.09499872405785,20.75742193943475],[87.09499872405785,20.75742193943475]],[[86.99269604816605,20.778647772305092],[86.99269604816605,20.778647772305092]],[[86.88980878555488,20.786834879269364],[86.91114620081231,20.782589712695298],[86.94592911061551,20.78319616506302],[86.95411332468686,20.77531228428261],[86.8950700660293,20.77652518901806],[86.88980878555488,20.786834879269364]],[[87.07599965567795,20.775009058098746],[87.07599965567795,20.775009058098746]],[[86.99941879543894,20.795021986233643],[86.99941879543894,20.795021986233643]],[[86.99532668840327,20.847480116041766],[86.99532668840327,20.847480116041766]],[[87.49017934635987,21.60251331385816],[87.46884193110245,21.59796492110023],[87.42733627402635,21.5718874692881],[87.41242931268211,21.545506791292105],[87.40278363181231,21.547932600762998],[87.38436915015178,21.572797147839683],[87.34578642667259,21.58037780243623],[87.34374037315476,21.5694616598172],[87.37296970912385,21.56279068377224],[87.39547629782004,21.54217130326962],[87.39664547125881,21.532164839202174],[87.3615702680959,21.541261624718036],[87.23793017694668,21.537622910511693],[87.20460873394191,21.530345482099],[87.15024216903942,21.507906744493212],[87.1125363256393,21.483648649784254],[87.08827597678496,21.45908732889143],[87.06927690840506,21.461209912178468],[87.06547709472908,21.440893757859712],[87.04150903923443,21.41966792498937],[86.98655788761255,21.38873885423545],[86.94739057741397,21.352048485988142],[86.8950700660293,21.25774514280706],[86.86554843670054,21.22166122692748],[86.85268752887413,21.194674096563766],[86.84304184800433,21.157074049764873],[86.85473358239197,21.093699777337715],[86.87519411757033,21.043667457000485],[86.8982852929859,21.008796445856355],[86.91143849417199,20.978170601286294],[86.95382103132717,20.897512436378996],[86.97866596690089,20.861125294315556],[86.98012743369935,20.82231234278122],[86.97428156650552,20.79320262913047],[86.95879001844192,20.78713810545323],[86.94183700357985,20.79198972439502],[86.88513209179982,20.794112307682056],[86.88220915820291,20.808060712139707],[86.87168659725404,20.79350585531433],[86.82316589954536,20.769247760605367],[86.81878149914999,20.752873546676824],[86.79861325733133,20.754692903779993],[86.79802867061194,20.73771223748372],[86.82316589954536,20.732557392358068],[86.83076552689732,20.754996129963857],[86.8570719292695,20.772583248627853],[86.88133227812384,20.773189700995577],[86.90471574689911,20.761667106008822],[86.92166876176117,20.765912272582888],[86.95119039108995,20.76288001074427],[86.98509642081409,20.77228002244399],[86.99941879543894,20.76288001074427],[87.00964906302812,20.727402547232415],[86.99795732864048,20.70981542856842],[86.94388305709768,20.717396083164967],[86.91202308089137,20.71466704751021],[86.90968473401385,20.706479940545933],[86.92897609575344,20.703144452523453],[86.9690202860311,20.705873488178213],[86.97778908682182,20.697079928846215],[87.01461805014287,20.694350893191455],[87.05436994706082,20.71527349987793],[87.01520263686224,20.683434750572424],[86.94183700357985,20.638254049176986],[86.85561046247105,20.573970098198238],[86.82287360618567,20.55638297953424],[86.78721381630339,20.5287893968028],[86.76967621472193,20.505440980645425],[86.75389237329863,20.51514421852901],[86.76032282721182,20.493615159474807],[86.74892338618389,20.471782874236744],[86.72553991740861,20.479363528833293],[86.73869311859471,20.460260279249987],[86.73284725140088,20.440550577298957],[86.73313954476058,20.410531185096616],[86.7229092771714,20.396279554455106],[86.71209442286283,20.39900859010986],[86.72700138420707,20.37747953105566],[86.73547789163811,20.39415697116807],[86.75126173306141,20.379602114342696],[86.77376832175761,20.390518256961727],[86.78107565574987,20.380815019078142],[86.77786042879328,20.343821424646976],[86.7839985893468,20.32593107979912],[86.75710760025522,20.30804073495126],[86.69280306112324,20.274079402358716],[86.67292711266427,20.268014878681477],[86.67380399274333,20.258311640797892],[86.58640827819578,20.21464707032176],[86.53817987384679,20.180079285361494],[86.52707272617853,20.16764701182315],[86.47972120190862,20.091537239673787],[86.46013754680934,20.0754662519291],[86.44698434562324,20.05605977616193],[86.42798527724334,20.051511383404005],[86.40080199479209,19.99935647977974],[86.38209521977187,20.001175836882908],[86.37858769945558,19.982375813483465],[86.3683574318664,19.974795158886916],[86.36660367170825,19.9478080285232],[86.29879161225998,19.934466076433267],[86.24150211376057,19.909298303172722],[86.24617880751563,19.92264025526265],[86.22542597897757,19.931433814594648],[86.22104157858222,19.908691850805],[86.22864120593417,19.894440220163485],[86.19648893636818,19.88352407754445],[86.16667501367971,19.878369232418798],[86.09243250031824,19.853807911525976],[86.06846444482359,19.852291780606663],[86.04537326940802,19.841375637987632],[85.97376139628375,19.83318853102336],[85.9088722704324,19.81984657893343],[85.8863656817362,19.81074979341757],[85.82059967580575,19.7913433176504],[85.69637499793714,19.751317461380616],[85.62943981856793,19.714323866949453],[85.56981197319101,19.68824641513732],[85.56338151927781,19.682485117643942],[85.46750929729922,19.640639904270984],[85.44471041524332,19.632452797306712],[85.35088424678256,19.58393660788879],[85.21409095444724,19.49418165746564],[85.1775542844859,19.46325258671171],[85.12698753325937,19.427168670832135],[85.09980425080812,19.403517028490896],[85.09220462345615,19.3795621599658],[85.03871493863274,19.3492395415796],[84.99720928155664,19.320736280296572],[84.93816602289908,19.284045912049265],[84.89081449862917,19.244020055779483],[84.82475619933903,19.17427803349122],[84.79961897040562,19.138194117611643],[84.77623550163035,19.08785857109055],[84.76863587427839,19.079974690310138]]]}